ISO-10303-21;
HEADER;
FILE_DESCRIPTION(('FreeCAD Model'),'2;1');
FILE_NAME('Open CASCADE Shape Model','2026-03-02T16:10:30',('Author'),(
    ''),'Open CASCADE STEP processor 7.8','FreeCAD','Unknown');
FILE_SCHEMA((
'AP242_MANAGED_MODEL_BASED_3D_ENGINEERING_MIM_LF. {1 0 10303 442 1 1 4 
}'));
ENDSEC;
DATA;
#1 = APPLICATION_PROTOCOL_DEFINITION('international standard',
  'ap242_managed_model_based_3d_engineering',2013,#2);
#2 = APPLICATION_CONTEXT('Managed model based 3d engineering');
#3 = SHAPE_DEFINITION_REPRESENTATION(#4,#10);
#4 = PRODUCT_DEFINITION_SHAPE('','',#5);
#5 = PRODUCT_DEFINITION('design','',#6,#9);
#6 = PRODUCT_DEFINITION_FORMATION('','',#7);
#7 = PRODUCT('Assembly','Assembly','',(#8));
#8 = PRODUCT_CONTEXT('',#2,'mechanical');
#9 = PRODUCT_DEFINITION_CONTEXT('part definition',#2,'design');
#10 = SHAPE_REPRESENTATION('',(#11,#15,#19,#23,#27,#31,#35,#39,#43,#47,
    #51,#55,#59,#63),#67);
#11 = AXIS2_PLACEMENT_3D('',#12,#13,#14);
#12 = CARTESIAN_POINT('',(0.,0.,0.));
#13 = DIRECTION('',(0.,0.,1.));
#14 = DIRECTION('',(1.,0.,-0.));
#15 = AXIS2_PLACEMENT_3D('',#16,#17,#18);
#16 = CARTESIAN_POINT('',(-206.5170288085,40.255699157715,
    364.26800537109));
#17 = DIRECTION('',(0.,0.,1.));
#18 = DIRECTION('',(1.,0.,0.));
#19 = AXIS2_PLACEMENT_3D('',#20,#21,#22);
#20 = CARTESIAN_POINT('',(-206.5170288085,99.415699157715,
    364.26800537109));
#21 = DIRECTION('',(-0.,0.,1.));
#22 = DIRECTION('',(0.999989267829,-4.632950059267E-03,0.));
#23 = AXIS2_PLACEMENT_3D('',#24,#25,#26);
#24 = CARTESIAN_POINT('',(-202.9316877521,230.96951641122,
    229.24670342923));
#25 = DIRECTION('',(2.026526400826E-03,0.437411287808,0.899259283238));
#26 = DIRECTION('',(0.999989267829,-4.632950059323E-03,
    5.170579729327E-16));
#27 = AXIS2_PLACEMENT_3D('',#28,#29,#30);
#28 = CARTESIAN_POINT('',(-205.4688667447,390.40757205825,
    208.42086768647));
#29 = DIRECTION('',(1.831142555716E-03,0.395239076644,0.918576463453));
#30 = DIRECTION('',(0.999989267829,-4.632950059323E-03,1.7311000422E-15)
  );
#31 = AXIS2_PLACEMENT_3D('',#32,#33,#34);
#32 = CARTESIAN_POINT('',(-210.0753214669,432.19406070204,
    196.61955425438));
#33 = DIRECTION('',(2.084393336159E-03,0.449901453589,0.893075773584));
#34 = DIRECTION('',(0.999989267829,-4.632950059323E-03,
    1.453390187557E-15));
#35 = AXIS2_PLACEMENT_3D('',#36,#37,#38);
#36 = CARTESIAN_POINT('',(-215.534833234,-1.246729639524E+03,
    276.4771593578));
#37 = DIRECTION('',(3.392454376808E-03,0.732237111337,-0.681041337978));
#38 = DIRECTION('',(0.999989267829,-4.632950059323E-03,
    1.861887793204E-15));
#39 = AXIS2_PLACEMENT_3D('',#40,#41,#42);
#40 = CARTESIAN_POINT('',(-212.0889443908,-2.43210353169,-20.38628636038
    ));
#41 = DIRECTION('',(3.944089081718E-03,0.851303532863,0.524658688192));
#42 = DIRECTION('',(0.999989267829,-4.632950059323E-03,
    1.465569108225E-15));
#43 = AXIS2_PLACEMENT_3D('',#44,#45,#46);
#44 = CARTESIAN_POINT('',(-209.106385692,136.25419380278,268.96319574495
    ));
#45 = DIRECTION('',(1.845049405543E-03,0.398240771114,0.917279065506));
#46 = DIRECTION('',(0.999989267829,-4.632950059323E-03,
    -5.25430455893E-16));
#47 = AXIS2_PLACEMENT_3D('',#48,#49,#50);
#48 = CARTESIAN_POINT('',(-208.726583851,108.58235762312,238.80529805216
    ));
#49 = DIRECTION('',(1.845049405543E-03,0.398240771114,0.917279065506));
#50 = DIRECTION('',(0.999989267829,-4.632950059323E-03,
    4.213523094089E-16));
#51 = AXIS2_PLACEMENT_3D('',#52,#53,#54);
#52 = CARTESIAN_POINT('',(-203.7089608032,310.95216213757,
    236.71125566035));
#53 = DIRECTION('',(2.678462640767E-03,0.57812708118,0.815942341004));
#54 = DIRECTION('',(0.999989267829,-4.632950059323E-03,
    1.780223579257E-15));
#55 = AXIS2_PLACEMENT_3D('',#56,#57,#58);
#56 = CARTESIAN_POINT('',(-203.0270581761,347.62324786744,
    221.92180548249));
#57 = DIRECTION('',(2.678462640768E-03,0.57812708118,0.815942341004));
#58 = DIRECTION('',(0.999989267829,-4.632950059323E-03,
    7.474778267112E-16));
#59 = AXIS2_PLACEMENT_3D('',#60,#61,#62);
#60 = CARTESIAN_POINT('',(-205.3550855986,395.97204492723,
    110.55505260248));
#61 = DIRECTION('',(2.365955428257E-03,0.510674625482,0.859770800355));
#62 = DIRECTION('',(0.999989267829,-4.632950059324E-03,
    2.660188556882E-15));
#63 = AXIS2_PLACEMENT_3D('',#64,#65,#66);
#64 = CARTESIAN_POINT('',(-205.4034412703,417.47990622491,
    46.504500967597));
#65 = DIRECTION('',(2.435112819188E-03,0.525601755677,0.850727256326));
#66 = DIRECTION('',(0.999989267829,-4.632950059323E-03,
    1.930322711132E-15));
#67 = ( GEOMETRIC_REPRESENTATION_CONTEXT(3) 
GLOBAL_UNCERTAINTY_ASSIGNED_CONTEXT((#71)) GLOBAL_UNIT_ASSIGNED_CONTEXT(
(#68,#69,#70)) REPRESENTATION_CONTEXT('Context #1',
  '3D Context with UNIT and UNCERTAINTY') );
#68 = ( LENGTH_UNIT() NAMED_UNIT(*) SI_UNIT(.MILLI.,.METRE.) );
#69 = ( NAMED_UNIT(*) PLANE_ANGLE_UNIT() SI_UNIT($,.RADIAN.) );
#70 = ( NAMED_UNIT(*) SI_UNIT($,.STERADIAN.) SOLID_ANGLE_UNIT() );
#71 = UNCERTAINTY_MEASURE_WITH_UNIT(LENGTH_MEASURE(1.E-05),#68,
  'distance_accuracy_value','confusion accuracy');
#72 = PRODUCT_RELATED_PRODUCT_CATEGORY('part',$,(#7));
#73 = SHAPE_DEFINITION_REPRESENTATION(#74,#80);
#74 = PRODUCT_DEFINITION_SHAPE('','',#75);
#75 = PRODUCT_DEFINITION('design','',#76,#79);
#76 = PRODUCT_DEFINITION_FORMATION('','',#77);
#77 = PRODUCT('BasePin','BasePin','',(#78));
#78 = PRODUCT_CONTEXT('',#2,'mechanical');
#79 = PRODUCT_DEFINITION_CONTEXT('part definition',#2,'design');
#80 = ADVANCED_BREP_SHAPE_REPRESENTATION('',(#11,#81),#134);
#81 = MANIFOLD_SOLID_BREP('',#82);
#82 = CLOSED_SHELL('',(#83,#116,#125));
#83 = ADVANCED_FACE('',(#84),#111,.T.);
#84 = FACE_BOUND('',#85,.F.);
#85 = EDGE_LOOP('',(#86,#96,#103,#104));
#86 = ORIENTED_EDGE('',*,*,#87,.T.);
#87 = EDGE_CURVE('',#88,#90,#92,.T.);
#88 = VERTEX_POINT('',#89);
#89 = CARTESIAN_POINT('',(0.,69.16,0.));
#90 = VERTEX_POINT('',#91);
#91 = CARTESIAN_POINT('',(-1.6E-14,69.16,100.));
#92 = LINE('',#93,#94);
#93 = CARTESIAN_POINT('',(2.45E-15,69.16,0.));
#94 = VECTOR('',#95,1.);
#95 = DIRECTION('',(0.,0.,1.));
#96 = ORIENTED_EDGE('',*,*,#97,.T.);
#97 = EDGE_CURVE('',#90,#90,#98,.T.);
#98 = CIRCLE('',#99,10.);
#99 = AXIS2_PLACEMENT_3D('',#100,#101,#102);
#100 = CARTESIAN_POINT('',(0.,59.16,100.));
#101 = DIRECTION('',(0.,-0.,1.));
#102 = DIRECTION('',(0.,1.,0.));
#103 = ORIENTED_EDGE('',*,*,#87,.F.);
#104 = ORIENTED_EDGE('',*,*,#105,.F.);
#105 = EDGE_CURVE('',#88,#88,#106,.T.);
#106 = CIRCLE('',#107,10.);
#107 = AXIS2_PLACEMENT_3D('',#108,#109,#110);
#108 = CARTESIAN_POINT('',(0.,59.16,0.));
#109 = DIRECTION('',(0.,-0.,1.));
#110 = DIRECTION('',(0.,1.,0.));
#111 = CYLINDRICAL_SURFACE('',#112,10.);
#112 = AXIS2_PLACEMENT_3D('',#113,#114,#115);
#113 = CARTESIAN_POINT('',(0.,59.16,0.));
#114 = DIRECTION('',(0.,0.,-1.));
#115 = DIRECTION('',(0.,1.,0.));
#116 = ADVANCED_FACE('',(#117),#120,.F.);
#117 = FACE_BOUND('',#118,.T.);
#118 = EDGE_LOOP('',(#119));
#119 = ORIENTED_EDGE('',*,*,#105,.F.);
#120 = PLANE('',#121);
#121 = AXIS2_PLACEMENT_3D('',#122,#123,#124);
#122 = CARTESIAN_POINT('',(0.,59.16,0.));
#123 = DIRECTION('',(0.,0.,1.));
#124 = DIRECTION('',(0.,1.,0.));
#125 = ADVANCED_FACE('',(#126),#129,.T.);
#126 = FACE_BOUND('',#127,.F.);
#127 = EDGE_LOOP('',(#128));
#128 = ORIENTED_EDGE('',*,*,#97,.F.);
#129 = PLANE('',#130);
#130 = AXIS2_PLACEMENT_3D('',#131,#132,#133);
#131 = CARTESIAN_POINT('',(0.,59.16,100.));
#132 = DIRECTION('',(0.,0.,1.));
#133 = DIRECTION('',(0.,1.,0.));
#134 = ( GEOMETRIC_REPRESENTATION_CONTEXT(3) 
GLOBAL_UNCERTAINTY_ASSIGNED_CONTEXT((#138)) GLOBAL_UNIT_ASSIGNED_CONTEXT
((#135,#136,#137)) REPRESENTATION_CONTEXT('Context #1',
  '3D Context with UNIT and UNCERTAINTY') );
#135 = ( LENGTH_UNIT() NAMED_UNIT(*) SI_UNIT(.MILLI.,.METRE.) );
#136 = ( NAMED_UNIT(*) PLANE_ANGLE_UNIT() SI_UNIT($,.RADIAN.) );
#137 = ( NAMED_UNIT(*) SI_UNIT($,.STERADIAN.) SOLID_ANGLE_UNIT() );
#138 = UNCERTAINTY_MEASURE_WITH_UNIT(LENGTH_MEASURE(1.E-07),#135,
  'distance_accuracy_value','confusion accuracy');
#139 = CONTEXT_DEPENDENT_SHAPE_REPRESENTATION(#140,#142);
#140 = ( REPRESENTATION_RELATIONSHIP('','',#80,#10) 
REPRESENTATION_RELATIONSHIP_WITH_TRANSFORMATION(#141) 
SHAPE_REPRESENTATION_RELATIONSHIP() );
#141 = ITEM_DEFINED_TRANSFORMATION('','',#11,#15);
#142 = PRODUCT_DEFINITION_SHAPE('Placement','Placement of an item',#143
  );
#143 = NEXT_ASSEMBLY_USAGE_OCCURRENCE('1','BasePin001','',#5,#75,$);
#144 = PRODUCT_RELATED_PRODUCT_CATEGORY('part',$,(#77));
#145 = SHAPE_DEFINITION_REPRESENTATION(#146,#152);
#146 = PRODUCT_DEFINITION_SHAPE('','',#147);
#147 = PRODUCT_DEFINITION('design','',#148,#151);
#148 = PRODUCT_DEFINITION_FORMATION('','',#149);
#149 = PRODUCT('Base','Base','',(#150));
#150 = PRODUCT_CONTEXT('',#2,'mechanical');
#151 = PRODUCT_DEFINITION_CONTEXT('part definition',#2,'design');
#152 = ADVANCED_BREP_SHAPE_REPRESENTATION('',(#11,#153),#1573);
#153 = MANIFOLD_SOLID_BREP('',#154);
#154 = CLOSED_SHELL('',(#155,#224,#255,#280,#305,#329,#353,#483,#508,
    #525,#563,#626,#687,#711,#781,#841,#865,#918,#995,#1019,#1080,#1136,
    #1154,#1179,#1206,#1223,#1273,#1290,#1331,#1343,#1360,#1377,#1389,
    #1406,#1418,#1440,#1452,#1464,#1481,#1498,#1515,#1527,#1539,#1556));
#155 = ADVANCED_FACE('',(#156,#208),#219,.T.);
#156 = FACE_BOUND('',#157,.T.);
#157 = EDGE_LOOP('',(#158,#168,#177,#185,#193,#201));
#158 = ORIENTED_EDGE('',*,*,#159,.T.);
#159 = EDGE_CURVE('',#160,#162,#164,.T.);
#160 = VERTEX_POINT('',#161);
#161 = CARTESIAN_POINT('',(-30.,-38.82620606324,106.));
#162 = VERTEX_POINT('',#163);
#163 = CARTESIAN_POINT('',(-30.,-38.77075908679,106.));
#164 = LINE('',#165,#166);
#165 = CARTESIAN_POINT('',(-30.,-59.8787016455,106.));
#166 = VECTOR('',#167,1.);
#167 = DIRECTION('',(0.,1.,0.));
#168 = ORIENTED_EDGE('',*,*,#169,.T.);
#169 = EDGE_CURVE('',#162,#170,#172,.T.);
#170 = VERTEX_POINT('',#171);
#171 = CARTESIAN_POINT('',(-30.,-25.34781506248,98.348872481061));
#172 = CIRCLE('',#173,15.6);
#173 = AXIS2_PLACEMENT_3D('',#174,#175,#176);
#174 = CARTESIAN_POINT('',(-30.,-38.77075908679,90.4));
#175 = DIRECTION('',(-1.,-0.,-6.7E-16));
#176 = DIRECTION('',(6.7E-16,0.,-1.));
#177 = ORIENTED_EDGE('',*,*,#178,.F.);
#178 = EDGE_CURVE('',#179,#170,#181,.T.);
#179 = VERTEX_POINT('',#180);
#180 = CARTESIAN_POINT('',(-30.,-14.48187929913,80.));
#181 = LINE('',#182,#183);
#182 = CARTESIAN_POINT('',(-30.,-14.48187929913,80.));
#183 = VECTOR('',#184,1.);
#184 = DIRECTION('',(-9.3E-16,-0.50954310776,0.860445129764));
#185 = ORIENTED_EDGE('',*,*,#186,.F.);
#186 = EDGE_CURVE('',#187,#179,#189,.T.);
#187 = VERTEX_POINT('',#188);
#188 = CARTESIAN_POINT('',(-30.,-44.48187929913,80.));
#189 = LINE('',#190,#191);
#190 = CARTESIAN_POINT('',(-30.,-44.48187929913,80.));
#191 = VECTOR('',#192,1.);
#192 = DIRECTION('',(0.,1.,0.));
#193 = ORIENTED_EDGE('',*,*,#194,.T.);
#194 = EDGE_CURVE('',#187,#195,#197,.T.);
#195 = VERTEX_POINT('',#196);
#196 = CARTESIAN_POINT('',(-30.,-49.1515476204,87.885482706876));
#197 = LINE('',#198,#199);
#198 = CARTESIAN_POINT('',(-30.,-44.48187929913,80.));
#199 = VECTOR('',#200,1.);
#200 = DIRECTION('',(-9.3E-16,-0.50954310776,0.860445129764));
#201 = ORIENTED_EDGE('',*,*,#202,.T.);
#202 = EDGE_CURVE('',#195,#160,#203,.T.);
#203 = CIRCLE('',#204,12.);
#204 = AXIS2_PLACEMENT_3D('',#205,#206,#207);
#205 = CARTESIAN_POINT('',(-30.,-38.82620606324,94.));
#206 = DIRECTION('',(-1.,0.,-6.7E-16));
#207 = DIRECTION('',(-6.7E-16,0.,1.));
#208 = FACE_BOUND('',#209,.T.);
#209 = EDGE_LOOP('',(#210));
#210 = ORIENTED_EDGE('',*,*,#211,.T.);
#211 = EDGE_CURVE('',#212,#212,#214,.T.);
#212 = VERTEX_POINT('',#213);
#213 = CARTESIAN_POINT('',(-30.,-45.04444206723,94.459258343213));
#214 = CIRCLE('',#215,7.);
#215 = AXIS2_PLACEMENT_3D('',#216,#217,#218);
#216 = CARTESIAN_POINT('',(-30.,-38.04444206723,94.459258343213));
#217 = DIRECTION('',(1.,0.,1.19E-15));
#218 = DIRECTION('',(0.,-1.,0.));
#219 = PLANE('',#220);
#220 = AXIS2_PLACEMENT_3D('',#221,#222,#223);
#221 = CARTESIAN_POINT('',(-30.,-44.48187929913,80.));
#222 = DIRECTION('',(-1.,0.,-1.08E-15));
#223 = DIRECTION('',(0.,1.,0.));
#224 = ADVANCED_FACE('',(#225),#250,.F.);
#225 = FACE_BOUND('',#226,.F.);
#226 = EDGE_LOOP('',(#227,#228,#236,#244));
#227 = ORIENTED_EDGE('',*,*,#159,.T.);
#228 = ORIENTED_EDGE('',*,*,#229,.T.);
#229 = EDGE_CURVE('',#162,#230,#232,.T.);
#230 = VERTEX_POINT('',#231);
#231 = CARTESIAN_POINT('',(-15.,-38.77075908679,106.));
#232 = LINE('',#233,#234);
#233 = CARTESIAN_POINT('',(-30.,-38.77075908679,106.));
#234 = VECTOR('',#235,1.);
#235 = DIRECTION('',(1.,0.,6.7E-16));
#236 = ORIENTED_EDGE('',*,*,#237,.T.);
#237 = EDGE_CURVE('',#230,#238,#240,.T.);
#238 = VERTEX_POINT('',#239);
#239 = CARTESIAN_POINT('',(-15.,-38.82620606324,106.));
#240 = LINE('',#241,#242);
#241 = CARTESIAN_POINT('',(-15.,-29.8787016455,106.));
#242 = VECTOR('',#243,1.);
#243 = DIRECTION('',(0.,-1.,0.));
#244 = ORIENTED_EDGE('',*,*,#245,.T.);
#245 = EDGE_CURVE('',#238,#160,#246,.T.);
#246 = LINE('',#247,#248);
#247 = CARTESIAN_POINT('',(-15.,-38.82620606324,106.));
#248 = VECTOR('',#249,1.);
#249 = DIRECTION('',(-1.,0.,-6.7E-16));
#250 = PLANE('',#251);
#251 = AXIS2_PLACEMENT_3D('',#252,#253,#254);
#252 = CARTESIAN_POINT('',(-22.5,-44.8787016455,106.));
#253 = DIRECTION('',(2.2E-16,-0.,-1.));
#254 = DIRECTION('',(-1.,0.,-2.2E-16));
#255 = ADVANCED_FACE('',(#256),#275,.T.);
#256 = FACE_BOUND('',#257,.F.);
#257 = EDGE_LOOP('',(#258,#259,#267,#274));
#258 = ORIENTED_EDGE('',*,*,#169,.T.);
#259 = ORIENTED_EDGE('',*,*,#260,.T.);
#260 = EDGE_CURVE('',#170,#261,#263,.T.);
#261 = VERTEX_POINT('',#262);
#262 = CARTESIAN_POINT('',(-15.,-25.34781506248,98.348872481061));
#263 = LINE('',#264,#265);
#264 = CARTESIAN_POINT('',(-30.,-25.34781506248,98.348872481061));
#265 = VECTOR('',#266,1.);
#266 = DIRECTION('',(1.,0.,6.7E-16));
#267 = ORIENTED_EDGE('',*,*,#268,.F.);
#268 = EDGE_CURVE('',#230,#261,#269,.T.);
#269 = CIRCLE('',#270,15.6);
#270 = AXIS2_PLACEMENT_3D('',#271,#272,#273);
#271 = CARTESIAN_POINT('',(-15.,-38.77075908679,90.4));
#272 = DIRECTION('',(-1.,-0.,-6.7E-16));
#273 = DIRECTION('',(6.7E-16,0.,-1.));
#274 = ORIENTED_EDGE('',*,*,#229,.F.);
#275 = CYLINDRICAL_SURFACE('',#276,15.6);
#276 = AXIS2_PLACEMENT_3D('',#277,#278,#279);
#277 = CARTESIAN_POINT('',(-30.,-38.77075908679,90.4));
#278 = DIRECTION('',(1.,0.,6.7E-16));
#279 = DIRECTION('',(-6.7E-16,0.,1.));
#280 = ADVANCED_FACE('',(#281),#300,.T.);
#281 = FACE_BOUND('',#282,.T.);
#282 = EDGE_LOOP('',(#283,#292,#293,#294));
#283 = ORIENTED_EDGE('',*,*,#284,.T.);
#284 = EDGE_CURVE('',#285,#238,#287,.T.);
#285 = VERTEX_POINT('',#286);
#286 = CARTESIAN_POINT('',(-15.,-49.1515476204,87.885482706876));
#287 = CIRCLE('',#288,12.);
#288 = AXIS2_PLACEMENT_3D('',#289,#290,#291);
#289 = CARTESIAN_POINT('',(-15.,-38.82620606324,94.));
#290 = DIRECTION('',(-1.,0.,-6.7E-16));
#291 = DIRECTION('',(-6.7E-16,0.,1.));
#292 = ORIENTED_EDGE('',*,*,#245,.T.);
#293 = ORIENTED_EDGE('',*,*,#202,.F.);
#294 = ORIENTED_EDGE('',*,*,#295,.F.);
#295 = EDGE_CURVE('',#285,#195,#296,.T.);
#296 = LINE('',#297,#298);
#297 = CARTESIAN_POINT('',(-15.,-49.1515476204,87.885482706876));
#298 = VECTOR('',#299,1.);
#299 = DIRECTION('',(-1.,0.,-6.7E-16));
#300 = CYLINDRICAL_SURFACE('',#301,12.);
#301 = AXIS2_PLACEMENT_3D('',#302,#303,#304);
#302 = CARTESIAN_POINT('',(-15.,-38.82620606324,94.));
#303 = DIRECTION('',(-1.,0.,-6.7E-16));
#304 = DIRECTION('',(3.413938821994E-16,-0.860445129764,-0.50954310776)
  );
#305 = ADVANCED_FACE('',(#306),#324,.T.);
#306 = FACE_BOUND('',#307,.T.);
#307 = EDGE_LOOP('',(#308,#309,#310,#318));
#308 = ORIENTED_EDGE('',*,*,#178,.T.);
#309 = ORIENTED_EDGE('',*,*,#260,.T.);
#310 = ORIENTED_EDGE('',*,*,#311,.F.);
#311 = EDGE_CURVE('',#312,#261,#314,.T.);
#312 = VERTEX_POINT('',#313);
#313 = CARTESIAN_POINT('',(-15.,-14.48187929913,80.));
#314 = LINE('',#315,#316);
#315 = CARTESIAN_POINT('',(-15.,-14.48187929913,80.));
#316 = VECTOR('',#317,1.);
#317 = DIRECTION('',(-9.3E-16,-0.50954310776,0.860445129764));
#318 = ORIENTED_EDGE('',*,*,#319,.F.);
#319 = EDGE_CURVE('',#179,#312,#320,.T.);
#320 = LINE('',#321,#322);
#321 = CARTESIAN_POINT('',(-30.,-14.48187929913,80.));
#322 = VECTOR('',#323,1.);
#323 = DIRECTION('',(1.,0.,2.2E-16));
#324 = PLANE('',#325);
#325 = AXIS2_PLACEMENT_3D('',#326,#327,#328);
#326 = CARTESIAN_POINT('',(-30.,-14.48187929913,80.));
#327 = DIRECTION('',(-2.8E-16,0.860445129764,0.50954310776));
#328 = DIRECTION('',(1.,-4.598339533307E-18,5.572769301199E-16));
#329 = ADVANCED_FACE('',(#330),#348,.T.);
#330 = FACE_BOUND('',#331,.T.);
#331 = EDGE_LOOP('',(#332,#340,#341,#342));
#332 = ORIENTED_EDGE('',*,*,#333,.T.);
#333 = EDGE_CURVE('',#334,#285,#336,.T.);
#334 = VERTEX_POINT('',#335);
#335 = CARTESIAN_POINT('',(-15.,-44.48187929913,80.));
#336 = LINE('',#337,#338);
#337 = CARTESIAN_POINT('',(-15.,-44.48187929913,80.));
#338 = VECTOR('',#339,1.);
#339 = DIRECTION('',(-9.3E-16,-0.50954310776,0.860445129764));
#340 = ORIENTED_EDGE('',*,*,#295,.T.);
#341 = ORIENTED_EDGE('',*,*,#194,.F.);
#342 = ORIENTED_EDGE('',*,*,#343,.F.);
#343 = EDGE_CURVE('',#334,#187,#344,.T.);
#344 = LINE('',#345,#346);
#345 = CARTESIAN_POINT('',(30.,-44.48187929913,80.));
#346 = VECTOR('',#347,1.);
#347 = DIRECTION('',(-1.,0.,-2.2E-16));
#348 = PLANE('',#349);
#349 = AXIS2_PLACEMENT_3D('',#350,#351,#352);
#350 = CARTESIAN_POINT('',(-15.,-44.48187929913,80.));
#351 = DIRECTION('',(2.8E-16,-0.860445129764,-0.50954310776));
#352 = DIRECTION('',(-1.,4.598339533307E-18,-5.572769301199E-16));
#353 = ADVANCED_FACE('',(#354,#467),#478,.F.);
#354 = FACE_BOUND('',#355,.F.);
#355 = EDGE_LOOP('',(#356,#366,#375,#383,#391,#399,#407,#415,#423,#431,
    #437,#443,#444,#445,#453,#461));
#356 = ORIENTED_EDGE('',*,*,#357,.F.);
#357 = EDGE_CURVE('',#358,#360,#362,.T.);
#358 = VERTEX_POINT('',#359);
#359 = CARTESIAN_POINT('',(-22.59275171965,10.703624140174,80.));
#360 = VERTEX_POINT('',#361);
#361 = CARTESIAN_POINT('',(-44.,-34.48187929913,80.));
#362 = LINE('',#363,#364);
#363 = CARTESIAN_POINT('',(-22.59275171965,10.703624140174,80.));
#364 = VECTOR('',#365,1.);
#365 = DIRECTION('',(-0.428144965607,-0.903710068786,-1.E-16));
#366 = ORIENTED_EDGE('',*,*,#367,.T.);
#367 = EDGE_CURVE('',#358,#368,#370,.T.);
#368 = VERTEX_POINT('',#369);
#369 = CARTESIAN_POINT('',(22.592751719653,10.703624140173,80.));
#370 = CIRCLE('',#371,25.);
#371 = AXIS2_PLACEMENT_3D('',#372,#373,#374);
#372 = CARTESIAN_POINT('',(0.,0.,80.));
#373 = DIRECTION('',(2.2E-16,0.,-1.));
#374 = DIRECTION('',(0.,1.,0.));
#375 = ORIENTED_EDGE('',*,*,#376,.F.);
#376 = EDGE_CURVE('',#377,#368,#379,.T.);
#377 = VERTEX_POINT('',#378);
#378 = CARTESIAN_POINT('',(44.,-34.48187929913,80.));
#379 = LINE('',#380,#381);
#380 = CARTESIAN_POINT('',(44.,-34.48187929913,80.));
#381 = VECTOR('',#382,1.);
#382 = DIRECTION('',(-0.428144965607,0.903710068786,-1.E-16));
#383 = ORIENTED_EDGE('',*,*,#384,.T.);
#384 = EDGE_CURVE('',#377,#385,#387,.T.);
#385 = VERTEX_POINT('',#386);
#386 = CARTESIAN_POINT('',(44.,-59.48187929913,80.));
#387 = LINE('',#388,#389);
#388 = CARTESIAN_POINT('',(44.,-34.48187929913,80.));
#389 = VECTOR('',#390,1.);
#390 = DIRECTION('',(0.,-1.,0.));
#391 = ORIENTED_EDGE('',*,*,#392,.F.);
#392 = EDGE_CURVE('',#393,#385,#395,.T.);
#393 = VERTEX_POINT('',#394);
#394 = CARTESIAN_POINT('',(30.,-59.48187929913,80.));
#395 = LINE('',#396,#397);
#396 = CARTESIAN_POINT('',(-44.,-59.48187929913,80.));
#397 = VECTOR('',#398,1.);
#398 = DIRECTION('',(1.,0.,1.55E-15));
#399 = ORIENTED_EDGE('',*,*,#400,.T.);
#400 = EDGE_CURVE('',#393,#401,#403,.T.);
#401 = VERTEX_POINT('',#402);
#402 = CARTESIAN_POINT('',(30.,-44.48187929913,80.));
#403 = LINE('',#404,#405);
#404 = CARTESIAN_POINT('',(30.,-94.48187929913,80.));
#405 = VECTOR('',#406,1.);
#406 = DIRECTION('',(0.,1.,0.));
#407 = ORIENTED_EDGE('',*,*,#408,.F.);
#408 = EDGE_CURVE('',#409,#401,#411,.T.);
#409 = VERTEX_POINT('',#410);
#410 = CARTESIAN_POINT('',(30.,-14.48187929913,80.));
#411 = LINE('',#412,#413);
#412 = CARTESIAN_POINT('',(30.,-14.48187929913,80.));
#413 = VECTOR('',#414,1.);
#414 = DIRECTION('',(0.,-1.,0.));
#415 = ORIENTED_EDGE('',*,*,#416,.F.);
#416 = EDGE_CURVE('',#417,#409,#419,.T.);
#417 = VERTEX_POINT('',#418);
#418 = CARTESIAN_POINT('',(15.,-14.48187929913,80.));
#419 = LINE('',#420,#421);
#420 = CARTESIAN_POINT('',(15.,-14.48187929913,80.));
#421 = VECTOR('',#422,1.);
#422 = DIRECTION('',(1.,0.,2.2E-16));
#423 = ORIENTED_EDGE('',*,*,#424,.F.);
#424 = EDGE_CURVE('',#425,#417,#427,.T.);
#425 = VERTEX_POINT('',#426);
#426 = CARTESIAN_POINT('',(15.,-44.48187929913,80.));
#427 = LINE('',#428,#429);
#428 = CARTESIAN_POINT('',(15.,-44.48187929913,80.));
#429 = VECTOR('',#430,1.);
#430 = DIRECTION('',(0.,1.,0.));
#431 = ORIENTED_EDGE('',*,*,#432,.T.);
#432 = EDGE_CURVE('',#425,#334,#433,.T.);
#433 = LINE('',#434,#435);
#434 = CARTESIAN_POINT('',(30.,-44.48187929913,80.));
#435 = VECTOR('',#436,1.);
#436 = DIRECTION('',(-1.,0.,-2.2E-16));
#437 = ORIENTED_EDGE('',*,*,#438,.F.);
#438 = EDGE_CURVE('',#312,#334,#439,.T.);
#439 = LINE('',#440,#441);
#440 = CARTESIAN_POINT('',(-15.,-14.48187929913,80.));
#441 = VECTOR('',#442,1.);
#442 = DIRECTION('',(0.,-1.,0.));
#443 = ORIENTED_EDGE('',*,*,#319,.F.);
#444 = ORIENTED_EDGE('',*,*,#186,.F.);
#445 = ORIENTED_EDGE('',*,*,#446,.T.);
#446 = EDGE_CURVE('',#187,#447,#449,.T.);
#447 = VERTEX_POINT('',#448);
#448 = CARTESIAN_POINT('',(-30.,-59.48187929913,80.));
#449 = LINE('',#450,#451);
#450 = CARTESIAN_POINT('',(-30.,-44.48187929913,80.));
#451 = VECTOR('',#452,1.);
#452 = DIRECTION('',(0.,-1.,0.));
#453 = ORIENTED_EDGE('',*,*,#454,.F.);
#454 = EDGE_CURVE('',#455,#447,#457,.T.);
#455 = VERTEX_POINT('',#456);
#456 = CARTESIAN_POINT('',(-44.,-59.48187929913,80.));
#457 = LINE('',#458,#459);
#458 = CARTESIAN_POINT('',(-44.,-59.48187929913,80.));
#459 = VECTOR('',#460,1.);
#460 = DIRECTION('',(1.,0.,1.55E-15));
#461 = ORIENTED_EDGE('',*,*,#462,.T.);
#462 = EDGE_CURVE('',#455,#360,#463,.T.);
#463 = LINE('',#464,#465);
#464 = CARTESIAN_POINT('',(-44.,-94.48187929913,80.));
#465 = VECTOR('',#466,1.);
#466 = DIRECTION('',(0.,1.,0.));
#467 = FACE_BOUND('',#468,.F.);
#468 = EDGE_LOOP('',(#469));
#469 = ORIENTED_EDGE('',*,*,#470,.F.);
#470 = EDGE_CURVE('',#471,#471,#473,.T.);
#471 = VERTEX_POINT('',#472);
#472 = CARTESIAN_POINT('',(-9.8E-14,10.,80.));
#473 = CIRCLE('',#474,10.);
#474 = AXIS2_PLACEMENT_3D('',#475,#476,#477);
#475 = CARTESIAN_POINT('',(0.,0.,80.));
#476 = DIRECTION('',(2.2E-16,0.,-1.));
#477 = DIRECTION('',(0.,1.,0.));
#478 = PLANE('',#479);
#479 = AXIS2_PLACEMENT_3D('',#480,#481,#482);
#480 = CARTESIAN_POINT('',(0.,-43.48690893667,80.));
#481 = DIRECTION('',(4.4E-16,0.,-1.));
#482 = DIRECTION('',(-1.,0.,-4.4E-16));
#483 = ADVANCED_FACE('',(#484),#503,.F.);
#484 = FACE_BOUND('',#485,.F.);
#485 = EDGE_LOOP('',(#486,#495,#501,#502));
#486 = ORIENTED_EDGE('',*,*,#487,.F.);
#487 = EDGE_CURVE('',#488,#488,#490,.T.);
#488 = VERTEX_POINT('',#489);
#489 = CARTESIAN_POINT('',(-15.,-45.04444206723,94.459258343213));
#490 = CIRCLE('',#491,7.);
#491 = AXIS2_PLACEMENT_3D('',#492,#493,#494);
#492 = CARTESIAN_POINT('',(-15.,-38.04444206723,94.459258343213));
#493 = DIRECTION('',(1.,0.,1.19E-15));
#494 = DIRECTION('',(0.,-1.,0.));
#495 = ORIENTED_EDGE('',*,*,#496,.T.);
#496 = EDGE_CURVE('',#488,#212,#497,.T.);
#497 = LINE('',#498,#499);
#498 = CARTESIAN_POINT('',(30.,-45.04444206723,94.459258343214));
#499 = VECTOR('',#500,1.);
#500 = DIRECTION('',(-1.,0.,-1.19E-15));
#501 = ORIENTED_EDGE('',*,*,#211,.T.);
#502 = ORIENTED_EDGE('',*,*,#496,.F.);
#503 = CYLINDRICAL_SURFACE('',#504,7.);
#504 = AXIS2_PLACEMENT_3D('',#505,#506,#507);
#505 = CARTESIAN_POINT('',(30.,-38.04444206723,94.459258343214));
#506 = DIRECTION('',(1.,0.,1.19E-15));
#507 = DIRECTION('',(0.,-1.,0.));
#508 = ADVANCED_FACE('',(#509,#517),#520,.T.);
#509 = FACE_BOUND('',#510,.T.);
#510 = EDGE_LOOP('',(#511,#512,#513,#514,#515,#516));
#511 = ORIENTED_EDGE('',*,*,#237,.T.);
#512 = ORIENTED_EDGE('',*,*,#284,.F.);
#513 = ORIENTED_EDGE('',*,*,#333,.F.);
#514 = ORIENTED_EDGE('',*,*,#438,.F.);
#515 = ORIENTED_EDGE('',*,*,#311,.T.);
#516 = ORIENTED_EDGE('',*,*,#268,.F.);
#517 = FACE_BOUND('',#518,.T.);
#518 = EDGE_LOOP('',(#519));
#519 = ORIENTED_EDGE('',*,*,#487,.F.);
#520 = PLANE('',#521);
#521 = AXIS2_PLACEMENT_3D('',#522,#523,#524);
#522 = CARTESIAN_POINT('',(-15.,-14.48187929913,80.));
#523 = DIRECTION('',(1.,0.,1.08E-15));
#524 = DIRECTION('',(0.,-1.,0.));
#525 = ADVANCED_FACE('',(#526),#558,.T.);
#526 = FACE_BOUND('',#527,.T.);
#527 = EDGE_LOOP('',(#528,#538,#544,#550,#551,#552));
#528 = ORIENTED_EDGE('',*,*,#529,.T.);
#529 = EDGE_CURVE('',#530,#532,#534,.T.);
#530 = VERTEX_POINT('',#531);
#531 = CARTESIAN_POINT('',(-30.,-44.48187929913,66.));
#532 = VERTEX_POINT('',#533);
#533 = CARTESIAN_POINT('',(30.,-44.48187929913,66.));
#534 = LINE('',#535,#536);
#535 = CARTESIAN_POINT('',(-30.,-44.48187929913,66.));
#536 = VECTOR('',#537,1.);
#537 = DIRECTION('',(1.,0.,2.2E-16));
#538 = ORIENTED_EDGE('',*,*,#539,.T.);
#539 = EDGE_CURVE('',#532,#401,#540,.T.);
#540 = LINE('',#541,#542);
#541 = CARTESIAN_POINT('',(30.,-44.48187929913,1.998E-14));
#542 = VECTOR('',#543,1.);
#543 = DIRECTION('',(-6.6E-16,0.,1.));
#544 = ORIENTED_EDGE('',*,*,#545,.T.);
#545 = EDGE_CURVE('',#401,#425,#546,.T.);
#546 = LINE('',#547,#548);
#547 = CARTESIAN_POINT('',(30.,-44.48187929913,80.));
#548 = VECTOR('',#549,1.);
#549 = DIRECTION('',(-1.,0.,-2.2E-16));
#550 = ORIENTED_EDGE('',*,*,#432,.T.);
#551 = ORIENTED_EDGE('',*,*,#343,.T.);
#552 = ORIENTED_EDGE('',*,*,#553,.F.);
#553 = EDGE_CURVE('',#530,#187,#554,.T.);
#554 = LINE('',#555,#556);
#555 = CARTESIAN_POINT('',(-30.,-44.48187929913,-1.998E-14));
#556 = VECTOR('',#557,1.);
#557 = DIRECTION('',(-6.6E-16,0.,1.));
#558 = PLANE('',#559);
#559 = AXIS2_PLACEMENT_3D('',#560,#561,#562);
#560 = CARTESIAN_POINT('',(30.,-44.48187929913,1.998E-14));
#561 = DIRECTION('',(0.,-1.,0.));
#562 = DIRECTION('',(-1.,-0.,-6.6E-16));
#563 = ADVANCED_FACE('',(#564),#621,.F.);
#564 = FACE_BOUND('',#565,.F.);
#565 = EDGE_LOOP('',(#566,#576,#584,#592,#600,#608,#614,#615));
#566 = ORIENTED_EDGE('',*,*,#567,.F.);
#567 = EDGE_CURVE('',#568,#570,#572,.T.);
#568 = VERTEX_POINT('',#569);
#569 = CARTESIAN_POINT('',(-22.59275171965,10.703624140174,-1.8E-14));
#570 = VERTEX_POINT('',#571);
#571 = CARTESIAN_POINT('',(-44.,-34.48187929913,-3.4E-14));
#572 = LINE('',#573,#574);
#573 = CARTESIAN_POINT('',(-22.59275171965,10.703624140174,-5.02E-15));
#574 = VECTOR('',#575,1.);
#575 = DIRECTION('',(-0.428144965607,-0.903710068786,-1.E-16));
#576 = ORIENTED_EDGE('',*,*,#577,.T.);
#577 = EDGE_CURVE('',#568,#578,#580,.T.);
#578 = VERTEX_POINT('',#579);
#579 = CARTESIAN_POINT('',(-22.59275171965,10.703624140174,14.));
#580 = LINE('',#581,#582);
#581 = CARTESIAN_POINT('',(-22.59275171965,10.703624140174,-1.505E-14));
#582 = VECTOR('',#583,1.);
#583 = DIRECTION('',(-6.6E-16,0.,1.));
#584 = ORIENTED_EDGE('',*,*,#585,.T.);
#585 = EDGE_CURVE('',#578,#586,#588,.T.);
#586 = VERTEX_POINT('',#587);
#587 = CARTESIAN_POINT('',(-30.,-4.931278499541,14.));
#588 = LINE('',#589,#590);
#589 = CARTESIAN_POINT('',(-28.44857031316,-1.656587117801,14.));
#590 = VECTOR('',#591,1.);
#591 = DIRECTION('',(-0.428144965607,-0.903710068786,-2.E-16));
#592 = ORIENTED_EDGE('',*,*,#593,.T.);
#593 = EDGE_CURVE('',#586,#594,#596,.T.);
#594 = VERTEX_POINT('',#595);
#595 = CARTESIAN_POINT('',(-30.,-4.93127849954,66.));
#596 = LINE('',#597,#598);
#597 = CARTESIAN_POINT('',(-30.,-4.931278499541,7.));
#598 = VECTOR('',#599,1.);
#599 = DIRECTION('',(-4.4E-16,1.41E-15,1.));
#600 = ORIENTED_EDGE('',*,*,#601,.T.);
#601 = EDGE_CURVE('',#594,#602,#604,.T.);
#602 = VERTEX_POINT('',#603);
#603 = CARTESIAN_POINT('',(-22.59275171965,10.703624140174,66.));
#604 = LINE('',#605,#606);
#605 = CARTESIAN_POINT('',(-33.9478136604,-13.26415460737,66.));
#606 = VECTOR('',#607,1.);
#607 = DIRECTION('',(0.428144965607,0.903710068786,2.E-16));
#608 = ORIENTED_EDGE('',*,*,#609,.T.);
#609 = EDGE_CURVE('',#602,#358,#610,.T.);
#610 = LINE('',#611,#612);
#611 = CARTESIAN_POINT('',(-22.59275171965,10.703624140174,-1.505E-14));
#612 = VECTOR('',#613,1.);
#613 = DIRECTION('',(-6.6E-16,0.,1.));
#614 = ORIENTED_EDGE('',*,*,#357,.T.);
#615 = ORIENTED_EDGE('',*,*,#616,.F.);
#616 = EDGE_CURVE('',#570,#360,#617,.T.);
#617 = LINE('',#618,#619);
#618 = CARTESIAN_POINT('',(-44.,-34.48187929913,-2.931E-14));
#619 = VECTOR('',#620,1.);
#620 = DIRECTION('',(-6.6E-16,0.,1.));
#621 = PLANE('',#622);
#622 = AXIS2_PLACEMENT_3D('',#623,#624,#625);
#623 = CARTESIAN_POINT('',(-22.59275171965,10.703624140174,-1.505E-14));
#624 = DIRECTION('',(0.903710068786,-0.428144965607,6.E-16));
#625 = DIRECTION('',(-0.428144965607,-0.903710068786,-2.9E-16));
#626 = ADVANCED_FACE('',(#627,#671),#682,.T.);
#627 = FACE_BOUND('',#628,.T.);
#628 = EDGE_LOOP('',(#629,#637,#646,#654,#663,#669,#670));
#629 = ORIENTED_EDGE('',*,*,#630,.F.);
#630 = EDGE_CURVE('',#631,#570,#633,.T.);
#631 = VERTEX_POINT('',#632);
#632 = CARTESIAN_POINT('',(-44.,-78.78187929913,-4.5E-14));
#633 = LINE('',#634,#635);
#634 = CARTESIAN_POINT('',(-44.,-94.48187929913,-9.77E-15));
#635 = VECTOR('',#636,1.);
#636 = DIRECTION('',(0.,1.,0.));
#637 = ORIENTED_EDGE('',*,*,#638,.T.);
#638 = EDGE_CURVE('',#631,#639,#641,.T.);
#639 = VERTEX_POINT('',#640);
#640 = CARTESIAN_POINT('',(-44.,-94.48187929913,15.7));
#641 = CIRCLE('',#642,15.7);
#642 = AXIS2_PLACEMENT_3D('',#643,#644,#645);
#643 = CARTESIAN_POINT('',(-44.,-78.78187929913,15.7));
#644 = DIRECTION('',(-1.,0.,-5.6E-16));
#645 = DIRECTION('',(-5.6E-16,0.,1.));
#646 = ORIENTED_EDGE('',*,*,#647,.T.);
#647 = EDGE_CURVE('',#639,#648,#650,.T.);
#648 = VERTEX_POINT('',#649);
#649 = CARTESIAN_POINT('',(-44.,-94.48187929913,15.755518480805));
#650 = LINE('',#651,#652);
#651 = CARTESIAN_POINT('',(-44.,-94.48187929913,-2.931E-14));
#652 = VECTOR('',#653,1.);
#653 = DIRECTION('',(-6.6E-16,0.,1.));
#654 = ORIENTED_EDGE('',*,*,#655,.T.);
#655 = EDGE_CURVE('',#648,#656,#658,.T.);
#656 = VERTEX_POINT('',#657);
#657 = CARTESIAN_POINT('',(-44.,-92.34320804323,23.666293581533));
#658 = CIRCLE('',#659,15.7);
#659 = AXIS2_PLACEMENT_3D('',#660,#661,#662);
#660 = CARTESIAN_POINT('',(-44.,-78.78187929913,15.755518480805));
#661 = DIRECTION('',(-1.,-0.,-1.89E-15));
#662 = DIRECTION('',(1.89E-15,0.,-1.));
#663 = ORIENTED_EDGE('',*,*,#664,.T.);
#664 = EDGE_CURVE('',#656,#455,#665,.T.);
#665 = LINE('',#666,#667);
#666 = CARTESIAN_POINT('',(-44.,-94.48187929913,20.));
#667 = VECTOR('',#668,1.);
#668 = DIRECTION('',(-1.053778900898E-15,0.503871025524,0.863778900898)
  );
#669 = ORIENTED_EDGE('',*,*,#462,.T.);
#670 = ORIENTED_EDGE('',*,*,#616,.F.);
#671 = FACE_BOUND('',#672,.T.);
#672 = EDGE_LOOP('',(#673));
#673 = ORIENTED_EDGE('',*,*,#674,.F.);
#674 = EDGE_CURVE('',#675,#675,#677,.T.);
#675 = VERTEX_POINT('',#676);
#676 = CARTESIAN_POINT('',(-44.,-73.,15.));
#677 = CIRCLE('',#678,7.);
#678 = AXIS2_PLACEMENT_3D('',#679,#680,#681);
#679 = CARTESIAN_POINT('',(-44.,-80.,15.));
#680 = DIRECTION('',(-1.,0.,-1.22E-15));
#681 = DIRECTION('',(0.,1.,0.));
#682 = PLANE('',#683);
#683 = AXIS2_PLACEMENT_3D('',#684,#685,#686);
#684 = CARTESIAN_POINT('',(-44.,-94.48187929913,-2.931E-14));
#685 = DIRECTION('',(-1.,0.,-6.6E-16));
#686 = DIRECTION('',(0.,1.,0.));
#687 = ADVANCED_FACE('',(#688),#706,.T.);
#688 = FACE_BOUND('',#689,.T.);
#689 = EDGE_LOOP('',(#690,#691,#699,#705));
#690 = ORIENTED_EDGE('',*,*,#664,.F.);
#691 = ORIENTED_EDGE('',*,*,#692,.T.);
#692 = EDGE_CURVE('',#656,#693,#695,.T.);
#693 = VERTEX_POINT('',#694);
#694 = CARTESIAN_POINT('',(-30.,-92.34320804323,23.666293581533));
#695 = LINE('',#696,#697);
#696 = CARTESIAN_POINT('',(-44.,-92.34320804323,23.666293581533));
#697 = VECTOR('',#698,1.);
#698 = DIRECTION('',(1.,0.,1.89E-15));
#699 = ORIENTED_EDGE('',*,*,#700,.F.);
#700 = EDGE_CURVE('',#447,#693,#701,.T.);
#701 = LINE('',#702,#703);
#702 = CARTESIAN_POINT('',(-30.,-92.48706064628,23.419689119171));
#703 = VECTOR('',#704,1.);
#704 = DIRECTION('',(1.34E-15,-0.503871025524,-0.863778900898));
#705 = ORIENTED_EDGE('',*,*,#454,.F.);
#706 = PLANE('',#707);
#707 = AXIS2_PLACEMENT_3D('',#708,#709,#710);
#708 = CARTESIAN_POINT('',(-44.,-94.48187929913,20.));
#709 = DIRECTION('',(-7.8E-16,-0.863778900898,0.503871025524));
#710 = DIRECTION('',(-1.34E-15,0.503871025524,0.863778900898));
#711 = ADVANCED_FACE('',(#712,#765),#776,.T.);
#712 = FACE_BOUND('',#713,.T.);
#713 = EDGE_LOOP('',(#714,#724,#732,#738,#739,#740,#741,#750,#758));
#714 = ORIENTED_EDGE('',*,*,#715,.F.);
#715 = EDGE_CURVE('',#716,#718,#720,.T.);
#716 = VERTEX_POINT('',#717);
#717 = CARTESIAN_POINT('',(-30.,-44.48187929913,-2.3E-14));
#718 = VERTEX_POINT('',#719);
#719 = CARTESIAN_POINT('',(-30.,-78.78187929913,-3.3E-14));
#720 = LINE('',#721,#722);
#721 = CARTESIAN_POINT('',(-30.,-44.48187929913,-6.66E-15));
#722 = VECTOR('',#723,1.);
#723 = DIRECTION('',(0.,-1.,0.));
#724 = ORIENTED_EDGE('',*,*,#725,.T.);
#725 = EDGE_CURVE('',#716,#726,#728,.T.);
#726 = VERTEX_POINT('',#727);
#727 = CARTESIAN_POINT('',(-30.,-44.48187929913,14.));
#728 = LINE('',#729,#730);
#729 = CARTESIAN_POINT('',(-30.,-44.48187929913,-1.998E-14));
#730 = VECTOR('',#731,1.);
#731 = DIRECTION('',(-6.6E-16,0.,1.));
#732 = ORIENTED_EDGE('',*,*,#733,.T.);
#733 = EDGE_CURVE('',#726,#530,#734,.T.);
#734 = LINE('',#735,#736);
#735 = CARTESIAN_POINT('',(-30.,-44.48187929913,14.));
#736 = VECTOR('',#737,1.);
#737 = DIRECTION('',(-2.2E-16,-0.,1.));
#738 = ORIENTED_EDGE('',*,*,#553,.T.);
#739 = ORIENTED_EDGE('',*,*,#446,.T.);
#740 = ORIENTED_EDGE('',*,*,#700,.T.);
#741 = ORIENTED_EDGE('',*,*,#742,.F.);
#742 = EDGE_CURVE('',#743,#693,#745,.T.);
#743 = VERTEX_POINT('',#744);
#744 = CARTESIAN_POINT('',(-30.,-94.48187929913,15.755518480805));
#745 = CIRCLE('',#746,15.7);
#746 = AXIS2_PLACEMENT_3D('',#747,#748,#749);
#747 = CARTESIAN_POINT('',(-30.,-78.78187929913,15.755518480805));
#748 = DIRECTION('',(-1.,-0.,-1.89E-15));
#749 = DIRECTION('',(1.89E-15,0.,-1.));
#750 = ORIENTED_EDGE('',*,*,#751,.F.);
#751 = EDGE_CURVE('',#752,#743,#754,.T.);
#752 = VERTEX_POINT('',#753);
#753 = CARTESIAN_POINT('',(-30.,-94.48187929913,15.7));
#754 = LINE('',#755,#756);
#755 = CARTESIAN_POINT('',(-30.,-94.48187929913,-1.998E-14));
#756 = VECTOR('',#757,1.);
#757 = DIRECTION('',(-6.6E-16,0.,1.));
#758 = ORIENTED_EDGE('',*,*,#759,.F.);
#759 = EDGE_CURVE('',#718,#752,#760,.T.);
#760 = CIRCLE('',#761,15.7);
#761 = AXIS2_PLACEMENT_3D('',#762,#763,#764);
#762 = CARTESIAN_POINT('',(-30.,-78.78187929913,15.7));
#763 = DIRECTION('',(-1.,0.,-5.6E-16));
#764 = DIRECTION('',(-5.6E-16,0.,1.));
#765 = FACE_BOUND('',#766,.T.);
#766 = EDGE_LOOP('',(#767));
#767 = ORIENTED_EDGE('',*,*,#768,.T.);
#768 = EDGE_CURVE('',#769,#769,#771,.T.);
#769 = VERTEX_POINT('',#770);
#770 = CARTESIAN_POINT('',(-30.,-73.,15.));
#771 = CIRCLE('',#772,7.);
#772 = AXIS2_PLACEMENT_3D('',#773,#774,#775);
#773 = CARTESIAN_POINT('',(-30.,-80.,15.));
#774 = DIRECTION('',(-1.,0.,-7.7E-16));
#775 = DIRECTION('',(0.,1.,0.));
#776 = PLANE('',#777);
#777 = AXIS2_PLACEMENT_3D('',#778,#779,#780);
#778 = CARTESIAN_POINT('',(-30.,-44.48187929913,-1.998E-14));
#779 = DIRECTION('',(1.,0.,6.6E-16));
#780 = DIRECTION('',(0.,-1.,0.));
#781 = ADVANCED_FACE('',(#782,#825),#836,.T.);
#782 = FACE_BOUND('',#783,.T.);
#783 = EDGE_LOOP('',(#784,#794,#803,#809,#810,#818));
#784 = ORIENTED_EDGE('',*,*,#785,.T.);
#785 = EDGE_CURVE('',#786,#788,#790,.T.);
#786 = VERTEX_POINT('',#787);
#787 = CARTESIAN_POINT('',(15.,-38.82620606324,106.));
#788 = VERTEX_POINT('',#789);
#789 = CARTESIAN_POINT('',(15.,-38.77075908679,106.));
#790 = LINE('',#791,#792);
#791 = CARTESIAN_POINT('',(15.,-59.8787016455,106.));
#792 = VECTOR('',#793,1.);
#793 = DIRECTION('',(0.,1.,0.));
#794 = ORIENTED_EDGE('',*,*,#795,.F.);
#795 = EDGE_CURVE('',#796,#788,#798,.T.);
#796 = VERTEX_POINT('',#797);
#797 = CARTESIAN_POINT('',(15.,-25.34781506248,98.348872481061));
#798 = CIRCLE('',#799,15.6);
#799 = AXIS2_PLACEMENT_3D('',#800,#801,#802);
#800 = CARTESIAN_POINT('',(15.,-38.77075908679,90.4));
#801 = DIRECTION('',(1.,-0.,6.7E-16));
#802 = DIRECTION('',(6.7E-16,0.,-1.));
#803 = ORIENTED_EDGE('',*,*,#804,.F.);
#804 = EDGE_CURVE('',#417,#796,#805,.T.);
#805 = LINE('',#806,#807);
#806 = CARTESIAN_POINT('',(15.,-14.48187929913,80.));
#807 = VECTOR('',#808,1.);
#808 = DIRECTION('',(-9.3E-16,-0.50954310776,0.860445129764));
#809 = ORIENTED_EDGE('',*,*,#424,.F.);
#810 = ORIENTED_EDGE('',*,*,#811,.T.);
#811 = EDGE_CURVE('',#425,#812,#814,.T.);
#812 = VERTEX_POINT('',#813);
#813 = CARTESIAN_POINT('',(15.,-49.1515476204,87.885482706876));
#814 = LINE('',#815,#816);
#815 = CARTESIAN_POINT('',(15.,-44.48187929913,80.));
#816 = VECTOR('',#817,1.);
#817 = DIRECTION('',(-9.3E-16,-0.50954310776,0.860445129764));
#818 = ORIENTED_EDGE('',*,*,#819,.T.);
#819 = EDGE_CURVE('',#812,#786,#820,.T.);
#820 = CIRCLE('',#821,12.);
#821 = AXIS2_PLACEMENT_3D('',#822,#823,#824);
#822 = CARTESIAN_POINT('',(15.,-38.82620606324,94.));
#823 = DIRECTION('',(-1.,0.,-6.7E-16));
#824 = DIRECTION('',(-6.7E-16,0.,1.));
#825 = FACE_BOUND('',#826,.T.);
#826 = EDGE_LOOP('',(#827));
#827 = ORIENTED_EDGE('',*,*,#828,.T.);
#828 = EDGE_CURVE('',#829,#829,#831,.T.);
#829 = VERTEX_POINT('',#830);
#830 = CARTESIAN_POINT('',(15.,-45.04444206723,94.459258343214));
#831 = CIRCLE('',#832,7.);
#832 = AXIS2_PLACEMENT_3D('',#833,#834,#835);
#833 = CARTESIAN_POINT('',(15.,-38.04444206723,94.459258343214));
#834 = DIRECTION('',(1.,0.,1.19E-15));
#835 = DIRECTION('',(0.,-1.,0.));
#836 = PLANE('',#837);
#837 = AXIS2_PLACEMENT_3D('',#838,#839,#840);
#838 = CARTESIAN_POINT('',(15.,-44.48187929913,80.));
#839 = DIRECTION('',(-1.,0.,-1.08E-15));
#840 = DIRECTION('',(0.,1.,0.));
#841 = ADVANCED_FACE('',(#842),#860,.T.);
#842 = FACE_BOUND('',#843,.T.);
#843 = EDGE_LOOP('',(#844,#845,#853,#859));
#844 = ORIENTED_EDGE('',*,*,#804,.T.);
#845 = ORIENTED_EDGE('',*,*,#846,.T.);
#846 = EDGE_CURVE('',#796,#847,#849,.T.);
#847 = VERTEX_POINT('',#848);
#848 = CARTESIAN_POINT('',(30.,-25.34781506248,98.348872481061));
#849 = LINE('',#850,#851);
#850 = CARTESIAN_POINT('',(15.,-25.34781506248,98.348872481061));
#851 = VECTOR('',#852,1.);
#852 = DIRECTION('',(1.,0.,6.7E-16));
#853 = ORIENTED_EDGE('',*,*,#854,.F.);
#854 = EDGE_CURVE('',#409,#847,#855,.T.);
#855 = LINE('',#856,#857);
#856 = CARTESIAN_POINT('',(30.,-14.48187929913,80.));
#857 = VECTOR('',#858,1.);
#858 = DIRECTION('',(-9.3E-16,-0.50954310776,0.860445129764));
#859 = ORIENTED_EDGE('',*,*,#416,.F.);
#860 = PLANE('',#861);
#861 = AXIS2_PLACEMENT_3D('',#862,#863,#864);
#862 = CARTESIAN_POINT('',(15.,-14.48187929913,80.));
#863 = DIRECTION('',(-2.8E-16,0.860445129764,0.50954310776));
#864 = DIRECTION('',(1.,-4.598339533307E-18,5.572769301199E-16));
#865 = ADVANCED_FACE('',(#866,#902),#913,.T.);
#866 = FACE_BOUND('',#867,.T.);
#867 = EDGE_LOOP('',(#868,#878,#887,#893,#894,#895));
#868 = ORIENTED_EDGE('',*,*,#869,.T.);
#869 = EDGE_CURVE('',#870,#872,#874,.T.);
#870 = VERTEX_POINT('',#871);
#871 = CARTESIAN_POINT('',(30.,-38.77075908679,106.));
#872 = VERTEX_POINT('',#873);
#873 = CARTESIAN_POINT('',(30.,-38.82620606324,106.));
#874 = LINE('',#875,#876);
#875 = CARTESIAN_POINT('',(30.,-29.8787016455,106.));
#876 = VECTOR('',#877,1.);
#877 = DIRECTION('',(0.,-1.,0.));
#878 = ORIENTED_EDGE('',*,*,#879,.F.);
#879 = EDGE_CURVE('',#880,#872,#882,.T.);
#880 = VERTEX_POINT('',#881);
#881 = CARTESIAN_POINT('',(30.,-49.1515476204,87.885482706876));
#882 = CIRCLE('',#883,12.);
#883 = AXIS2_PLACEMENT_3D('',#884,#885,#886);
#884 = CARTESIAN_POINT('',(30.,-38.82620606324,94.));
#885 = DIRECTION('',(-1.,0.,-6.7E-16));
#886 = DIRECTION('',(-6.7E-16,0.,1.));
#887 = ORIENTED_EDGE('',*,*,#888,.F.);
#888 = EDGE_CURVE('',#401,#880,#889,.T.);
#889 = LINE('',#890,#891);
#890 = CARTESIAN_POINT('',(30.,-44.48187929913,80.));
#891 = VECTOR('',#892,1.);
#892 = DIRECTION('',(-9.3E-16,-0.50954310776,0.860445129764));
#893 = ORIENTED_EDGE('',*,*,#408,.F.);
#894 = ORIENTED_EDGE('',*,*,#854,.T.);
#895 = ORIENTED_EDGE('',*,*,#896,.T.);
#896 = EDGE_CURVE('',#847,#870,#897,.T.);
#897 = CIRCLE('',#898,15.6);
#898 = AXIS2_PLACEMENT_3D('',#899,#900,#901);
#899 = CARTESIAN_POINT('',(30.,-38.77075908679,90.4));
#900 = DIRECTION('',(1.,-0.,6.7E-16));
#901 = DIRECTION('',(6.7E-16,0.,-1.));
#902 = FACE_BOUND('',#903,.T.);
#903 = EDGE_LOOP('',(#904));
#904 = ORIENTED_EDGE('',*,*,#905,.F.);
#905 = EDGE_CURVE('',#906,#906,#908,.T.);
#906 = VERTEX_POINT('',#907);
#907 = CARTESIAN_POINT('',(30.,-45.04444206723,94.459258343214));
#908 = CIRCLE('',#909,7.);
#909 = AXIS2_PLACEMENT_3D('',#910,#911,#912);
#910 = CARTESIAN_POINT('',(30.,-38.04444206723,94.459258343214));
#911 = DIRECTION('',(1.,0.,1.22E-15));
#912 = DIRECTION('',(0.,-1.,0.));
#913 = PLANE('',#914);
#914 = AXIS2_PLACEMENT_3D('',#915,#916,#917);
#915 = CARTESIAN_POINT('',(30.,-14.48187929913,80.));
#916 = DIRECTION('',(1.,0.,1.08E-15));
#917 = DIRECTION('',(0.,-1.,0.));
#918 = ADVANCED_FACE('',(#919,#979),#990,.T.);
#919 = FACE_BOUND('',#920,.T.);
#920 = EDGE_LOOP('',(#921,#931,#940,#948,#957,#963,#964,#965,#973));
#921 = ORIENTED_EDGE('',*,*,#922,.F.);
#922 = EDGE_CURVE('',#923,#925,#927,.T.);
#923 = VERTEX_POINT('',#924);
#924 = CARTESIAN_POINT('',(30.,-78.78187929913,3.E-14));
#925 = VERTEX_POINT('',#926);
#926 = CARTESIAN_POINT('',(30.,-44.48187929913,2.3E-14));
#927 = LINE('',#928,#929);
#928 = CARTESIAN_POINT('',(30.,-94.48187929913,6.66E-15));
#929 = VECTOR('',#930,1.);
#930 = DIRECTION('',(0.,1.,0.));
#931 = ORIENTED_EDGE('',*,*,#932,.T.);
#932 = EDGE_CURVE('',#923,#933,#935,.T.);
#933 = VERTEX_POINT('',#934);
#934 = CARTESIAN_POINT('',(30.,-94.48187929913,15.7));
#935 = CIRCLE('',#936,15.7);
#936 = AXIS2_PLACEMENT_3D('',#937,#938,#939);
#937 = CARTESIAN_POINT('',(30.,-78.78187929913,15.7));
#938 = DIRECTION('',(-1.,0.,-5.6E-16));
#939 = DIRECTION('',(-5.6E-16,0.,1.));
#940 = ORIENTED_EDGE('',*,*,#941,.T.);
#941 = EDGE_CURVE('',#933,#942,#944,.T.);
#942 = VERTEX_POINT('',#943);
#943 = CARTESIAN_POINT('',(30.,-94.48187929913,15.755518480805));
#944 = LINE('',#945,#946);
#945 = CARTESIAN_POINT('',(30.,-94.48187929913,1.998E-14));
#946 = VECTOR('',#947,1.);
#947 = DIRECTION('',(-6.6E-16,0.,1.));
#948 = ORIENTED_EDGE('',*,*,#949,.T.);
#949 = EDGE_CURVE('',#942,#950,#952,.T.);
#950 = VERTEX_POINT('',#951);
#951 = CARTESIAN_POINT('',(30.,-92.34320804323,23.666293581534));
#952 = CIRCLE('',#953,15.7);
#953 = AXIS2_PLACEMENT_3D('',#954,#955,#956);
#954 = CARTESIAN_POINT('',(30.,-78.78187929913,15.755518480805));
#955 = DIRECTION('',(-1.,-0.,-1.89E-15));
#956 = DIRECTION('',(1.89E-15,0.,-1.));
#957 = ORIENTED_EDGE('',*,*,#958,.T.);
#958 = EDGE_CURVE('',#950,#393,#959,.T.);
#959 = LINE('',#960,#961);
#960 = CARTESIAN_POINT('',(30.,-98.83421090535,12.538860103627));
#961 = VECTOR('',#962,1.);
#962 = DIRECTION('',(-1.34E-15,0.503871025524,0.863778900898));
#963 = ORIENTED_EDGE('',*,*,#400,.T.);
#964 = ORIENTED_EDGE('',*,*,#539,.F.);
#965 = ORIENTED_EDGE('',*,*,#966,.T.);
#966 = EDGE_CURVE('',#532,#967,#969,.T.);
#967 = VERTEX_POINT('',#968);
#968 = CARTESIAN_POINT('',(30.,-44.48187929913,14.));
#969 = LINE('',#970,#971);
#970 = CARTESIAN_POINT('',(30.,-44.48187929913,66.));
#971 = VECTOR('',#972,1.);
#972 = DIRECTION('',(2.2E-16,0.,-1.));
#973 = ORIENTED_EDGE('',*,*,#974,.F.);
#974 = EDGE_CURVE('',#925,#967,#975,.T.);
#975 = LINE('',#976,#977);
#976 = CARTESIAN_POINT('',(30.,-44.48187929913,1.998E-14));
#977 = VECTOR('',#978,1.);
#978 = DIRECTION('',(-6.6E-16,0.,1.));
#979 = FACE_BOUND('',#980,.T.);
#980 = EDGE_LOOP('',(#981));
#981 = ORIENTED_EDGE('',*,*,#982,.F.);
#982 = EDGE_CURVE('',#983,#983,#985,.T.);
#983 = VERTEX_POINT('',#984);
#984 = CARTESIAN_POINT('',(30.,-73.,15.));
#985 = CIRCLE('',#986,7.);
#986 = AXIS2_PLACEMENT_3D('',#987,#988,#989);
#987 = CARTESIAN_POINT('',(30.,-80.,15.));
#988 = DIRECTION('',(-1.,0.,-7.7E-16));
#989 = DIRECTION('',(0.,1.,0.));
#990 = PLANE('',#991);
#991 = AXIS2_PLACEMENT_3D('',#992,#993,#994);
#992 = CARTESIAN_POINT('',(30.,-94.48187929913,1.998E-14));
#993 = DIRECTION('',(-1.,0.,-6.6E-16));
#994 = DIRECTION('',(0.,1.,0.));
#995 = ADVANCED_FACE('',(#996),#1014,.T.);
#996 = FACE_BOUND('',#997,.T.);
#997 = EDGE_LOOP('',(#998,#999,#1007,#1013));
#998 = ORIENTED_EDGE('',*,*,#958,.F.);
#999 = ORIENTED_EDGE('',*,*,#1000,.T.);
#1000 = EDGE_CURVE('',#950,#1001,#1003,.T.);
#1001 = VERTEX_POINT('',#1002);
#1002 = CARTESIAN_POINT('',(44.,-92.34320804323,23.666293581534));
#1003 = LINE('',#1004,#1005);
#1004 = CARTESIAN_POINT('',(30.,-92.34320804323,23.666293581534));
#1005 = VECTOR('',#1006,1.);
#1006 = DIRECTION('',(1.,0.,1.89E-15));
#1007 = ORIENTED_EDGE('',*,*,#1008,.F.);
#1008 = EDGE_CURVE('',#385,#1001,#1009,.T.);
#1009 = LINE('',#1010,#1011);
#1010 = CARTESIAN_POINT('',(44.,-91.21763059447,25.59585492228));
#1011 = VECTOR('',#1012,1.);
#1012 = DIRECTION('',(1.34E-15,-0.503871025524,-0.863778900898));
#1013 = ORIENTED_EDGE('',*,*,#392,.F.);
#1014 = PLANE('',#1015);
#1015 = AXIS2_PLACEMENT_3D('',#1016,#1017,#1018);
#1016 = CARTESIAN_POINT('',(-44.,-94.48187929913,20.));
#1017 = DIRECTION('',(-7.8E-16,-0.863778900898,0.503871025524));
#1018 = DIRECTION('',(-1.34E-15,0.503871025524,0.863778900898));
#1019 = ADVANCED_FACE('',(#1020,#1064),#1075,.T.);
#1020 = FACE_BOUND('',#1021,.T.);
#1021 = EDGE_LOOP('',(#1022,#1032,#1038,#1039,#1040,#1049,#1057));
#1022 = ORIENTED_EDGE('',*,*,#1023,.F.);
#1023 = EDGE_CURVE('',#1024,#1026,#1028,.T.);
#1024 = VERTEX_POINT('',#1025);
#1025 = CARTESIAN_POINT('',(44.,-34.48187929913,3.4E-14));
#1026 = VERTEX_POINT('',#1027);
#1027 = CARTESIAN_POINT('',(44.,-78.78187929913,4.2E-14));
#1028 = LINE('',#1029,#1030);
#1029 = CARTESIAN_POINT('',(44.,-34.48187929913,9.77E-15));
#1030 = VECTOR('',#1031,1.);
#1031 = DIRECTION('',(0.,-1.,0.));
#1032 = ORIENTED_EDGE('',*,*,#1033,.T.);
#1033 = EDGE_CURVE('',#1024,#377,#1034,.T.);
#1034 = LINE('',#1035,#1036);
#1035 = CARTESIAN_POINT('',(44.,-34.48187929913,2.931E-14));
#1036 = VECTOR('',#1037,1.);
#1037 = DIRECTION('',(-6.6E-16,0.,1.));
#1038 = ORIENTED_EDGE('',*,*,#384,.T.);
#1039 = ORIENTED_EDGE('',*,*,#1008,.T.);
#1040 = ORIENTED_EDGE('',*,*,#1041,.F.);
#1041 = EDGE_CURVE('',#1042,#1001,#1044,.T.);
#1042 = VERTEX_POINT('',#1043);
#1043 = CARTESIAN_POINT('',(44.,-94.48187929913,15.755518480805));
#1044 = CIRCLE('',#1045,15.7);
#1045 = AXIS2_PLACEMENT_3D('',#1046,#1047,#1048);
#1046 = CARTESIAN_POINT('',(44.,-78.78187929913,15.755518480805));
#1047 = DIRECTION('',(-1.,-0.,-1.89E-15));
#1048 = DIRECTION('',(1.89E-15,0.,-1.));
#1049 = ORIENTED_EDGE('',*,*,#1050,.F.);
#1050 = EDGE_CURVE('',#1051,#1042,#1053,.T.);
#1051 = VERTEX_POINT('',#1052);
#1052 = CARTESIAN_POINT('',(44.,-94.48187929913,15.7));
#1053 = LINE('',#1054,#1055);
#1054 = CARTESIAN_POINT('',(44.,-94.48187929913,2.931E-14));
#1055 = VECTOR('',#1056,1.);
#1056 = DIRECTION('',(-6.6E-16,0.,1.));
#1057 = ORIENTED_EDGE('',*,*,#1058,.F.);
#1058 = EDGE_CURVE('',#1026,#1051,#1059,.T.);
#1059 = CIRCLE('',#1060,15.7);
#1060 = AXIS2_PLACEMENT_3D('',#1061,#1062,#1063);
#1061 = CARTESIAN_POINT('',(44.,-78.78187929913,15.7));
#1062 = DIRECTION('',(-1.,0.,-5.6E-16));
#1063 = DIRECTION('',(-5.6E-16,0.,1.));
#1064 = FACE_BOUND('',#1065,.T.);
#1065 = EDGE_LOOP('',(#1066));
#1066 = ORIENTED_EDGE('',*,*,#1067,.T.);
#1067 = EDGE_CURVE('',#1068,#1068,#1070,.T.);
#1068 = VERTEX_POINT('',#1069);
#1069 = CARTESIAN_POINT('',(44.,-73.,15.));
#1070 = CIRCLE('',#1071,7.);
#1071 = AXIS2_PLACEMENT_3D('',#1072,#1073,#1074);
#1072 = CARTESIAN_POINT('',(44.,-80.,15.));
#1073 = DIRECTION('',(-1.,0.,-7.7E-16));
#1074 = DIRECTION('',(0.,1.,0.));
#1075 = PLANE('',#1076);
#1076 = AXIS2_PLACEMENT_3D('',#1077,#1078,#1079);
#1077 = CARTESIAN_POINT('',(44.,-34.48187929913,2.931E-14));
#1078 = DIRECTION('',(1.,0.,6.6E-16));
#1079 = DIRECTION('',(0.,-1.,0.));
#1080 = ADVANCED_FACE('',(#1081),#1131,.F.);
#1081 = FACE_BOUND('',#1082,.F.);
#1082 = EDGE_LOOP('',(#1083,#1091,#1092,#1093,#1101,#1109,#1117,#1125));
#1083 = ORIENTED_EDGE('',*,*,#1084,.F.);
#1084 = EDGE_CURVE('',#1024,#1085,#1087,.T.);
#1085 = VERTEX_POINT('',#1086);
#1086 = CARTESIAN_POINT('',(22.592751719653,10.703624140173,1.8E-14));
#1087 = LINE('',#1088,#1089);
#1088 = CARTESIAN_POINT('',(44.,-34.48187929913,9.77E-15));
#1089 = VECTOR('',#1090,1.);
#1090 = DIRECTION('',(-0.428144965607,0.903710068786,-1.E-16));
#1091 = ORIENTED_EDGE('',*,*,#1033,.T.);
#1092 = ORIENTED_EDGE('',*,*,#376,.T.);
#1093 = ORIENTED_EDGE('',*,*,#1094,.F.);
#1094 = EDGE_CURVE('',#1095,#368,#1097,.T.);
#1095 = VERTEX_POINT('',#1096);
#1096 = CARTESIAN_POINT('',(22.592751719653,10.703624140173,66.));
#1097 = LINE('',#1098,#1099);
#1098 = CARTESIAN_POINT('',(22.592751719653,10.703624140173,1.505E-14));
#1099 = VECTOR('',#1100,1.);
#1100 = DIRECTION('',(-6.6E-16,0.,1.));
#1101 = ORIENTED_EDGE('',*,*,#1102,.T.);
#1102 = EDGE_CURVE('',#1095,#1103,#1105,.T.);
#1103 = VERTEX_POINT('',#1104);
#1104 = CARTESIAN_POINT('',(30.,-4.931278499541,66.));
#1105 = LINE('',#1106,#1107);
#1106 = CARTESIAN_POINT('',(39.152194453337,-24.24933883745,66.));
#1107 = VECTOR('',#1108,1.);
#1108 = DIRECTION('',(0.428144965607,-0.903710068786,2.E-16));
#1109 = ORIENTED_EDGE('',*,*,#1110,.T.);
#1110 = EDGE_CURVE('',#1103,#1111,#1113,.T.);
#1111 = VERTEX_POINT('',#1112);
#1112 = CARTESIAN_POINT('',(30.,-4.931278499541,14.));
#1113 = LINE('',#1114,#1115);
#1114 = CARTESIAN_POINT('',(30.,-4.931278499541,33.));
#1115 = VECTOR('',#1116,1.);
#1116 = DIRECTION('',(4.4E-16,1.41E-15,-1.));
#1117 = ORIENTED_EDGE('',*,*,#1118,.T.);
#1118 = EDGE_CURVE('',#1111,#1119,#1121,.T.);
#1119 = VERTEX_POINT('',#1120);
#1120 = CARTESIAN_POINT('',(22.592751719653,10.703624140173,14.));
#1121 = LINE('',#1122,#1123);
#1122 = CARTESIAN_POINT('',(44.651437800573,-35.85690632702,14.));
#1123 = VECTOR('',#1124,1.);
#1124 = DIRECTION('',(-0.428144965607,0.903710068786,-2.E-16));
#1125 = ORIENTED_EDGE('',*,*,#1126,.F.);
#1126 = EDGE_CURVE('',#1085,#1119,#1127,.T.);
#1127 = LINE('',#1128,#1129);
#1128 = CARTESIAN_POINT('',(22.592751719653,10.703624140173,1.505E-14));
#1129 = VECTOR('',#1130,1.);
#1130 = DIRECTION('',(-6.6E-16,0.,1.));
#1131 = PLANE('',#1132);
#1132 = AXIS2_PLACEMENT_3D('',#1133,#1134,#1135);
#1133 = CARTESIAN_POINT('',(44.,-34.48187929913,2.931E-14));
#1134 = DIRECTION('',(-0.903710068786,-0.428144965607,-6.E-16));
#1135 = DIRECTION('',(-0.428144965607,0.903710068786,-2.9E-16));
#1136 = ADVANCED_FACE('',(#1137),#1149,.T.);
#1137 = FACE_BOUND('',#1138,.T.);
#1138 = EDGE_LOOP('',(#1139,#1146,#1147,#1148));
#1139 = ORIENTED_EDGE('',*,*,#1140,.F.);
#1140 = EDGE_CURVE('',#602,#1095,#1141,.T.);
#1141 = CIRCLE('',#1142,25.);
#1142 = AXIS2_PLACEMENT_3D('',#1143,#1144,#1145);
#1143 = CARTESIAN_POINT('',(-7.328E-14,0.,66.));
#1144 = DIRECTION('',(1.11E-15,0.,-1.));
#1145 = DIRECTION('',(0.,1.,0.));
#1146 = ORIENTED_EDGE('',*,*,#609,.T.);
#1147 = ORIENTED_EDGE('',*,*,#367,.T.);
#1148 = ORIENTED_EDGE('',*,*,#1094,.F.);
#1149 = CYLINDRICAL_SURFACE('',#1150,25.);
#1150 = AXIS2_PLACEMENT_3D('',#1151,#1152,#1153);
#1151 = CARTESIAN_POINT('',(0.,0.,0.));
#1152 = DIRECTION('',(6.6E-16,0.,-1.));
#1153 = DIRECTION('',(0.,1.,0.));
#1154 = ADVANCED_FACE('',(#1155),#1174,.F.);
#1155 = FACE_BOUND('',#1156,.F.);
#1156 = EDGE_LOOP('',(#1157,#1166,#1172,#1173));
#1157 = ORIENTED_EDGE('',*,*,#1158,.F.);
#1158 = EDGE_CURVE('',#1159,#1159,#1161,.T.);
#1159 = VERTEX_POINT('',#1160);
#1160 = CARTESIAN_POINT('',(-1.1E-13,10.,66.));
#1161 = CIRCLE('',#1162,10.);
#1162 = AXIS2_PLACEMENT_3D('',#1163,#1164,#1165);
#1163 = CARTESIAN_POINT('',(-7.328E-14,0.,66.));
#1164 = DIRECTION('',(1.11E-15,0.,-1.));
#1165 = DIRECTION('',(0.,1.,0.));
#1166 = ORIENTED_EDGE('',*,*,#1167,.T.);
#1167 = EDGE_CURVE('',#1159,#471,#1168,.T.);
#1168 = LINE('',#1169,#1170);
#1169 = CARTESIAN_POINT('',(0.,10.,0.));
#1170 = VECTOR('',#1171,1.);
#1171 = DIRECTION('',(-6.6E-16,0.,1.));
#1172 = ORIENTED_EDGE('',*,*,#470,.T.);
#1173 = ORIENTED_EDGE('',*,*,#1167,.F.);
#1174 = CYLINDRICAL_SURFACE('',#1175,10.);
#1175 = AXIS2_PLACEMENT_3D('',#1176,#1177,#1178);
#1176 = CARTESIAN_POINT('',(0.,0.,0.));
#1177 = DIRECTION('',(6.6E-16,0.,-1.));
#1178 = DIRECTION('',(0.,1.,0.));
#1179 = ADVANCED_FACE('',(#1180,#1198),#1201,.T.);
#1180 = FACE_BOUND('',#1181,.T.);
#1181 = EDGE_LOOP('',(#1182,#1183,#1189,#1190,#1191,#1192));
#1182 = ORIENTED_EDGE('',*,*,#529,.F.);
#1183 = ORIENTED_EDGE('',*,*,#1184,.T.);
#1184 = EDGE_CURVE('',#530,#594,#1185,.T.);
#1185 = LINE('',#1186,#1187);
#1186 = CARTESIAN_POINT('',(-30.,-44.48187929913,66.));
#1187 = VECTOR('',#1188,1.);
#1188 = DIRECTION('',(2.2E-16,1.,0.));
#1189 = ORIENTED_EDGE('',*,*,#601,.T.);
#1190 = ORIENTED_EDGE('',*,*,#1140,.T.);
#1191 = ORIENTED_EDGE('',*,*,#1102,.T.);
#1192 = ORIENTED_EDGE('',*,*,#1193,.F.);
#1193 = EDGE_CURVE('',#532,#1103,#1194,.T.);
#1194 = LINE('',#1195,#1196);
#1195 = CARTESIAN_POINT('',(30.,-44.48187929913,66.));
#1196 = VECTOR('',#1197,1.);
#1197 = DIRECTION('',(2.2E-16,1.,0.));
#1198 = FACE_BOUND('',#1199,.T.);
#1199 = EDGE_LOOP('',(#1200));
#1200 = ORIENTED_EDGE('',*,*,#1158,.F.);
#1201 = PLANE('',#1202);
#1202 = AXIS2_PLACEMENT_3D('',#1203,#1204,#1205);
#1203 = CARTESIAN_POINT('',(-30.,-44.48187929913,66.));
#1204 = DIRECTION('',(4.4E-16,0.,-1.));
#1205 = DIRECTION('',(1.,-2.2E-16,4.4E-16));
#1206 = ADVANCED_FACE('',(#1207),#1218,.T.);
#1207 = FACE_BOUND('',#1208,.T.);
#1208 = EDGE_LOOP('',(#1209,#1210,#1216,#1217));
#1209 = ORIENTED_EDGE('',*,*,#888,.T.);
#1210 = ORIENTED_EDGE('',*,*,#1211,.T.);
#1211 = EDGE_CURVE('',#880,#812,#1212,.T.);
#1212 = LINE('',#1213,#1214);
#1213 = CARTESIAN_POINT('',(30.,-49.1515476204,87.885482706876));
#1214 = VECTOR('',#1215,1.);
#1215 = DIRECTION('',(-1.,0.,-6.7E-16));
#1216 = ORIENTED_EDGE('',*,*,#811,.F.);
#1217 = ORIENTED_EDGE('',*,*,#545,.F.);
#1218 = PLANE('',#1219);
#1219 = AXIS2_PLACEMENT_3D('',#1220,#1221,#1222);
#1220 = CARTESIAN_POINT('',(30.,-44.48187929913,80.));
#1221 = DIRECTION('',(2.8E-16,-0.860445129764,-0.50954310776));
#1222 = DIRECTION('',(-1.,4.598339533307E-18,-5.572769301199E-16));
#1223 = ADVANCED_FACE('',(#1224,#1257),#1268,.T.);
#1224 = FACE_BOUND('',#1225,.T.);
#1225 = EDGE_LOOP('',(#1226,#1227,#1233,#1234,#1240,#1241,#1247,#1248,
    #1249,#1256));
#1226 = ORIENTED_EDGE('',*,*,#1023,.T.);
#1227 = ORIENTED_EDGE('',*,*,#1228,.T.);
#1228 = EDGE_CURVE('',#1026,#923,#1229,.T.);
#1229 = LINE('',#1230,#1231);
#1230 = CARTESIAN_POINT('',(44.,-78.78187929913,3.251E-14));
#1231 = VECTOR('',#1232,1.);
#1232 = DIRECTION('',(-1.,0.,-5.6E-16));
#1233 = ORIENTED_EDGE('',*,*,#922,.T.);
#1234 = ORIENTED_EDGE('',*,*,#1235,.T.);
#1235 = EDGE_CURVE('',#925,#716,#1236,.T.);
#1236 = LINE('',#1237,#1238);
#1237 = CARTESIAN_POINT('',(30.,-44.48187929913,6.66E-15));
#1238 = VECTOR('',#1239,1.);
#1239 = DIRECTION('',(-1.,0.,-2.2E-16));
#1240 = ORIENTED_EDGE('',*,*,#715,.T.);
#1241 = ORIENTED_EDGE('',*,*,#1242,.T.);
#1242 = EDGE_CURVE('',#718,#631,#1243,.T.);
#1243 = LINE('',#1244,#1245);
#1244 = CARTESIAN_POINT('',(-30.,-78.78187929913,-2.656E-14));
#1245 = VECTOR('',#1246,1.);
#1246 = DIRECTION('',(-1.,0.,-5.6E-16));
#1247 = ORIENTED_EDGE('',*,*,#630,.T.);
#1248 = ORIENTED_EDGE('',*,*,#567,.F.);
#1249 = ORIENTED_EDGE('',*,*,#1250,.T.);
#1250 = EDGE_CURVE('',#568,#1085,#1251,.T.);
#1251 = CIRCLE('',#1252,25.);
#1252 = AXIS2_PLACEMENT_3D('',#1253,#1254,#1255);
#1253 = CARTESIAN_POINT('',(0.,0.,0.));
#1254 = DIRECTION('',(2.2E-16,0.,-1.));
#1255 = DIRECTION('',(0.,1.,0.));
#1256 = ORIENTED_EDGE('',*,*,#1084,.F.);
#1257 = FACE_BOUND('',#1258,.T.);
#1258 = EDGE_LOOP('',(#1259));
#1259 = ORIENTED_EDGE('',*,*,#1260,.F.);
#1260 = EDGE_CURVE('',#1261,#1261,#1263,.T.);
#1261 = VERTEX_POINT('',#1262);
#1262 = CARTESIAN_POINT('',(0.,10.,0.));
#1263 = CIRCLE('',#1264,10.);
#1264 = AXIS2_PLACEMENT_3D('',#1265,#1266,#1267);
#1265 = CARTESIAN_POINT('',(0.,0.,0.));
#1266 = DIRECTION('',(2.2E-16,0.,-1.));
#1267 = DIRECTION('',(0.,1.,0.));
#1268 = PLANE('',#1269);
#1269 = AXIS2_PLACEMENT_3D('',#1270,#1271,#1272);
#1270 = CARTESIAN_POINT('',(-4.71E-15,-43.48690893667,0.));
#1271 = DIRECTION('',(4.4E-16,0.,-1.));
#1272 = DIRECTION('',(-1.,0.,-4.4E-16));
#1273 = ADVANCED_FACE('',(#1274),#1285,.T.);
#1274 = FACE_BOUND('',#1275,.T.);
#1275 = EDGE_LOOP('',(#1276,#1277,#1283,#1284));
#1276 = ORIENTED_EDGE('',*,*,#733,.F.);
#1277 = ORIENTED_EDGE('',*,*,#1278,.T.);
#1278 = EDGE_CURVE('',#726,#586,#1279,.T.);
#1279 = LINE('',#1280,#1281);
#1280 = CARTESIAN_POINT('',(-30.,-44.48187929913,14.));
#1281 = VECTOR('',#1282,1.);
#1282 = DIRECTION('',(2.2E-16,1.,0.));
#1283 = ORIENTED_EDGE('',*,*,#593,.T.);
#1284 = ORIENTED_EDGE('',*,*,#1184,.F.);
#1285 = PLANE('',#1286);
#1286 = AXIS2_PLACEMENT_3D('',#1287,#1288,#1289);
#1287 = CARTESIAN_POINT('',(-30.,-44.48187929913,14.));
#1288 = DIRECTION('',(1.,-2.2E-16,4.4E-16));
#1289 = DIRECTION('',(-4.4E-16,-3.483422479331E-48,1.));
#1290 = ADVANCED_FACE('',(#1291,#1315),#1326,.T.);
#1291 = FACE_BOUND('',#1292,.T.);
#1292 = EDGE_LOOP('',(#1293,#1299,#1305,#1306,#1313,#1314));
#1293 = ORIENTED_EDGE('',*,*,#1294,.F.);
#1294 = EDGE_CURVE('',#967,#726,#1295,.T.);
#1295 = LINE('',#1296,#1297);
#1296 = CARTESIAN_POINT('',(30.,-44.48187929913,14.));
#1297 = VECTOR('',#1298,1.);
#1298 = DIRECTION('',(-1.,0.,-2.2E-16));
#1299 = ORIENTED_EDGE('',*,*,#1300,.T.);
#1300 = EDGE_CURVE('',#967,#1111,#1301,.T.);
#1301 = LINE('',#1302,#1303);
#1302 = CARTESIAN_POINT('',(30.,-44.48187929913,14.));
#1303 = VECTOR('',#1304,1.);
#1304 = DIRECTION('',(2.2E-16,1.,0.));
#1305 = ORIENTED_EDGE('',*,*,#1118,.T.);
#1306 = ORIENTED_EDGE('',*,*,#1307,.F.);
#1307 = EDGE_CURVE('',#578,#1119,#1308,.T.);
#1308 = CIRCLE('',#1309,25.);
#1309 = AXIS2_PLACEMENT_3D('',#1310,#1311,#1312);
#1310 = CARTESIAN_POINT('',(-1.554E-14,0.,14.));
#1311 = DIRECTION('',(1.11E-15,0.,-1.));
#1312 = DIRECTION('',(0.,1.,0.));
#1313 = ORIENTED_EDGE('',*,*,#585,.T.);
#1314 = ORIENTED_EDGE('',*,*,#1278,.F.);
#1315 = FACE_BOUND('',#1316,.T.);
#1316 = EDGE_LOOP('',(#1317));
#1317 = ORIENTED_EDGE('',*,*,#1318,.T.);
#1318 = EDGE_CURVE('',#1319,#1319,#1321,.T.);
#1319 = VERTEX_POINT('',#1320);
#1320 = CARTESIAN_POINT('',(-2.3E-14,10.,14.));
#1321 = CIRCLE('',#1322,10.);
#1322 = AXIS2_PLACEMENT_3D('',#1323,#1324,#1325);
#1323 = CARTESIAN_POINT('',(-1.554E-14,0.,14.));
#1324 = DIRECTION('',(1.11E-15,0.,-1.));
#1325 = DIRECTION('',(0.,1.,0.));
#1326 = PLANE('',#1327);
#1327 = AXIS2_PLACEMENT_3D('',#1328,#1329,#1330);
#1328 = CARTESIAN_POINT('',(30.,-44.48187929913,14.));
#1329 = DIRECTION('',(-4.4E-16,0.,1.));
#1330 = DIRECTION('',(-1.,2.2E-16,-4.4E-16));
#1331 = ADVANCED_FACE('',(#1332),#1338,.T.);
#1332 = FACE_BOUND('',#1333,.T.);
#1333 = EDGE_LOOP('',(#1334,#1335,#1336,#1337));
#1334 = ORIENTED_EDGE('',*,*,#1250,.F.);
#1335 = ORIENTED_EDGE('',*,*,#577,.T.);
#1336 = ORIENTED_EDGE('',*,*,#1307,.T.);
#1337 = ORIENTED_EDGE('',*,*,#1126,.F.);
#1338 = CYLINDRICAL_SURFACE('',#1339,25.);
#1339 = AXIS2_PLACEMENT_3D('',#1340,#1341,#1342);
#1340 = CARTESIAN_POINT('',(0.,0.,0.));
#1341 = DIRECTION('',(6.6E-16,0.,-1.));
#1342 = DIRECTION('',(0.,1.,0.));
#1343 = ADVANCED_FACE('',(#1344),#1355,.T.);
#1344 = FACE_BOUND('',#1345,.T.);
#1345 = EDGE_LOOP('',(#1346,#1347,#1353,#1354));
#1346 = ORIENTED_EDGE('',*,*,#759,.T.);
#1347 = ORIENTED_EDGE('',*,*,#1348,.T.);
#1348 = EDGE_CURVE('',#752,#639,#1349,.T.);
#1349 = LINE('',#1350,#1351);
#1350 = CARTESIAN_POINT('',(-30.,-94.48187929913,15.7));
#1351 = VECTOR('',#1352,1.);
#1352 = DIRECTION('',(-1.,0.,-5.6E-16));
#1353 = ORIENTED_EDGE('',*,*,#638,.F.);
#1354 = ORIENTED_EDGE('',*,*,#1242,.F.);
#1355 = CYLINDRICAL_SURFACE('',#1356,15.7);
#1356 = AXIS2_PLACEMENT_3D('',#1357,#1358,#1359);
#1357 = CARTESIAN_POINT('',(-30.,-78.78187929913,15.7));
#1358 = DIRECTION('',(-1.,0.,-5.6E-16));
#1359 = DIRECTION('',(5.6E-16,0.,-1.));
#1360 = ADVANCED_FACE('',(#1361),#1372,.T.);
#1361 = FACE_BOUND('',#1362,.T.);
#1362 = EDGE_LOOP('',(#1363,#1364,#1365,#1366));
#1363 = ORIENTED_EDGE('',*,*,#647,.F.);
#1364 = ORIENTED_EDGE('',*,*,#1348,.F.);
#1365 = ORIENTED_EDGE('',*,*,#751,.T.);
#1366 = ORIENTED_EDGE('',*,*,#1367,.F.);
#1367 = EDGE_CURVE('',#648,#743,#1368,.T.);
#1368 = LINE('',#1369,#1370);
#1369 = CARTESIAN_POINT('',(-44.,-94.48187929913,15.755518480805));
#1370 = VECTOR('',#1371,1.);
#1371 = DIRECTION('',(1.,0.,1.89E-15));
#1372 = PLANE('',#1373);
#1373 = AXIS2_PLACEMENT_3D('',#1374,#1375,#1376);
#1374 = CARTESIAN_POINT('',(-30.,-94.48187929913,-1.998E-14));
#1375 = DIRECTION('',(0.,-1.,0.));
#1376 = DIRECTION('',(-1.,-0.,-6.6E-16));
#1377 = ADVANCED_FACE('',(#1378),#1384,.T.);
#1378 = FACE_BOUND('',#1379,.F.);
#1379 = EDGE_LOOP('',(#1380,#1381,#1382,#1383));
#1380 = ORIENTED_EDGE('',*,*,#655,.T.);
#1381 = ORIENTED_EDGE('',*,*,#692,.T.);
#1382 = ORIENTED_EDGE('',*,*,#742,.F.);
#1383 = ORIENTED_EDGE('',*,*,#1367,.F.);
#1384 = CYLINDRICAL_SURFACE('',#1385,15.7);
#1385 = AXIS2_PLACEMENT_3D('',#1386,#1387,#1388);
#1386 = CARTESIAN_POINT('',(-44.,-78.78187929913,15.755518480805));
#1387 = DIRECTION('',(1.,0.,1.89E-15));
#1388 = DIRECTION('',(0.,-1.,0.));
#1389 = ADVANCED_FACE('',(#1390),#1401,.F.);
#1390 = FACE_BOUND('',#1391,.F.);
#1391 = EDGE_LOOP('',(#1392,#1393,#1399,#1400));
#1392 = ORIENTED_EDGE('',*,*,#674,.F.);
#1393 = ORIENTED_EDGE('',*,*,#1394,.T.);
#1394 = EDGE_CURVE('',#675,#769,#1395,.T.);
#1395 = LINE('',#1396,#1397);
#1396 = CARTESIAN_POINT('',(-44.,-73.,15.));
#1397 = VECTOR('',#1398,1.);
#1398 = DIRECTION('',(1.,0.,7.7E-16));
#1399 = ORIENTED_EDGE('',*,*,#768,.T.);
#1400 = ORIENTED_EDGE('',*,*,#1394,.F.);
#1401 = CYLINDRICAL_SURFACE('',#1402,7.);
#1402 = AXIS2_PLACEMENT_3D('',#1403,#1404,#1405);
#1403 = CARTESIAN_POINT('',(-44.,-80.,15.));
#1404 = DIRECTION('',(-1.,0.,-7.7E-16));
#1405 = DIRECTION('',(0.,1.,0.));
#1406 = ADVANCED_FACE('',(#1407),#1413,.T.);
#1407 = FACE_BOUND('',#1408,.T.);
#1408 = EDGE_LOOP('',(#1409,#1410,#1411,#1412));
#1409 = ORIENTED_EDGE('',*,*,#1235,.F.);
#1410 = ORIENTED_EDGE('',*,*,#974,.T.);
#1411 = ORIENTED_EDGE('',*,*,#1294,.T.);
#1412 = ORIENTED_EDGE('',*,*,#725,.F.);
#1413 = PLANE('',#1414);
#1414 = AXIS2_PLACEMENT_3D('',#1415,#1416,#1417);
#1415 = CARTESIAN_POINT('',(30.,-44.48187929913,1.998E-14));
#1416 = DIRECTION('',(0.,-1.,0.));
#1417 = DIRECTION('',(-1.,-0.,-6.6E-16));
#1418 = ADVANCED_FACE('',(#1419),#1435,.F.);
#1419 = FACE_BOUND('',#1420,.F.);
#1420 = EDGE_LOOP('',(#1421,#1422,#1428,#1429));
#1421 = ORIENTED_EDGE('',*,*,#785,.T.);
#1422 = ORIENTED_EDGE('',*,*,#1423,.T.);
#1423 = EDGE_CURVE('',#788,#870,#1424,.T.);
#1424 = LINE('',#1425,#1426);
#1425 = CARTESIAN_POINT('',(15.,-38.77075908679,106.));
#1426 = VECTOR('',#1427,1.);
#1427 = DIRECTION('',(1.,0.,6.7E-16));
#1428 = ORIENTED_EDGE('',*,*,#869,.T.);
#1429 = ORIENTED_EDGE('',*,*,#1430,.T.);
#1430 = EDGE_CURVE('',#872,#786,#1431,.T.);
#1431 = LINE('',#1432,#1433);
#1432 = CARTESIAN_POINT('',(30.,-38.82620606324,106.));
#1433 = VECTOR('',#1434,1.);
#1434 = DIRECTION('',(-1.,0.,-6.7E-16));
#1435 = PLANE('',#1436);
#1436 = AXIS2_PLACEMENT_3D('',#1437,#1438,#1439);
#1437 = CARTESIAN_POINT('',(22.5,-44.8787016455,106.));
#1438 = DIRECTION('',(2.2E-16,-0.,-1.));
#1439 = DIRECTION('',(-1.,0.,-2.2E-16));
#1440 = ADVANCED_FACE('',(#1441),#1447,.T.);
#1441 = FACE_BOUND('',#1442,.T.);
#1442 = EDGE_LOOP('',(#1443,#1444,#1445,#1446));
#1443 = ORIENTED_EDGE('',*,*,#795,.T.);
#1444 = ORIENTED_EDGE('',*,*,#1423,.T.);
#1445 = ORIENTED_EDGE('',*,*,#896,.F.);
#1446 = ORIENTED_EDGE('',*,*,#846,.F.);
#1447 = CYLINDRICAL_SURFACE('',#1448,15.6);
#1448 = AXIS2_PLACEMENT_3D('',#1449,#1450,#1451);
#1449 = CARTESIAN_POINT('',(15.,-38.77075908679,90.4));
#1450 = DIRECTION('',(1.,0.,6.7E-16));
#1451 = DIRECTION('',(-3.413938821994E-16,0.860445129764,0.50954310776)
  );
#1452 = ADVANCED_FACE('',(#1453),#1459,.T.);
#1453 = FACE_BOUND('',#1454,.T.);
#1454 = EDGE_LOOP('',(#1455,#1456,#1457,#1458));
#1455 = ORIENTED_EDGE('',*,*,#879,.T.);
#1456 = ORIENTED_EDGE('',*,*,#1430,.T.);
#1457 = ORIENTED_EDGE('',*,*,#819,.F.);
#1458 = ORIENTED_EDGE('',*,*,#1211,.F.);
#1459 = CYLINDRICAL_SURFACE('',#1460,12.);
#1460 = AXIS2_PLACEMENT_3D('',#1461,#1462,#1463);
#1461 = CARTESIAN_POINT('',(30.,-38.82620606324,94.));
#1462 = DIRECTION('',(-1.,0.,-6.7E-16));
#1463 = DIRECTION('',(3.413938821994E-16,-0.860445129764,-0.50954310776)
  );
#1464 = ADVANCED_FACE('',(#1465),#1476,.F.);
#1465 = FACE_BOUND('',#1466,.F.);
#1466 = EDGE_LOOP('',(#1467,#1468,#1474,#1475));
#1467 = ORIENTED_EDGE('',*,*,#905,.F.);
#1468 = ORIENTED_EDGE('',*,*,#1469,.T.);
#1469 = EDGE_CURVE('',#906,#829,#1470,.T.);
#1470 = LINE('',#1471,#1472);
#1471 = CARTESIAN_POINT('',(30.,-45.04444206723,94.459258343214));
#1472 = VECTOR('',#1473,1.);
#1473 = DIRECTION('',(-1.,0.,-1.19E-15));
#1474 = ORIENTED_EDGE('',*,*,#828,.T.);
#1475 = ORIENTED_EDGE('',*,*,#1469,.F.);
#1476 = CYLINDRICAL_SURFACE('',#1477,7.);
#1477 = AXIS2_PLACEMENT_3D('',#1478,#1479,#1480);
#1478 = CARTESIAN_POINT('',(30.,-38.04444206723,94.459258343214));
#1479 = DIRECTION('',(1.,0.,1.19E-15));
#1480 = DIRECTION('',(0.,-1.,0.));
#1481 = ADVANCED_FACE('',(#1482),#1493,.T.);
#1482 = FACE_BOUND('',#1483,.T.);
#1483 = EDGE_LOOP('',(#1484,#1485,#1491,#1492));
#1484 = ORIENTED_EDGE('',*,*,#1058,.T.);
#1485 = ORIENTED_EDGE('',*,*,#1486,.T.);
#1486 = EDGE_CURVE('',#1051,#933,#1487,.T.);
#1487 = LINE('',#1488,#1489);
#1488 = CARTESIAN_POINT('',(44.,-94.48187929913,15.7));
#1489 = VECTOR('',#1490,1.);
#1490 = DIRECTION('',(-1.,0.,-5.6E-16));
#1491 = ORIENTED_EDGE('',*,*,#932,.F.);
#1492 = ORIENTED_EDGE('',*,*,#1228,.F.);
#1493 = CYLINDRICAL_SURFACE('',#1494,15.7);
#1494 = AXIS2_PLACEMENT_3D('',#1495,#1496,#1497);
#1495 = CARTESIAN_POINT('',(44.,-78.78187929913,15.7));
#1496 = DIRECTION('',(-1.,0.,-5.6E-16));
#1497 = DIRECTION('',(5.6E-16,0.,-1.));
#1498 = ADVANCED_FACE('',(#1499),#1510,.T.);
#1499 = FACE_BOUND('',#1500,.T.);
#1500 = EDGE_LOOP('',(#1501,#1502,#1503,#1504));
#1501 = ORIENTED_EDGE('',*,*,#941,.F.);
#1502 = ORIENTED_EDGE('',*,*,#1486,.F.);
#1503 = ORIENTED_EDGE('',*,*,#1050,.T.);
#1504 = ORIENTED_EDGE('',*,*,#1505,.F.);
#1505 = EDGE_CURVE('',#942,#1042,#1506,.T.);
#1506 = LINE('',#1507,#1508);
#1507 = CARTESIAN_POINT('',(30.,-94.48187929913,15.755518480805));
#1508 = VECTOR('',#1509,1.);
#1509 = DIRECTION('',(1.,0.,1.89E-15));
#1510 = PLANE('',#1511);
#1511 = AXIS2_PLACEMENT_3D('',#1512,#1513,#1514);
#1512 = CARTESIAN_POINT('',(44.,-94.48187929913,2.931E-14));
#1513 = DIRECTION('',(0.,-1.,0.));
#1514 = DIRECTION('',(-1.,-0.,-6.6E-16));
#1515 = ADVANCED_FACE('',(#1516),#1522,.T.);
#1516 = FACE_BOUND('',#1517,.T.);
#1517 = EDGE_LOOP('',(#1518,#1519,#1520,#1521));
#1518 = ORIENTED_EDGE('',*,*,#966,.F.);
#1519 = ORIENTED_EDGE('',*,*,#1193,.T.);
#1520 = ORIENTED_EDGE('',*,*,#1110,.T.);
#1521 = ORIENTED_EDGE('',*,*,#1300,.F.);
#1522 = PLANE('',#1523);
#1523 = AXIS2_PLACEMENT_3D('',#1524,#1525,#1526);
#1524 = CARTESIAN_POINT('',(30.,-44.48187929913,66.));
#1525 = DIRECTION('',(-1.,2.2E-16,-4.4E-16));
#1526 = DIRECTION('',(4.4E-16,3.483422479331E-48,-1.));
#1527 = ADVANCED_FACE('',(#1528),#1534,.T.);
#1528 = FACE_BOUND('',#1529,.F.);
#1529 = EDGE_LOOP('',(#1530,#1531,#1532,#1533));
#1530 = ORIENTED_EDGE('',*,*,#949,.T.);
#1531 = ORIENTED_EDGE('',*,*,#1000,.T.);
#1532 = ORIENTED_EDGE('',*,*,#1041,.F.);
#1533 = ORIENTED_EDGE('',*,*,#1505,.F.);
#1534 = CYLINDRICAL_SURFACE('',#1535,15.7);
#1535 = AXIS2_PLACEMENT_3D('',#1536,#1537,#1538);
#1536 = CARTESIAN_POINT('',(30.,-78.78187929913,15.755518480805));
#1537 = DIRECTION('',(1.,0.,1.89E-15));
#1538 = DIRECTION('',(0.,-1.,0.));
#1539 = ADVANCED_FACE('',(#1540),#1551,.F.);
#1540 = FACE_BOUND('',#1541,.F.);
#1541 = EDGE_LOOP('',(#1542,#1543,#1549,#1550));
#1542 = ORIENTED_EDGE('',*,*,#982,.F.);
#1543 = ORIENTED_EDGE('',*,*,#1544,.T.);
#1544 = EDGE_CURVE('',#983,#1068,#1545,.T.);
#1545 = LINE('',#1546,#1547);
#1546 = CARTESIAN_POINT('',(-44.,-73.,15.));
#1547 = VECTOR('',#1548,1.);
#1548 = DIRECTION('',(1.,0.,7.7E-16));
#1549 = ORIENTED_EDGE('',*,*,#1067,.T.);
#1550 = ORIENTED_EDGE('',*,*,#1544,.F.);
#1551 = CYLINDRICAL_SURFACE('',#1552,7.);
#1552 = AXIS2_PLACEMENT_3D('',#1553,#1554,#1555);
#1553 = CARTESIAN_POINT('',(-44.,-80.,15.));
#1554 = DIRECTION('',(-1.,0.,-7.7E-16));
#1555 = DIRECTION('',(0.,1.,0.));
#1556 = ADVANCED_FACE('',(#1557),#1568,.F.);
#1557 = FACE_BOUND('',#1558,.F.);
#1558 = EDGE_LOOP('',(#1559,#1560,#1566,#1567));
#1559 = ORIENTED_EDGE('',*,*,#1260,.F.);
#1560 = ORIENTED_EDGE('',*,*,#1561,.T.);
#1561 = EDGE_CURVE('',#1261,#1319,#1562,.T.);
#1562 = LINE('',#1563,#1564);
#1563 = CARTESIAN_POINT('',(0.,10.,0.));
#1564 = VECTOR('',#1565,1.);
#1565 = DIRECTION('',(-6.6E-16,0.,1.));
#1566 = ORIENTED_EDGE('',*,*,#1318,.T.);
#1567 = ORIENTED_EDGE('',*,*,#1561,.F.);
#1568 = CYLINDRICAL_SURFACE('',#1569,10.);
#1569 = AXIS2_PLACEMENT_3D('',#1570,#1571,#1572);
#1570 = CARTESIAN_POINT('',(0.,0.,0.));
#1571 = DIRECTION('',(6.6E-16,0.,-1.));
#1572 = DIRECTION('',(0.,1.,0.));
#1573 = ( GEOMETRIC_REPRESENTATION_CONTEXT(3) 
GLOBAL_UNCERTAINTY_ASSIGNED_CONTEXT((#1577)) 
GLOBAL_UNIT_ASSIGNED_CONTEXT((#1574,#1575,#1576)) REPRESENTATION_CONTEXT
('Context #1','3D Context with UNIT and UNCERTAINTY') );
#1574 = ( LENGTH_UNIT() NAMED_UNIT(*) SI_UNIT(.MILLI.,.METRE.) );
#1575 = ( NAMED_UNIT(*) PLANE_ANGLE_UNIT() SI_UNIT($,.RADIAN.) );
#1576 = ( NAMED_UNIT(*) SI_UNIT($,.STERADIAN.) SOLID_ANGLE_UNIT() );
#1577 = UNCERTAINTY_MEASURE_WITH_UNIT(LENGTH_MEASURE(1.E-07),#1574,
  'distance_accuracy_value','confusion accuracy');
#1578 = CONTEXT_DEPENDENT_SHAPE_REPRESENTATION(#1579,#1581);
#1579 = ( REPRESENTATION_RELATIONSHIP('','',#152,#10) 
REPRESENTATION_RELATIONSHIP_WITH_TRANSFORMATION(#1580) 
SHAPE_REPRESENTATION_RELATIONSHIP() );
#1580 = ITEM_DEFINED_TRANSFORMATION('','',#11,#19);
#1581 = PRODUCT_DEFINITION_SHAPE('Placement','Placement of an item',
  #1582);
#1582 = NEXT_ASSEMBLY_USAGE_OCCURRENCE('2','Base001','',#5,#147,$);
#1583 = PRODUCT_RELATED_PRODUCT_CATEGORY('part',$,(#149));
#1584 = SHAPE_DEFINITION_REPRESENTATION(#1585,#1591);
#1585 = PRODUCT_DEFINITION_SHAPE('','',#1586);
#1586 = PRODUCT_DEFINITION('design','',#1587,#1590);
#1587 = PRODUCT_DEFINITION_FORMATION('','',#1588);
#1588 = PRODUCT('Boom','Boom','',(#1589));
#1589 = PRODUCT_CONTEXT('',#2,'mechanical');
#1590 = PRODUCT_DEFINITION_CONTEXT('part definition',#2,'design');
#1591 = ADVANCED_BREP_SHAPE_REPRESENTATION('',(#11,#1592),#2623);
#1592 = MANIFOLD_SOLID_BREP('',#1593);
#1593 = CLOSED_SHELL('',(#1594,#1738,#1769,#1794,#1850,#1874,#1899,#1924
    ,#1980,#2004,#2028,#2052,#2070,#2095,#2120,#2145,#2170,#2203,#2220,
    #2329,#2353,#2458,#2475,#2492,#2509,#2526,#2543,#2560,#2572,#2589,
    #2606));
#1594 = ADVANCED_FACE('',(#1595,#1689,#1700,#1711,#1722),#1733,.F.);
#1595 = FACE_BOUND('',#1596,.F.);
#1596 = EDGE_LOOP('',(#1597,#1607,#1616,#1624,#1633,#1641,#1649,#1658,
    #1666,#1674,#1683));
#1597 = ORIENTED_EDGE('',*,*,#1598,.T.);
#1598 = EDGE_CURVE('',#1599,#1601,#1603,.T.);
#1599 = VERTEX_POINT('',#1600);
#1600 = CARTESIAN_POINT('',(-32.9758203125,-387.7508197037,
    237.41456919737));
#1601 = VERTEX_POINT('',#1602);
#1602 = CARTESIAN_POINT('',(-32.9758203125,-386.5793121341,
    259.26646994902));
#1603 = LINE('',#1604,#1605);
#1604 = CARTESIAN_POINT('',(-32.9758203125,-387.7508197037,
    237.41456919737));
#1605 = VECTOR('',#1606,1.);
#1606 = DIRECTION('',(0.,5.353436527229E-02,0.9985660077));
#1607 = ORIENTED_EDGE('',*,*,#1608,.T.);
#1608 = EDGE_CURVE('',#1601,#1609,#1611,.T.);
#1609 = VERTEX_POINT('',#1610);
#1610 = CARTESIAN_POINT('',(-32.9758203125,-393.8790359656,
    282.75753122336));
#1611 = CIRCLE('',#1612,35.4);
#1612 = AXIS2_PLACEMENT_3D('',#1613,#1614,#1615);
#1613 = CARTESIAN_POINT('',(-32.9758203125,-421.9285488067,
    261.16158647966));
#1614 = DIRECTION('',(1.,-0.,0.));
#1615 = DIRECTION('',(0.,0.,-1.));
#1616 = ORIENTED_EDGE('',*,*,#1617,.T.);
#1617 = EDGE_CURVE('',#1609,#1618,#1620,.T.);
#1618 = VERTEX_POINT('',#1619);
#1619 = CARTESIAN_POINT('',(-32.9758203125,-393.9252624137,
    282.81757163213));
#1620 = LINE('',#1621,#1622);
#1621 = CARTESIAN_POINT('',(-32.9758203125,-385.8771169192,
    272.36437946689));
#1622 = VECTOR('',#1623,1.);
#1623 = DIRECTION('',(0.,-0.610054936263,0.792359119807));
#1624 = ORIENTED_EDGE('',*,*,#1625,.T.);
#1625 = EDGE_CURVE('',#1618,#1626,#1628,.T.);
#1626 = VERTEX_POINT('',#1627);
#1627 = CARTESIAN_POINT('',(-32.9758203125,-420.9796295631,
    296.60763662465));
#1628 = CIRCLE('',#1629,35.4);
#1629 = AXIS2_PLACEMENT_3D('',#1630,#1631,#1632);
#1630 = CARTESIAN_POINT('',(-32.9758203125,-421.9747752548,
    261.22162688843));
#1631 = DIRECTION('',(1.,-0.,0.));
#1632 = DIRECTION('',(0.,0.,-1.));
#1633 = ORIENTED_EDGE('',*,*,#1634,.T.);
#1634 = EDGE_CURVE('',#1626,#1635,#1637,.T.);
#1635 = VERTEX_POINT('',#1636);
#1636 = CARTESIAN_POINT('',(-32.9758203125,-434.1669088513,
    296.97849686764));
#1637 = LINE('',#1638,#1639);
#1638 = CARTESIAN_POINT('',(-32.9758203125,-404.178765007,296.1351530611
    ));
#1639 = VECTOR('',#1640,1.);
#1640 = DIRECTION('',(0.,-0.999604794809,2.811146021781E-02));
#1641 = ORIENTED_EDGE('',*,*,#1642,.T.);
#1642 = EDGE_CURVE('',#1635,#1643,#1645,.T.);
#1643 = VERTEX_POINT('',#1644);
#1644 = CARTESIAN_POINT('',(-32.9758203125,-586.4198346814,
    346.16230087024));
#1645 = LINE('',#1646,#1647);
#1646 = CARTESIAN_POINT('',(-32.9758203125,-434.1669088513,
    296.97849686764));
#1647 = VECTOR('',#1648,1.);
#1648 = DIRECTION('',(0.,-0.951580786438,0.307398775016));
#1649 = ORIENTED_EDGE('',*,*,#1650,.T.);
#1650 = EDGE_CURVE('',#1643,#1651,#1653,.T.);
#1651 = VERTEX_POINT('',#1652);
#1652 = CARTESIAN_POINT('',(-32.9758203125,-601.9549973374,
    323.00860235116));
#1653 = CIRCLE('',#1654,14.5);
#1654 = AXIS2_PLACEMENT_3D('',#1655,#1656,#1657);
#1655 = CARTESIAN_POINT('',(-32.9758203125,-590.8771169192,
    332.36437946689));
#1656 = DIRECTION('',(1.,0.,0.));
#1657 = DIRECTION('',(0.,1.,0.));
#1658 = ORIENTED_EDGE('',*,*,#1659,.T.);
#1659 = EDGE_CURVE('',#1651,#1660,#1662,.T.);
#1660 = VERTEX_POINT('',#1661);
#1661 = CARTESIAN_POINT('',(-32.9758203125,-492.2665759806,
    193.13000434422));
#1662 = LINE('',#1663,#1664);
#1663 = CARTESIAN_POINT('',(-32.9758203125,-601.9549973374,
    323.00860235116));
#1664 = VECTOR('',#1665,1.);
#1665 = DIRECTION('',(0.,0.645226007981,-0.763991752982));
#1666 = ORIENTED_EDGE('',*,*,#1667,.T.);
#1667 = EDGE_CURVE('',#1660,#1668,#1670,.T.);
#1668 = VERTEX_POINT('',#1669);
#1669 = CARTESIAN_POINT('',(-32.9758203125,-264.2959849519,
    30.558759574336));
#1670 = LINE('',#1671,#1672);
#1671 = CARTESIAN_POINT('',(-32.9758203125,-492.2665759806,
    193.13000434422));
#1672 = VECTOR('',#1673,1.);
#1673 = DIRECTION('',(0.,0.814180682245,-0.580611588464));
#1674 = ORIENTED_EDGE('',*,*,#1675,.T.);
#1675 = EDGE_CURVE('',#1668,#1676,#1678,.T.);
#1676 = VERTEX_POINT('',#1677);
#1677 = CARTESIAN_POINT('',(-32.9758203125,-244.387909682,
    51.210176042702));
#1678 = CIRCLE('',#1679,14.5);
#1679 = AXIS2_PLACEMENT_3D('',#1680,#1681,#1682);
#1680 = CARTESIAN_POINT('',(-32.9758203125,-255.8771169192,
    42.364379466893));
#1681 = DIRECTION('',(1.,0.,0.));
#1682 = DIRECTION('',(0.,1.,0.));
#1683 = ORIENTED_EDGE('',*,*,#1684,.T.);
#1684 = EDGE_CURVE('',#1676,#1599,#1685,.T.);
#1685 = LINE('',#1686,#1687);
#1686 = CARTESIAN_POINT('',(-32.9758203125,-244.387909682,
    51.210176042702));
#1687 = VECTOR('',#1688,1.);
#1688 = DIRECTION('',(0.,-0.610054936263,0.792359119807));
#1689 = FACE_BOUND('',#1690,.F.);
#1690 = EDGE_LOOP('',(#1691));
#1691 = ORIENTED_EDGE('',*,*,#1692,.F.);
#1692 = EDGE_CURVE('',#1693,#1693,#1695,.T.);
#1693 = VERTEX_POINT('',#1694);
#1694 = CARTESIAN_POINT('',(-32.9758203125,-378.8771169192,
    162.36437946689));
#1695 = CIRCLE('',#1696,7.);
#1696 = AXIS2_PLACEMENT_3D('',#1697,#1698,#1699);
#1697 = CARTESIAN_POINT('',(-32.9758203125,-385.8771169192,
    162.36437946689));
#1698 = DIRECTION('',(1.,0.,0.));
#1699 = DIRECTION('',(0.,1.,0.));
#1700 = FACE_BOUND('',#1701,.F.);
#1701 = EDGE_LOOP('',(#1702));
#1702 = ORIENTED_EDGE('',*,*,#1703,.F.);
#1703 = EDGE_CURVE('',#1704,#1704,#1706,.T.);
#1704 = VERTEX_POINT('',#1705);
#1705 = CARTESIAN_POINT('',(-32.9758203125,-248.8771169192,
    42.364379466893));
#1706 = CIRCLE('',#1707,7.);
#1707 = AXIS2_PLACEMENT_3D('',#1708,#1709,#1710);
#1708 = CARTESIAN_POINT('',(-32.9758203125,-255.8771169192,
    42.364379466893));
#1709 = DIRECTION('',(1.,0.,0.));
#1710 = DIRECTION('',(0.,1.,0.));
#1711 = FACE_BOUND('',#1712,.F.);
#1712 = EDGE_LOOP('',(#1713));
#1713 = ORIENTED_EDGE('',*,*,#1714,.F.);
#1714 = EDGE_CURVE('',#1715,#1715,#1717,.T.);
#1715 = VERTEX_POINT('',#1716);
#1716 = CARTESIAN_POINT('',(-32.9758203125,-583.8771169192,
    332.36437946689));
#1717 = CIRCLE('',#1718,7.);
#1718 = AXIS2_PLACEMENT_3D('',#1719,#1720,#1721);
#1719 = CARTESIAN_POINT('',(-32.9758203125,-590.8771169192,
    332.36437946689));
#1720 = DIRECTION('',(1.,0.,0.));
#1721 = DIRECTION('',(0.,1.,0.));
#1722 = FACE_BOUND('',#1723,.F.);
#1723 = EDGE_LOOP('',(#1724));
#1724 = ORIENTED_EDGE('',*,*,#1725,.F.);
#1725 = EDGE_CURVE('',#1726,#1726,#1728,.T.);
#1726 = VERTEX_POINT('',#1727);
#1727 = CARTESIAN_POINT('',(-32.9758203125,-400.3771169192,
    273.86437946689));
#1728 = CIRCLE('',#1729,7.);
#1729 = AXIS2_PLACEMENT_3D('',#1730,#1731,#1732);
#1730 = CARTESIAN_POINT('',(-32.9758203125,-407.3771169192,
    273.86437946689));
#1731 = DIRECTION('',(1.,0.,0.));
#1732 = DIRECTION('',(0.,1.,0.));
#1733 = PLANE('',#1734);
#1734 = AXIS2_PLACEMENT_3D('',#1735,#1736,#1737);
#1735 = CARTESIAN_POINT('',(-32.9758203125,-417.774827926,
    197.43115187421));
#1736 = DIRECTION('',(1.,0.,0.));
#1737 = DIRECTION('',(0.,1.,0.));
#1738 = ADVANCED_FACE('',(#1739),#1764,.F.);
#1739 = FACE_BOUND('',#1740,.F.);
#1740 = EDGE_LOOP('',(#1741,#1742,#1750,#1758));
#1741 = ORIENTED_EDGE('',*,*,#1598,.F.);
#1742 = ORIENTED_EDGE('',*,*,#1743,.T.);
#1743 = EDGE_CURVE('',#1599,#1744,#1746,.T.);
#1744 = VERTEX_POINT('',#1745);
#1745 = CARTESIAN_POINT('',(-17.9758203125,-387.7508197037,
    237.41456919737));
#1746 = LINE('',#1747,#1748);
#1747 = CARTESIAN_POINT('',(-32.9758203125,-387.7508197037,
    237.41456919737));
#1748 = VECTOR('',#1749,1.);
#1749 = DIRECTION('',(1.,0.,0.));
#1750 = ORIENTED_EDGE('',*,*,#1751,.T.);
#1751 = EDGE_CURVE('',#1744,#1752,#1754,.T.);
#1752 = VERTEX_POINT('',#1753);
#1753 = CARTESIAN_POINT('',(-17.9758203125,-386.5793121341,
    259.26646994902));
#1754 = LINE('',#1755,#1756);
#1755 = CARTESIAN_POINT('',(-17.9758203125,-391.0968069716,
    175.00252544001));
#1756 = VECTOR('',#1757,1.);
#1757 = DIRECTION('',(-6.5E-16,5.353436527229E-02,0.9985660077));
#1758 = ORIENTED_EDGE('',*,*,#1759,.F.);
#1759 = EDGE_CURVE('',#1601,#1752,#1760,.T.);
#1760 = LINE('',#1761,#1762);
#1761 = CARTESIAN_POINT('',(-32.9758203125,-386.5793121341,
    259.26646994902));
#1762 = VECTOR('',#1763,1.);
#1763 = DIRECTION('',(1.,0.,0.));
#1764 = PLANE('',#1765);
#1765 = AXIS2_PLACEMENT_3D('',#1766,#1767,#1768);
#1766 = CARTESIAN_POINT('',(-32.9758203125,-387.7508197037,
    237.41456919737));
#1767 = DIRECTION('',(0.,-0.9985660077,5.353436527229E-02));
#1768 = DIRECTION('',(0.,5.353436527229E-02,0.9985660077));
#1769 = ADVANCED_FACE('',(#1770),#1789,.T.);
#1770 = FACE_BOUND('',#1771,.T.);
#1771 = EDGE_LOOP('',(#1772,#1773,#1781,#1788));
#1772 = ORIENTED_EDGE('',*,*,#1608,.T.);
#1773 = ORIENTED_EDGE('',*,*,#1774,.T.);
#1774 = EDGE_CURVE('',#1609,#1775,#1777,.T.);
#1775 = VERTEX_POINT('',#1776);
#1776 = CARTESIAN_POINT('',(-17.9758203125,-393.8790359656,
    282.75753122336));
#1777 = LINE('',#1778,#1779);
#1778 = CARTESIAN_POINT('',(-32.9758203125,-393.8790359656,
    282.75753122336));
#1779 = VECTOR('',#1780,1.);
#1780 = DIRECTION('',(1.,0.,0.));
#1781 = ORIENTED_EDGE('',*,*,#1782,.F.);
#1782 = EDGE_CURVE('',#1752,#1775,#1783,.T.);
#1783 = CIRCLE('',#1784,35.4);
#1784 = AXIS2_PLACEMENT_3D('',#1785,#1786,#1787);
#1785 = CARTESIAN_POINT('',(-17.9758203125,-421.9285488067,
    261.16158647966));
#1786 = DIRECTION('',(1.,-0.,0.));
#1787 = DIRECTION('',(0.,0.,-1.));
#1788 = ORIENTED_EDGE('',*,*,#1759,.F.);
#1789 = CYLINDRICAL_SURFACE('',#1790,35.4);
#1790 = AXIS2_PLACEMENT_3D('',#1791,#1792,#1793);
#1791 = CARTESIAN_POINT('',(-32.9758203125,-421.9285488067,
    261.16158647966));
#1792 = DIRECTION('',(1.,0.,0.));
#1793 = DIRECTION('',(0.,0.9985660077,-5.353436527229E-02));
#1794 = ADVANCED_FACE('',(#1795),#1845,.F.);
#1795 = FACE_BOUND('',#1796,.F.);
#1796 = EDGE_LOOP('',(#1797,#1798,#1806,#1814,#1822,#1830,#1838,#1844));
#1797 = ORIENTED_EDGE('',*,*,#1684,.F.);
#1798 = ORIENTED_EDGE('',*,*,#1799,.T.);
#1799 = EDGE_CURVE('',#1676,#1800,#1802,.T.);
#1800 = VERTEX_POINT('',#1801);
#1801 = CARTESIAN_POINT('',(27.0241796875,-244.387909682,51.210176042702
    ));
#1802 = LINE('',#1803,#1804);
#1803 = CARTESIAN_POINT('',(-32.9758203125,-244.387909682,
    51.210176042702));
#1804 = VECTOR('',#1805,1.);
#1805 = DIRECTION('',(1.,0.,0.));
#1806 = ORIENTED_EDGE('',*,*,#1807,.T.);
#1807 = EDGE_CURVE('',#1800,#1808,#1810,.T.);
#1808 = VERTEX_POINT('',#1809);
#1809 = CARTESIAN_POINT('',(27.0241796875,-387.7508197037,
    237.41456919737));
#1810 = LINE('',#1811,#1812);
#1811 = CARTESIAN_POINT('',(27.0241796875,-244.387909682,51.210176042702
    ));
#1812 = VECTOR('',#1813,1.);
#1813 = DIRECTION('',(0.,-0.610054936263,0.792359119807));
#1814 = ORIENTED_EDGE('',*,*,#1815,.F.);
#1815 = EDGE_CURVE('',#1816,#1808,#1818,.T.);
#1816 = VERTEX_POINT('',#1817);
#1817 = CARTESIAN_POINT('',(12.0241796875,-387.7508197037,
    237.41456919737));
#1818 = LINE('',#1819,#1820);
#1819 = CARTESIAN_POINT('',(-32.9758203125,-387.7508197037,
    237.41456919737));
#1820 = VECTOR('',#1821,1.);
#1821 = DIRECTION('',(1.,0.,0.));
#1822 = ORIENTED_EDGE('',*,*,#1823,.T.);
#1823 = EDGE_CURVE('',#1816,#1824,#1826,.T.);
#1824 = VERTEX_POINT('',#1825);
#1825 = CARTESIAN_POINT('',(12.0241796875,-291.3794363258,
    112.24429358958));
#1826 = LINE('',#1827,#1828);
#1827 = CARTESIAN_POINT('',(12.0241796875,-366.0274798358,
    209.19959144066));
#1828 = VECTOR('',#1829,1.);
#1829 = DIRECTION('',(4.E-16,0.610054936263,-0.792359119807));
#1830 = ORIENTED_EDGE('',*,*,#1831,.T.);
#1831 = EDGE_CURVE('',#1824,#1832,#1834,.T.);
#1832 = VERTEX_POINT('',#1833);
#1833 = CARTESIAN_POINT('',(-17.9758203125,-291.3794363258,
    112.24429358958));
#1834 = LINE('',#1835,#1836);
#1835 = CARTESIAN_POINT('',(-17.9758203125,-291.3794363258,
    112.24429358958));
#1836 = VECTOR('',#1837,1.);
#1837 = DIRECTION('',(-1.,6.8E-16,-8.8E-16));
#1838 = ORIENTED_EDGE('',*,*,#1839,.T.);
#1839 = EDGE_CURVE('',#1832,#1744,#1840,.T.);
#1840 = LINE('',#1841,#1842);
#1841 = CARTESIAN_POINT('',(-17.9758203125,-261.9849121297,
    74.065733045679));
#1842 = VECTOR('',#1843,1.);
#1843 = DIRECTION('',(-4.E-16,-0.610054936263,0.792359119807));
#1844 = ORIENTED_EDGE('',*,*,#1743,.F.);
#1845 = PLANE('',#1846);
#1846 = AXIS2_PLACEMENT_3D('',#1847,#1848,#1849);
#1847 = CARTESIAN_POINT('',(-32.9758203125,-244.387909682,
    51.210176042702));
#1848 = DIRECTION('',(0.,-0.792359119807,-0.610054936263));
#1849 = DIRECTION('',(0.,-0.610054936263,0.792359119807));
#1850 = ADVANCED_FACE('',(#1851),#1869,.F.);
#1851 = FACE_BOUND('',#1852,.F.);
#1852 = EDGE_LOOP('',(#1853,#1854,#1855,#1863));
#1853 = ORIENTED_EDGE('',*,*,#1617,.F.);
#1854 = ORIENTED_EDGE('',*,*,#1774,.T.);
#1855 = ORIENTED_EDGE('',*,*,#1856,.T.);
#1856 = EDGE_CURVE('',#1775,#1857,#1859,.T.);
#1857 = VERTEX_POINT('',#1858);
#1858 = CARTESIAN_POINT('',(-17.9758203125,-393.9252624137,
    282.81757163213));
#1859 = LINE('',#1860,#1861);
#1860 = CARTESIAN_POINT('',(-17.9758203125,-323.694264607,
    191.59927587307));
#1861 = VECTOR('',#1862,1.);
#1862 = DIRECTION('',(-4.E-16,-0.610054936263,0.792359119807));
#1863 = ORIENTED_EDGE('',*,*,#1864,.F.);
#1864 = EDGE_CURVE('',#1618,#1857,#1865,.T.);
#1865 = LINE('',#1866,#1867);
#1866 = CARTESIAN_POINT('',(-32.9758203125,-393.9252624137,
    282.81757163213));
#1867 = VECTOR('',#1868,1.);
#1868 = DIRECTION('',(1.,0.,0.));
#1869 = PLANE('',#1870);
#1870 = AXIS2_PLACEMENT_3D('',#1871,#1872,#1873);
#1871 = CARTESIAN_POINT('',(-32.9758203125,-385.8771169192,
    272.36437946689));
#1872 = DIRECTION('',(0.,-0.792359119807,-0.610054936263));
#1873 = DIRECTION('',(0.,-0.610054936263,0.792359119807));
#1874 = ADVANCED_FACE('',(#1875),#1894,.T.);
#1875 = FACE_BOUND('',#1876,.F.);
#1876 = EDGE_LOOP('',(#1877,#1885,#1892,#1893));
#1877 = ORIENTED_EDGE('',*,*,#1878,.T.);
#1878 = EDGE_CURVE('',#1668,#1879,#1881,.T.);
#1879 = VERTEX_POINT('',#1880);
#1880 = CARTESIAN_POINT('',(27.0241796875,-264.2959849519,
    30.558759574336));
#1881 = LINE('',#1882,#1883);
#1882 = CARTESIAN_POINT('',(-32.9758203125,-264.2959849519,
    30.558759574336));
#1883 = VECTOR('',#1884,1.);
#1884 = DIRECTION('',(1.,0.,0.));
#1885 = ORIENTED_EDGE('',*,*,#1886,.T.);
#1886 = EDGE_CURVE('',#1879,#1800,#1887,.T.);
#1887 = CIRCLE('',#1888,14.5);
#1888 = AXIS2_PLACEMENT_3D('',#1889,#1890,#1891);
#1889 = CARTESIAN_POINT('',(27.0241796875,-255.8771169192,
    42.364379466893));
#1890 = DIRECTION('',(1.,0.,0.));
#1891 = DIRECTION('',(0.,1.,0.));
#1892 = ORIENTED_EDGE('',*,*,#1799,.F.);
#1893 = ORIENTED_EDGE('',*,*,#1675,.F.);
#1894 = CYLINDRICAL_SURFACE('',#1895,14.5);
#1895 = AXIS2_PLACEMENT_3D('',#1896,#1897,#1898);
#1896 = CARTESIAN_POINT('',(-32.9758203125,-255.8771169192,
    42.364379466893));
#1897 = DIRECTION('',(-1.,-0.,-0.));
#1898 = DIRECTION('',(0.,1.,0.));
#1899 = ADVANCED_FACE('',(#1900),#1919,.T.);
#1900 = FACE_BOUND('',#1901,.T.);
#1901 = EDGE_LOOP('',(#1902,#1903,#1911,#1918));
#1902 = ORIENTED_EDGE('',*,*,#1625,.T.);
#1903 = ORIENTED_EDGE('',*,*,#1904,.T.);
#1904 = EDGE_CURVE('',#1626,#1905,#1907,.T.);
#1905 = VERTEX_POINT('',#1906);
#1906 = CARTESIAN_POINT('',(-17.9758203125,-420.9796295631,
    296.60763662465));
#1907 = LINE('',#1908,#1909);
#1908 = CARTESIAN_POINT('',(-32.9758203125,-420.9796295631,
    296.60763662465));
#1909 = VECTOR('',#1910,1.);
#1910 = DIRECTION('',(1.,0.,0.));
#1911 = ORIENTED_EDGE('',*,*,#1912,.F.);
#1912 = EDGE_CURVE('',#1857,#1905,#1913,.T.);
#1913 = CIRCLE('',#1914,35.4);
#1914 = AXIS2_PLACEMENT_3D('',#1915,#1916,#1917);
#1915 = CARTESIAN_POINT('',(-17.9758203125,-421.9747752548,
    261.22162688843));
#1916 = DIRECTION('',(1.,-0.,0.));
#1917 = DIRECTION('',(0.,0.,-1.));
#1918 = ORIENTED_EDGE('',*,*,#1864,.F.);
#1919 = CYLINDRICAL_SURFACE('',#1920,35.4);
#1920 = AXIS2_PLACEMENT_3D('',#1921,#1922,#1923);
#1921 = CARTESIAN_POINT('',(-32.9758203125,-421.9747752548,
    261.22162688843));
#1922 = DIRECTION('',(1.,0.,0.));
#1923 = DIRECTION('',(0.,0.792359119807,0.610054936263));
#1924 = ADVANCED_FACE('',(#1925),#1975,.F.);
#1925 = FACE_BOUND('',#1926,.F.);
#1926 = EDGE_LOOP('',(#1927,#1928,#1936,#1944,#1952,#1960,#1968,#1974));
#1927 = ORIENTED_EDGE('',*,*,#1667,.F.);
#1928 = ORIENTED_EDGE('',*,*,#1929,.T.);
#1929 = EDGE_CURVE('',#1660,#1930,#1932,.T.);
#1930 = VERTEX_POINT('',#1931);
#1931 = CARTESIAN_POINT('',(-17.9758203125,-492.2665759806,
    193.13000434422));
#1932 = LINE('',#1933,#1934);
#1933 = CARTESIAN_POINT('',(-32.9758203125,-492.2665759806,
    193.13000434422));
#1934 = VECTOR('',#1935,1.);
#1935 = DIRECTION('',(1.,0.,0.));
#1936 = ORIENTED_EDGE('',*,*,#1937,.T.);
#1937 = EDGE_CURVE('',#1930,#1938,#1940,.T.);
#1938 = VERTEX_POINT('',#1939);
#1939 = CARTESIAN_POINT('',(-17.9758203125,-433.8853429257,
    151.49695998485));
#1940 = LINE('',#1941,#1942);
#1941 = CARTESIAN_POINT('',(-17.9758203125,-397.3070248444,
    125.41209230415));
#1942 = VECTOR('',#1943,1.);
#1943 = DIRECTION('',(2.3E-16,0.814180682245,-0.580611588464));
#1944 = ORIENTED_EDGE('',*,*,#1945,.T.);
#1945 = EDGE_CURVE('',#1938,#1946,#1948,.T.);
#1946 = VERTEX_POINT('',#1947);
#1947 = CARTESIAN_POINT('',(12.0241796875,-433.8853429257,
    151.49695998485));
#1948 = LINE('',#1949,#1950);
#1949 = CARTESIAN_POINT('',(-17.9758203125,-433.8853429257,
    151.49695998485));
#1950 = VECTOR('',#1951,1.);
#1951 = DIRECTION('',(1.,-1.58E-15,1.13E-15));
#1952 = ORIENTED_EDGE('',*,*,#1953,.T.);
#1953 = EDGE_CURVE('',#1946,#1954,#1956,.T.);
#1954 = VERTEX_POINT('',#1955);
#1955 = CARTESIAN_POINT('',(12.0241796875,-492.2665759806,
    193.13000434422));
#1956 = LINE('',#1957,#1958);
#1957 = CARTESIAN_POINT('',(12.0241796875,-560.6041657279,
    241.86316321204));
#1958 = VECTOR('',#1959,1.);
#1959 = DIRECTION('',(-2.3E-16,-0.814180682245,0.580611588464));
#1960 = ORIENTED_EDGE('',*,*,#1961,.T.);
#1961 = EDGE_CURVE('',#1954,#1962,#1964,.T.);
#1962 = VERTEX_POINT('',#1963);
#1963 = CARTESIAN_POINT('',(27.0241796875,-492.2665759806,
    193.13000434422));
#1964 = LINE('',#1965,#1966);
#1965 = CARTESIAN_POINT('',(-32.9758203125,-492.2665759806,
    193.13000434422));
#1966 = VECTOR('',#1967,1.);
#1967 = DIRECTION('',(1.,0.,0.));
#1968 = ORIENTED_EDGE('',*,*,#1969,.T.);
#1969 = EDGE_CURVE('',#1962,#1879,#1970,.T.);
#1970 = LINE('',#1971,#1972);
#1971 = CARTESIAN_POINT('',(27.0241796875,-492.2665759806,
    193.13000434422));
#1972 = VECTOR('',#1973,1.);
#1973 = DIRECTION('',(0.,0.814180682245,-0.580611588464));
#1974 = ORIENTED_EDGE('',*,*,#1878,.F.);
#1975 = PLANE('',#1976);
#1976 = AXIS2_PLACEMENT_3D('',#1977,#1978,#1979);
#1977 = CARTESIAN_POINT('',(-32.9758203125,-492.2665759806,
    193.13000434422));
#1978 = DIRECTION('',(0.,0.580611588464,0.814180682245));
#1979 = DIRECTION('',(0.,0.814180682245,-0.580611588464));
#1980 = ADVANCED_FACE('',(#1981),#1999,.F.);
#1981 = FACE_BOUND('',#1982,.F.);
#1982 = EDGE_LOOP('',(#1983,#1984,#1985,#1993));
#1983 = ORIENTED_EDGE('',*,*,#1634,.F.);
#1984 = ORIENTED_EDGE('',*,*,#1904,.T.);
#1985 = ORIENTED_EDGE('',*,*,#1986,.T.);
#1986 = EDGE_CURVE('',#1905,#1987,#1989,.T.);
#1987 = VERTEX_POINT('',#1988);
#1988 = CARTESIAN_POINT('',(-17.9758203125,-434.1669088513,
    296.97849686764));
#1989 = LINE('',#1990,#1991);
#1990 = CARTESIAN_POINT('',(-17.9758203125,-333.4853581433,
    294.14707246662));
#1991 = VECTOR('',#1992,1.);
#1992 = DIRECTION('',(1.6E-16,-0.999604794809,2.811146021781E-02));
#1993 = ORIENTED_EDGE('',*,*,#1994,.F.);
#1994 = EDGE_CURVE('',#1635,#1987,#1995,.T.);
#1995 = LINE('',#1996,#1997);
#1996 = CARTESIAN_POINT('',(-32.9758203125,-434.1669088513,
    296.97849686764));
#1997 = VECTOR('',#1998,1.);
#1998 = DIRECTION('',(1.,0.,0.));
#1999 = PLANE('',#2000);
#2000 = AXIS2_PLACEMENT_3D('',#2001,#2002,#2003);
#2001 = CARTESIAN_POINT('',(-32.9758203125,-404.178765007,296.1351530611
    ));
#2002 = DIRECTION('',(0.,-2.811146021781E-02,-0.999604794809));
#2003 = DIRECTION('',(0.,-0.999604794809,2.811146021781E-02));
#2004 = ADVANCED_FACE('',(#2005),#2023,.F.);
#2005 = FACE_BOUND('',#2006,.F.);
#2006 = EDGE_LOOP('',(#2007,#2008,#2016,#2022));
#2007 = ORIENTED_EDGE('',*,*,#1659,.F.);
#2008 = ORIENTED_EDGE('',*,*,#2009,.T.);
#2009 = EDGE_CURVE('',#1651,#2010,#2012,.T.);
#2010 = VERTEX_POINT('',#2011);
#2011 = CARTESIAN_POINT('',(-17.9758203125,-601.9549973374,
    323.00860235116));
#2012 = LINE('',#2013,#2014);
#2013 = CARTESIAN_POINT('',(-32.9758203125,-601.9549973374,
    323.00860235116));
#2014 = VECTOR('',#2015,1.);
#2015 = DIRECTION('',(1.,0.,0.));
#2016 = ORIENTED_EDGE('',*,*,#2017,.T.);
#2017 = EDGE_CURVE('',#2010,#1930,#2018,.T.);
#2018 = LINE('',#2019,#2020);
#2019 = CARTESIAN_POINT('',(-17.9758203125,-478.9133677818,
    177.31889193778));
#2020 = VECTOR('',#2021,1.);
#2021 = DIRECTION('',(3.8E-16,0.645226007981,-0.763991752982));
#2022 = ORIENTED_EDGE('',*,*,#1929,.F.);
#2023 = PLANE('',#2024);
#2024 = AXIS2_PLACEMENT_3D('',#2025,#2026,#2027);
#2025 = CARTESIAN_POINT('',(-32.9758203125,-601.9549973374,
    323.00860235116));
#2026 = DIRECTION('',(0.,0.763991752982,0.645226007981));
#2027 = DIRECTION('',(0.,0.645226007981,-0.763991752982));
#2028 = ADVANCED_FACE('',(#2029),#2047,.F.);
#2029 = FACE_BOUND('',#2030,.F.);
#2030 = EDGE_LOOP('',(#2031,#2032,#2033,#2041));
#2031 = ORIENTED_EDGE('',*,*,#1642,.F.);
#2032 = ORIENTED_EDGE('',*,*,#1994,.T.);
#2033 = ORIENTED_EDGE('',*,*,#2034,.T.);
#2034 = EDGE_CURVE('',#1987,#2035,#2037,.T.);
#2035 = VERTEX_POINT('',#2036);
#2036 = CARTESIAN_POINT('',(-17.9758203125,-586.4198346814,
    346.16230087024));
#2037 = LINE('',#2038,#2039);
#2038 = CARTESIAN_POINT('',(-17.9758203125,-330.989745342,
    263.64813319864));
#2039 = VECTOR('',#2040,1.);
#2040 = DIRECTION('',(-3.E-17,-0.951580786438,0.307398775016));
#2041 = ORIENTED_EDGE('',*,*,#2042,.F.);
#2042 = EDGE_CURVE('',#1643,#2035,#2043,.T.);
#2043 = LINE('',#2044,#2045);
#2044 = CARTESIAN_POINT('',(-32.9758203125,-586.4198346814,
    346.16230087024));
#2045 = VECTOR('',#2046,1.);
#2046 = DIRECTION('',(1.,0.,0.));
#2047 = PLANE('',#2048);
#2048 = AXIS2_PLACEMENT_3D('',#2049,#2050,#2051);
#2049 = CARTESIAN_POINT('',(-32.9758203125,-434.1669088513,
    296.97849686764));
#2050 = DIRECTION('',(0.,-0.307398775016,-0.951580786438));
#2051 = DIRECTION('',(0.,-0.951580786438,0.307398775016));
#2052 = ADVANCED_FACE('',(#2053),#2065,.T.);
#2053 = FACE_BOUND('',#2054,.F.);
#2054 = EDGE_LOOP('',(#2055,#2056,#2057,#2064));
#2055 = ORIENTED_EDGE('',*,*,#1650,.F.);
#2056 = ORIENTED_EDGE('',*,*,#2042,.T.);
#2057 = ORIENTED_EDGE('',*,*,#2058,.F.);
#2058 = EDGE_CURVE('',#2010,#2035,#2059,.T.);
#2059 = CIRCLE('',#2060,14.5);
#2060 = AXIS2_PLACEMENT_3D('',#2061,#2062,#2063);
#2061 = CARTESIAN_POINT('',(-17.9758203125,-590.8771169192,
    332.36437946689));
#2062 = DIRECTION('',(-1.,0.,0.));
#2063 = DIRECTION('',(0.,1.,0.));
#2064 = ORIENTED_EDGE('',*,*,#2009,.F.);
#2065 = CYLINDRICAL_SURFACE('',#2066,14.5);
#2066 = AXIS2_PLACEMENT_3D('',#2067,#2068,#2069);
#2067 = CARTESIAN_POINT('',(-32.9758203125,-590.8771169192,
    332.36437946689));
#2068 = DIRECTION('',(-1.,-0.,-0.));
#2069 = DIRECTION('',(0.,1.,0.));
#2070 = ADVANCED_FACE('',(#2071),#2090,.F.);
#2071 = FACE_BOUND('',#2072,.T.);
#2072 = EDGE_LOOP('',(#2073,#2074,#2082,#2089));
#2073 = ORIENTED_EDGE('',*,*,#1692,.F.);
#2074 = ORIENTED_EDGE('',*,*,#2075,.T.);
#2075 = EDGE_CURVE('',#1693,#2076,#2078,.T.);
#2076 = VERTEX_POINT('',#2077);
#2077 = CARTESIAN_POINT('',(-17.9758203125,-378.8771169192,
    162.36437946689));
#2078 = LINE('',#2079,#2080);
#2079 = CARTESIAN_POINT('',(-32.9758203125,-378.8771169192,
    162.36437946689));
#2080 = VECTOR('',#2081,1.);
#2081 = DIRECTION('',(1.,0.,0.));
#2082 = ORIENTED_EDGE('',*,*,#2083,.F.);
#2083 = EDGE_CURVE('',#2076,#2076,#2084,.T.);
#2084 = CIRCLE('',#2085,7.);
#2085 = AXIS2_PLACEMENT_3D('',#2086,#2087,#2088);
#2086 = CARTESIAN_POINT('',(-17.9758203125,-385.8771169192,
    162.36437946689));
#2087 = DIRECTION('',(-1.,0.,0.));
#2088 = DIRECTION('',(0.,1.,0.));
#2089 = ORIENTED_EDGE('',*,*,#2075,.F.);
#2090 = CYLINDRICAL_SURFACE('',#2091,7.);
#2091 = AXIS2_PLACEMENT_3D('',#2092,#2093,#2094);
#2092 = CARTESIAN_POINT('',(-32.9758203125,-385.8771169192,
    162.36437946689));
#2093 = DIRECTION('',(-1.,-0.,-0.));
#2094 = DIRECTION('',(0.,1.,0.));
#2095 = ADVANCED_FACE('',(#2096),#2115,.F.);
#2096 = FACE_BOUND('',#2097,.T.);
#2097 = EDGE_LOOP('',(#2098,#2106,#2113,#2114));
#2098 = ORIENTED_EDGE('',*,*,#2099,.T.);
#2099 = EDGE_CURVE('',#1704,#2100,#2102,.T.);
#2100 = VERTEX_POINT('',#2101);
#2101 = CARTESIAN_POINT('',(27.0241796875,-248.8771169192,
    42.364379466893));
#2102 = LINE('',#2103,#2104);
#2103 = CARTESIAN_POINT('',(-32.9758203125,-248.8771169192,
    42.364379466893));
#2104 = VECTOR('',#2105,1.);
#2105 = DIRECTION('',(1.,0.,0.));
#2106 = ORIENTED_EDGE('',*,*,#2107,.T.);
#2107 = EDGE_CURVE('',#2100,#2100,#2108,.T.);
#2108 = CIRCLE('',#2109,7.);
#2109 = AXIS2_PLACEMENT_3D('',#2110,#2111,#2112);
#2110 = CARTESIAN_POINT('',(27.0241796875,-255.8771169192,
    42.364379466893));
#2111 = DIRECTION('',(1.,0.,0.));
#2112 = DIRECTION('',(0.,1.,0.));
#2113 = ORIENTED_EDGE('',*,*,#2099,.F.);
#2114 = ORIENTED_EDGE('',*,*,#1703,.F.);
#2115 = CYLINDRICAL_SURFACE('',#2116,7.);
#2116 = AXIS2_PLACEMENT_3D('',#2117,#2118,#2119);
#2117 = CARTESIAN_POINT('',(-32.9758203125,-255.8771169192,
    42.364379466893));
#2118 = DIRECTION('',(-1.,-0.,-0.));
#2119 = DIRECTION('',(0.,1.,0.));
#2120 = ADVANCED_FACE('',(#2121),#2140,.F.);
#2121 = FACE_BOUND('',#2122,.T.);
#2122 = EDGE_LOOP('',(#2123,#2124,#2132,#2139));
#2123 = ORIENTED_EDGE('',*,*,#1714,.F.);
#2124 = ORIENTED_EDGE('',*,*,#2125,.T.);
#2125 = EDGE_CURVE('',#1715,#2126,#2128,.T.);
#2126 = VERTEX_POINT('',#2127);
#2127 = CARTESIAN_POINT('',(-17.9758203125,-583.8771169192,
    332.36437946689));
#2128 = LINE('',#2129,#2130);
#2129 = CARTESIAN_POINT('',(-32.9758203125,-583.8771169192,
    332.36437946689));
#2130 = VECTOR('',#2131,1.);
#2131 = DIRECTION('',(1.,0.,0.));
#2132 = ORIENTED_EDGE('',*,*,#2133,.F.);
#2133 = EDGE_CURVE('',#2126,#2126,#2134,.T.);
#2134 = CIRCLE('',#2135,7.);
#2135 = AXIS2_PLACEMENT_3D('',#2136,#2137,#2138);
#2136 = CARTESIAN_POINT('',(-17.9758203125,-590.8771169192,
    332.36437946689));
#2137 = DIRECTION('',(-1.,0.,0.));
#2138 = DIRECTION('',(0.,1.,0.));
#2139 = ORIENTED_EDGE('',*,*,#2125,.F.);
#2140 = CYLINDRICAL_SURFACE('',#2141,7.);
#2141 = AXIS2_PLACEMENT_3D('',#2142,#2143,#2144);
#2142 = CARTESIAN_POINT('',(-32.9758203125,-590.8771169192,
    332.36437946689));
#2143 = DIRECTION('',(-1.,-0.,-0.));
#2144 = DIRECTION('',(0.,1.,0.));
#2145 = ADVANCED_FACE('',(#2146),#2165,.F.);
#2146 = FACE_BOUND('',#2147,.T.);
#2147 = EDGE_LOOP('',(#2148,#2149,#2157,#2164));
#2148 = ORIENTED_EDGE('',*,*,#1725,.F.);
#2149 = ORIENTED_EDGE('',*,*,#2150,.T.);
#2150 = EDGE_CURVE('',#1726,#2151,#2153,.T.);
#2151 = VERTEX_POINT('',#2152);
#2152 = CARTESIAN_POINT('',(-17.9758203125,-400.3771169192,
    273.86437946689));
#2153 = LINE('',#2154,#2155);
#2154 = CARTESIAN_POINT('',(-32.9758203125,-400.3771169192,
    273.86437946689));
#2155 = VECTOR('',#2156,1.);
#2156 = DIRECTION('',(1.,0.,0.));
#2157 = ORIENTED_EDGE('',*,*,#2158,.F.);
#2158 = EDGE_CURVE('',#2151,#2151,#2159,.T.);
#2159 = CIRCLE('',#2160,7.);
#2160 = AXIS2_PLACEMENT_3D('',#2161,#2162,#2163);
#2161 = CARTESIAN_POINT('',(-17.9758203125,-407.3771169192,
    273.86437946689));
#2162 = DIRECTION('',(-1.,0.,0.));
#2163 = DIRECTION('',(0.,1.,0.));
#2164 = ORIENTED_EDGE('',*,*,#2150,.F.);
#2165 = CYLINDRICAL_SURFACE('',#2166,7.);
#2166 = AXIS2_PLACEMENT_3D('',#2167,#2168,#2169);
#2167 = CARTESIAN_POINT('',(-32.9758203125,-407.3771169192,
    273.86437946689));
#2168 = DIRECTION('',(-1.,-0.,-0.));
#2169 = DIRECTION('',(0.,1.,0.));
#2170 = ADVANCED_FACE('',(#2171,#2189,#2192,#2195),#2198,.T.);
#2171 = FACE_BOUND('',#2172,.T.);
#2172 = EDGE_LOOP('',(#2173,#2174,#2175,#2176,#2177,#2178,#2184,#2185,
    #2186,#2187,#2188));
#2173 = ORIENTED_EDGE('',*,*,#1986,.T.);
#2174 = ORIENTED_EDGE('',*,*,#2034,.T.);
#2175 = ORIENTED_EDGE('',*,*,#2058,.F.);
#2176 = ORIENTED_EDGE('',*,*,#2017,.T.);
#2177 = ORIENTED_EDGE('',*,*,#1937,.T.);
#2178 = ORIENTED_EDGE('',*,*,#2179,.F.);
#2179 = EDGE_CURVE('',#1832,#1938,#2180,.T.);
#2180 = LINE('',#2181,#2182);
#2181 = CARTESIAN_POINT('',(-17.9758203125,-268.0324671715,
    105.81346687215));
#2182 = VECTOR('',#2183,1.);
#2183 = DIRECTION('',(0.,-0.964095404234,0.265556117487));
#2184 = ORIENTED_EDGE('',*,*,#1839,.T.);
#2185 = ORIENTED_EDGE('',*,*,#1751,.T.);
#2186 = ORIENTED_EDGE('',*,*,#1782,.T.);
#2187 = ORIENTED_EDGE('',*,*,#1856,.T.);
#2188 = ORIENTED_EDGE('',*,*,#1912,.T.);
#2189 = FACE_BOUND('',#2190,.T.);
#2190 = EDGE_LOOP('',(#2191));
#2191 = ORIENTED_EDGE('',*,*,#2158,.T.);
#2192 = FACE_BOUND('',#2193,.T.);
#2193 = EDGE_LOOP('',(#2194));
#2194 = ORIENTED_EDGE('',*,*,#2133,.T.);
#2195 = FACE_BOUND('',#2196,.T.);
#2196 = EDGE_LOOP('',(#2197));
#2197 = ORIENTED_EDGE('',*,*,#2083,.T.);
#2198 = PLANE('',#2199);
#2199 = AXIS2_PLACEMENT_3D('',#2200,#2201,#2202);
#2200 = CARTESIAN_POINT('',(-17.9758203125,-268.0324671715,
    105.81346687215));
#2201 = DIRECTION('',(1.,1.779225987162E-16,6.459439208369E-16));
#2202 = DIRECTION('',(0.,-0.964095404234,0.265556117487));
#2203 = ADVANCED_FACE('',(#2204),#2215,.T.);
#2204 = FACE_BOUND('',#2205,.T.);
#2205 = EDGE_LOOP('',(#2206,#2207,#2213,#2214));
#2206 = ORIENTED_EDGE('',*,*,#1945,.T.);
#2207 = ORIENTED_EDGE('',*,*,#2208,.T.);
#2208 = EDGE_CURVE('',#1946,#1824,#2209,.T.);
#2209 = LINE('',#2210,#2211);
#2210 = CARTESIAN_POINT('',(12.0241796875,-679.8271933454,
    219.24063207179));
#2211 = VECTOR('',#2212,1.);
#2212 = DIRECTION('',(0.,0.964095404234,-0.265556117487));
#2213 = ORIENTED_EDGE('',*,*,#1831,.T.);
#2214 = ORIENTED_EDGE('',*,*,#2179,.T.);
#2215 = PLANE('',#2216);
#2216 = AXIS2_PLACEMENT_3D('',#2217,#2218,#2219);
#2217 = CARTESIAN_POINT('',(-2.9758203125,-473.9298302584,
    162.52704947197));
#2218 = DIRECTION('',(-4.4E-16,0.265556117487,0.964095404234));
#2219 = DIRECTION('',(1.,1.168446916942E-16,4.24201977863E-16));
#2220 = ADVANCED_FACE('',(#2221,#2291,#2302,#2313),#2324,.T.);
#2221 = FACE_BOUND('',#2222,.T.);
#2222 = EDGE_LOOP('',(#2223,#2231,#2232,#2233,#2234,#2242,#2251,#2259,
    #2267,#2276,#2284));
#2223 = ORIENTED_EDGE('',*,*,#2224,.T.);
#2224 = EDGE_CURVE('',#2225,#1816,#2227,.T.);
#2225 = VERTEX_POINT('',#2226);
#2226 = CARTESIAN_POINT('',(12.0241796875,-386.5793121341,
    259.26646994902));
#2227 = LINE('',#2228,#2229);
#2228 = CARTESIAN_POINT('',(12.0241796875,-388.6551221782,
    220.54679263784));
#2229 = VECTOR('',#2230,1.);
#2230 = DIRECTION('',(6.5E-16,-5.353436527229E-02,-0.9985660077));
#2231 = ORIENTED_EDGE('',*,*,#1823,.T.);
#2232 = ORIENTED_EDGE('',*,*,#2208,.F.);
#2233 = ORIENTED_EDGE('',*,*,#1953,.T.);
#2234 = ORIENTED_EDGE('',*,*,#2235,.T.);
#2235 = EDGE_CURVE('',#1954,#2236,#2238,.T.);
#2236 = VERTEX_POINT('',#2237);
#2237 = CARTESIAN_POINT('',(12.0241796875,-601.9549973374,
    323.00860235116));
#2238 = LINE('',#2239,#2240);
#2239 = CARTESIAN_POINT('',(12.0241796875,-592.5886684039,311.9182278585
    ));
#2240 = VECTOR('',#2241,1.);
#2241 = DIRECTION('',(-3.8E-16,-0.645226007981,0.763991752982));
#2242 = ORIENTED_EDGE('',*,*,#2243,.T.);
#2243 = EDGE_CURVE('',#2236,#2244,#2246,.T.);
#2244 = VERTEX_POINT('',#2245);
#2245 = CARTESIAN_POINT('',(12.0241796875,-586.4198346814,
    346.16230087024));
#2246 = CIRCLE('',#2247,14.5);
#2247 = AXIS2_PLACEMENT_3D('',#2248,#2249,#2250);
#2248 = CARTESIAN_POINT('',(12.0241796875,-590.8771169192,
    332.36437946689));
#2249 = DIRECTION('',(-1.,0.,0.));
#2250 = DIRECTION('',(0.,1.,0.));
#2251 = ORIENTED_EDGE('',*,*,#2252,.T.);
#2252 = EDGE_CURVE('',#2244,#2253,#2255,.T.);
#2253 = VERTEX_POINT('',#2254);
#2254 = CARTESIAN_POINT('',(12.0241796875,-434.1669088513,
    296.97849686764));
#2255 = LINE('',#2256,#2257);
#2256 = CARTESIAN_POINT('',(12.0241796875,-534.0206020457,
    329.23524627479));
#2257 = VECTOR('',#2258,1.);
#2258 = DIRECTION('',(3.E-17,0.951580786438,-0.307398775016));
#2259 = ORIENTED_EDGE('',*,*,#2260,.T.);
#2260 = EDGE_CURVE('',#2253,#2261,#2263,.T.);
#2261 = VERTEX_POINT('',#2262);
#2262 = CARTESIAN_POINT('',(12.0241796875,-420.9796295631,
    296.60763662465));
#2263 = LINE('',#2264,#2265);
#2264 = CARTESIAN_POINT('',(12.0241796875,-540.81368152,299.97767866709)
  );
#2265 = VECTOR('',#2266,1.);
#2266 = DIRECTION('',(-1.6E-16,0.999604794809,-2.811146021781E-02));
#2267 = ORIENTED_EDGE('',*,*,#2268,.F.);
#2268 = EDGE_CURVE('',#2269,#2261,#2271,.T.);
#2269 = VERTEX_POINT('',#2270);
#2270 = CARTESIAN_POINT('',(12.0241796875,-393.9252624137,
    282.81757163213));
#2271 = CIRCLE('',#2272,35.4);
#2272 = AXIS2_PLACEMENT_3D('',#2273,#2274,#2275);
#2273 = CARTESIAN_POINT('',(12.0241796875,-421.9747752548,
    261.22162688843));
#2274 = DIRECTION('',(1.,-0.,0.));
#2275 = DIRECTION('',(0.,0.,-1.));
#2276 = ORIENTED_EDGE('',*,*,#2277,.T.);
#2277 = EDGE_CURVE('',#2269,#2278,#2280,.T.);
#2278 = VERTEX_POINT('',#2279);
#2279 = CARTESIAN_POINT('',(12.0241796875,-393.8790359656,
    282.75753122336));
#2280 = LINE('',#2281,#2282);
#2281 = CARTESIAN_POINT('',(12.0241796875,-427.7368323131,
    326.73313426806));
#2282 = VECTOR('',#2283,1.);
#2283 = DIRECTION('',(4.E-16,0.610054936263,-0.792359119807));
#2284 = ORIENTED_EDGE('',*,*,#2285,.F.);
#2285 = EDGE_CURVE('',#2225,#2278,#2286,.T.);
#2286 = CIRCLE('',#2287,35.4);
#2287 = AXIS2_PLACEMENT_3D('',#2288,#2289,#2290);
#2288 = CARTESIAN_POINT('',(12.0241796875,-421.9285488067,
    261.16158647966));
#2289 = DIRECTION('',(1.,-0.,0.));
#2290 = DIRECTION('',(0.,0.,-1.));
#2291 = FACE_BOUND('',#2292,.T.);
#2292 = EDGE_LOOP('',(#2293));
#2293 = ORIENTED_EDGE('',*,*,#2294,.F.);
#2294 = EDGE_CURVE('',#2295,#2295,#2297,.T.);
#2295 = VERTEX_POINT('',#2296);
#2296 = CARTESIAN_POINT('',(12.0241796875,-583.8771169192,
    332.36437946689));
#2297 = CIRCLE('',#2298,7.);
#2298 = AXIS2_PLACEMENT_3D('',#2299,#2300,#2301);
#2299 = CARTESIAN_POINT('',(12.0241796875,-590.8771169192,
    332.36437946689));
#2300 = DIRECTION('',(-1.,0.,0.));
#2301 = DIRECTION('',(0.,1.,0.));
#2302 = FACE_BOUND('',#2303,.T.);
#2303 = EDGE_LOOP('',(#2304));
#2304 = ORIENTED_EDGE('',*,*,#2305,.F.);
#2305 = EDGE_CURVE('',#2306,#2306,#2308,.T.);
#2306 = VERTEX_POINT('',#2307);
#2307 = CARTESIAN_POINT('',(12.0241796875,-400.3771169192,
    273.86437946689));
#2308 = CIRCLE('',#2309,7.);
#2309 = AXIS2_PLACEMENT_3D('',#2310,#2311,#2312);
#2310 = CARTESIAN_POINT('',(12.0241796875,-407.3771169192,
    273.86437946689));
#2311 = DIRECTION('',(-1.,0.,0.));
#2312 = DIRECTION('',(0.,1.,0.));
#2313 = FACE_BOUND('',#2314,.T.);
#2314 = EDGE_LOOP('',(#2315));
#2315 = ORIENTED_EDGE('',*,*,#2316,.F.);
#2316 = EDGE_CURVE('',#2317,#2317,#2319,.T.);
#2317 = VERTEX_POINT('',#2318);
#2318 = CARTESIAN_POINT('',(12.0241796875,-378.8771169192,
    162.36437946689));
#2319 = CIRCLE('',#2320,7.);
#2320 = AXIS2_PLACEMENT_3D('',#2321,#2322,#2323);
#2321 = CARTESIAN_POINT('',(12.0241796875,-385.8771169192,
    162.36437946689));
#2322 = DIRECTION('',(-1.,0.,0.));
#2323 = DIRECTION('',(0.,1.,0.));
#2324 = PLANE('',#2325);
#2325 = AXIS2_PLACEMENT_3D('',#2326,#2327,#2328);
#2326 = CARTESIAN_POINT('',(12.0241796875,-679.8271933454,
    219.24063207179));
#2327 = DIRECTION('',(-1.,-1.779225987162E-16,-6.459439208369E-16));
#2328 = DIRECTION('',(0.,0.964095404234,-0.265556117487));
#2329 = ADVANCED_FACE('',(#2330),#2348,.F.);
#2330 = FACE_BOUND('',#2331,.F.);
#2331 = EDGE_LOOP('',(#2332,#2333,#2334,#2342));
#2332 = ORIENTED_EDGE('',*,*,#2224,.T.);
#2333 = ORIENTED_EDGE('',*,*,#1815,.T.);
#2334 = ORIENTED_EDGE('',*,*,#2335,.T.);
#2335 = EDGE_CURVE('',#1808,#2336,#2338,.T.);
#2336 = VERTEX_POINT('',#2337);
#2337 = CARTESIAN_POINT('',(27.0241796875,-386.5793121341,
    259.26646994902));
#2338 = LINE('',#2339,#2340);
#2339 = CARTESIAN_POINT('',(27.0241796875,-387.7508197037,
    237.41456919737));
#2340 = VECTOR('',#2341,1.);
#2341 = DIRECTION('',(0.,5.353436527229E-02,0.9985660077));
#2342 = ORIENTED_EDGE('',*,*,#2343,.F.);
#2343 = EDGE_CURVE('',#2225,#2336,#2344,.T.);
#2344 = LINE('',#2345,#2346);
#2345 = CARTESIAN_POINT('',(12.0241796875,-386.5793121341,
    259.26646994902));
#2346 = VECTOR('',#2347,1.);
#2347 = DIRECTION('',(1.,0.,0.));
#2348 = PLANE('',#2349);
#2349 = AXIS2_PLACEMENT_3D('',#2350,#2351,#2352);
#2350 = CARTESIAN_POINT('',(-32.9758203125,-387.7508197037,
    237.41456919737));
#2351 = DIRECTION('',(0.,-0.9985660077,5.353436527229E-02));
#2352 = DIRECTION('',(0.,5.353436527229E-02,0.9985660077));
#2353 = ADVANCED_FACE('',(#2354,#2417,#2428,#2431,#2442),#2453,.T.);
#2354 = FACE_BOUND('',#2355,.T.);
#2355 = EDGE_LOOP('',(#2356,#2357,#2366,#2374,#2383,#2391,#2399,#2408,
    #2414,#2415,#2416));
#2356 = ORIENTED_EDGE('',*,*,#2335,.T.);
#2357 = ORIENTED_EDGE('',*,*,#2358,.T.);
#2358 = EDGE_CURVE('',#2336,#2359,#2361,.T.);
#2359 = VERTEX_POINT('',#2360);
#2360 = CARTESIAN_POINT('',(27.0241796875,-393.8790359656,
    282.75753122336));
#2361 = CIRCLE('',#2362,35.4);
#2362 = AXIS2_PLACEMENT_3D('',#2363,#2364,#2365);
#2363 = CARTESIAN_POINT('',(27.0241796875,-421.9285488067,
    261.16158647966));
#2364 = DIRECTION('',(1.,-0.,0.));
#2365 = DIRECTION('',(0.,0.,-1.));
#2366 = ORIENTED_EDGE('',*,*,#2367,.T.);
#2367 = EDGE_CURVE('',#2359,#2368,#2370,.T.);
#2368 = VERTEX_POINT('',#2369);
#2369 = CARTESIAN_POINT('',(27.0241796875,-393.9252624137,
    282.81757163213));
#2370 = LINE('',#2371,#2372);
#2371 = CARTESIAN_POINT('',(27.0241796875,-385.8771169192,
    272.36437946689));
#2372 = VECTOR('',#2373,1.);
#2373 = DIRECTION('',(0.,-0.610054936263,0.792359119807));
#2374 = ORIENTED_EDGE('',*,*,#2375,.T.);
#2375 = EDGE_CURVE('',#2368,#2376,#2378,.T.);
#2376 = VERTEX_POINT('',#2377);
#2377 = CARTESIAN_POINT('',(27.0241796875,-420.9796295631,
    296.60763662465));
#2378 = CIRCLE('',#2379,35.4);
#2379 = AXIS2_PLACEMENT_3D('',#2380,#2381,#2382);
#2380 = CARTESIAN_POINT('',(27.0241796875,-421.9747752548,
    261.22162688843));
#2381 = DIRECTION('',(1.,-0.,0.));
#2382 = DIRECTION('',(0.,0.,-1.));
#2383 = ORIENTED_EDGE('',*,*,#2384,.T.);
#2384 = EDGE_CURVE('',#2376,#2385,#2387,.T.);
#2385 = VERTEX_POINT('',#2386);
#2386 = CARTESIAN_POINT('',(27.0241796875,-434.1669088513,
    296.97849686764));
#2387 = LINE('',#2388,#2389);
#2388 = CARTESIAN_POINT('',(27.0241796875,-404.178765007,296.1351530611)
  );
#2389 = VECTOR('',#2390,1.);
#2390 = DIRECTION('',(0.,-0.999604794809,2.811146021781E-02));
#2391 = ORIENTED_EDGE('',*,*,#2392,.T.);
#2392 = EDGE_CURVE('',#2385,#2393,#2395,.T.);
#2393 = VERTEX_POINT('',#2394);
#2394 = CARTESIAN_POINT('',(27.0241796875,-586.4198346814,
    346.16230087024));
#2395 = LINE('',#2396,#2397);
#2396 = CARTESIAN_POINT('',(27.0241796875,-434.1669088513,
    296.97849686764));
#2397 = VECTOR('',#2398,1.);
#2398 = DIRECTION('',(0.,-0.951580786438,0.307398775016));
#2399 = ORIENTED_EDGE('',*,*,#2400,.T.);
#2400 = EDGE_CURVE('',#2393,#2401,#2403,.T.);
#2401 = VERTEX_POINT('',#2402);
#2402 = CARTESIAN_POINT('',(27.0241796875,-601.9549973374,
    323.00860235116));
#2403 = CIRCLE('',#2404,14.5);
#2404 = AXIS2_PLACEMENT_3D('',#2405,#2406,#2407);
#2405 = CARTESIAN_POINT('',(27.0241796875,-590.8771169192,
    332.36437946689));
#2406 = DIRECTION('',(1.,0.,0.));
#2407 = DIRECTION('',(0.,1.,0.));
#2408 = ORIENTED_EDGE('',*,*,#2409,.T.);
#2409 = EDGE_CURVE('',#2401,#1962,#2410,.T.);
#2410 = LINE('',#2411,#2412);
#2411 = CARTESIAN_POINT('',(27.0241796875,-601.9549973374,
    323.00860235116));
#2412 = VECTOR('',#2413,1.);
#2413 = DIRECTION('',(0.,0.645226007981,-0.763991752982));
#2414 = ORIENTED_EDGE('',*,*,#1969,.T.);
#2415 = ORIENTED_EDGE('',*,*,#1886,.T.);
#2416 = ORIENTED_EDGE('',*,*,#1807,.T.);
#2417 = FACE_BOUND('',#2418,.T.);
#2418 = EDGE_LOOP('',(#2419));
#2419 = ORIENTED_EDGE('',*,*,#2420,.F.);
#2420 = EDGE_CURVE('',#2421,#2421,#2423,.T.);
#2421 = VERTEX_POINT('',#2422);
#2422 = CARTESIAN_POINT('',(27.0241796875,-378.8771169192,
    162.36437946689));
#2423 = CIRCLE('',#2424,7.);
#2424 = AXIS2_PLACEMENT_3D('',#2425,#2426,#2427);
#2425 = CARTESIAN_POINT('',(27.0241796875,-385.8771169192,
    162.36437946689));
#2426 = DIRECTION('',(1.,0.,0.));
#2427 = DIRECTION('',(0.,1.,0.));
#2428 = FACE_BOUND('',#2429,.T.);
#2429 = EDGE_LOOP('',(#2430));
#2430 = ORIENTED_EDGE('',*,*,#2107,.F.);
#2431 = FACE_BOUND('',#2432,.T.);
#2432 = EDGE_LOOP('',(#2433));
#2433 = ORIENTED_EDGE('',*,*,#2434,.F.);
#2434 = EDGE_CURVE('',#2435,#2435,#2437,.T.);
#2435 = VERTEX_POINT('',#2436);
#2436 = CARTESIAN_POINT('',(27.0241796875,-583.8771169192,
    332.36437946689));
#2437 = CIRCLE('',#2438,7.);
#2438 = AXIS2_PLACEMENT_3D('',#2439,#2440,#2441);
#2439 = CARTESIAN_POINT('',(27.0241796875,-590.8771169192,
    332.36437946689));
#2440 = DIRECTION('',(1.,0.,0.));
#2441 = DIRECTION('',(0.,1.,0.));
#2442 = FACE_BOUND('',#2443,.T.);
#2443 = EDGE_LOOP('',(#2444));
#2444 = ORIENTED_EDGE('',*,*,#2445,.F.);
#2445 = EDGE_CURVE('',#2446,#2446,#2448,.T.);
#2446 = VERTEX_POINT('',#2447);
#2447 = CARTESIAN_POINT('',(27.0241796875,-400.3771169192,
    273.86437946689));
#2448 = CIRCLE('',#2449,7.);
#2449 = AXIS2_PLACEMENT_3D('',#2450,#2451,#2452);
#2450 = CARTESIAN_POINT('',(27.0241796875,-407.3771169192,
    273.86437946689));
#2451 = DIRECTION('',(1.,0.,0.));
#2452 = DIRECTION('',(0.,1.,0.));
#2453 = PLANE('',#2454);
#2454 = AXIS2_PLACEMENT_3D('',#2455,#2456,#2457);
#2455 = CARTESIAN_POINT('',(27.0241796875,-417.774827926,197.43115187421
    ));
#2456 = DIRECTION('',(1.,0.,0.));
#2457 = DIRECTION('',(0.,1.,0.));
#2458 = ADVANCED_FACE('',(#2459),#2470,.F.);
#2459 = FACE_BOUND('',#2460,.F.);
#2460 = EDGE_LOOP('',(#2461,#2462,#2468,#2469));
#2461 = ORIENTED_EDGE('',*,*,#2235,.T.);
#2462 = ORIENTED_EDGE('',*,*,#2463,.T.);
#2463 = EDGE_CURVE('',#2236,#2401,#2464,.T.);
#2464 = LINE('',#2465,#2466);
#2465 = CARTESIAN_POINT('',(-32.9758203125,-601.9549973374,
    323.00860235116));
#2466 = VECTOR('',#2467,1.);
#2467 = DIRECTION('',(1.,0.,0.));
#2468 = ORIENTED_EDGE('',*,*,#2409,.T.);
#2469 = ORIENTED_EDGE('',*,*,#1961,.F.);
#2470 = PLANE('',#2471);
#2471 = AXIS2_PLACEMENT_3D('',#2472,#2473,#2474);
#2472 = CARTESIAN_POINT('',(-32.9758203125,-601.9549973374,
    323.00860235116));
#2473 = DIRECTION('',(0.,0.763991752982,0.645226007981));
#2474 = DIRECTION('',(0.,0.645226007981,-0.763991752982));
#2475 = ADVANCED_FACE('',(#2476),#2487,.T.);
#2476 = FACE_BOUND('',#2477,.T.);
#2477 = EDGE_LOOP('',(#2478,#2479,#2485,#2486));
#2478 = ORIENTED_EDGE('',*,*,#2285,.T.);
#2479 = ORIENTED_EDGE('',*,*,#2480,.T.);
#2480 = EDGE_CURVE('',#2278,#2359,#2481,.T.);
#2481 = LINE('',#2482,#2483);
#2482 = CARTESIAN_POINT('',(12.0241796875,-393.8790359656,
    282.75753122336));
#2483 = VECTOR('',#2484,1.);
#2484 = DIRECTION('',(1.,0.,0.));
#2485 = ORIENTED_EDGE('',*,*,#2358,.F.);
#2486 = ORIENTED_EDGE('',*,*,#2343,.F.);
#2487 = CYLINDRICAL_SURFACE('',#2488,35.4);
#2488 = AXIS2_PLACEMENT_3D('',#2489,#2490,#2491);
#2489 = CARTESIAN_POINT('',(12.0241796875,-421.9285488067,
    261.16158647966));
#2490 = DIRECTION('',(1.,0.,0.));
#2491 = DIRECTION('',(0.,0.9985660077,-5.353436527229E-02));
#2492 = ADVANCED_FACE('',(#2493),#2504,.F.);
#2493 = FACE_BOUND('',#2494,.F.);
#2494 = EDGE_LOOP('',(#2495,#2496,#2497,#2498));
#2495 = ORIENTED_EDGE('',*,*,#2277,.T.);
#2496 = ORIENTED_EDGE('',*,*,#2480,.T.);
#2497 = ORIENTED_EDGE('',*,*,#2367,.T.);
#2498 = ORIENTED_EDGE('',*,*,#2499,.F.);
#2499 = EDGE_CURVE('',#2269,#2368,#2500,.T.);
#2500 = LINE('',#2501,#2502);
#2501 = CARTESIAN_POINT('',(12.0241796875,-393.9252624137,
    282.81757163213));
#2502 = VECTOR('',#2503,1.);
#2503 = DIRECTION('',(1.,0.,0.));
#2504 = PLANE('',#2505);
#2505 = AXIS2_PLACEMENT_3D('',#2506,#2507,#2508);
#2506 = CARTESIAN_POINT('',(-32.9758203125,-385.8771169192,
    272.36437946689));
#2507 = DIRECTION('',(0.,-0.792359119807,-0.610054936263));
#2508 = DIRECTION('',(0.,-0.610054936263,0.792359119807));
#2509 = ADVANCED_FACE('',(#2510),#2521,.T.);
#2510 = FACE_BOUND('',#2511,.T.);
#2511 = EDGE_LOOP('',(#2512,#2513,#2519,#2520));
#2512 = ORIENTED_EDGE('',*,*,#2268,.T.);
#2513 = ORIENTED_EDGE('',*,*,#2514,.T.);
#2514 = EDGE_CURVE('',#2261,#2376,#2515,.T.);
#2515 = LINE('',#2516,#2517);
#2516 = CARTESIAN_POINT('',(12.0241796875,-420.9796295631,
    296.60763662465));
#2517 = VECTOR('',#2518,1.);
#2518 = DIRECTION('',(1.,0.,0.));
#2519 = ORIENTED_EDGE('',*,*,#2375,.F.);
#2520 = ORIENTED_EDGE('',*,*,#2499,.F.);
#2521 = CYLINDRICAL_SURFACE('',#2522,35.4);
#2522 = AXIS2_PLACEMENT_3D('',#2523,#2524,#2525);
#2523 = CARTESIAN_POINT('',(12.0241796875,-421.9747752548,
    261.22162688843));
#2524 = DIRECTION('',(1.,0.,0.));
#2525 = DIRECTION('',(0.,0.792359119807,0.610054936263));
#2526 = ADVANCED_FACE('',(#2527),#2538,.F.);
#2527 = FACE_BOUND('',#2528,.F.);
#2528 = EDGE_LOOP('',(#2529,#2530,#2531,#2532));
#2529 = ORIENTED_EDGE('',*,*,#2260,.T.);
#2530 = ORIENTED_EDGE('',*,*,#2514,.T.);
#2531 = ORIENTED_EDGE('',*,*,#2384,.T.);
#2532 = ORIENTED_EDGE('',*,*,#2533,.F.);
#2533 = EDGE_CURVE('',#2253,#2385,#2534,.T.);
#2534 = LINE('',#2535,#2536);
#2535 = CARTESIAN_POINT('',(-32.9758203125,-434.1669088513,
    296.97849686764));
#2536 = VECTOR('',#2537,1.);
#2537 = DIRECTION('',(1.,0.,0.));
#2538 = PLANE('',#2539);
#2539 = AXIS2_PLACEMENT_3D('',#2540,#2541,#2542);
#2540 = CARTESIAN_POINT('',(-32.9758203125,-404.178765007,296.1351530611
    ));
#2541 = DIRECTION('',(0.,-2.811146021781E-02,-0.999604794809));
#2542 = DIRECTION('',(0.,-0.999604794809,2.811146021781E-02));
#2543 = ADVANCED_FACE('',(#2544),#2555,.F.);
#2544 = FACE_BOUND('',#2545,.F.);
#2545 = EDGE_LOOP('',(#2546,#2547,#2548,#2549));
#2546 = ORIENTED_EDGE('',*,*,#2252,.T.);
#2547 = ORIENTED_EDGE('',*,*,#2533,.T.);
#2548 = ORIENTED_EDGE('',*,*,#2392,.T.);
#2549 = ORIENTED_EDGE('',*,*,#2550,.F.);
#2550 = EDGE_CURVE('',#2244,#2393,#2551,.T.);
#2551 = LINE('',#2552,#2553);
#2552 = CARTESIAN_POINT('',(-32.9758203125,-586.4198346814,
    346.16230087024));
#2553 = VECTOR('',#2554,1.);
#2554 = DIRECTION('',(1.,0.,0.));
#2555 = PLANE('',#2556);
#2556 = AXIS2_PLACEMENT_3D('',#2557,#2558,#2559);
#2557 = CARTESIAN_POINT('',(-32.9758203125,-434.1669088513,
    296.97849686764));
#2558 = DIRECTION('',(0.,-0.307398775016,-0.951580786438));
#2559 = DIRECTION('',(0.,-0.951580786438,0.307398775016));
#2560 = ADVANCED_FACE('',(#2561),#2567,.T.);
#2561 = FACE_BOUND('',#2562,.F.);
#2562 = EDGE_LOOP('',(#2563,#2564,#2565,#2566));
#2563 = ORIENTED_EDGE('',*,*,#2243,.T.);
#2564 = ORIENTED_EDGE('',*,*,#2550,.T.);
#2565 = ORIENTED_EDGE('',*,*,#2400,.T.);
#2566 = ORIENTED_EDGE('',*,*,#2463,.F.);
#2567 = CYLINDRICAL_SURFACE('',#2568,14.5);
#2568 = AXIS2_PLACEMENT_3D('',#2569,#2570,#2571);
#2569 = CARTESIAN_POINT('',(-32.9758203125,-590.8771169192,
    332.36437946689));
#2570 = DIRECTION('',(-1.,-0.,-0.));
#2571 = DIRECTION('',(0.,1.,0.));
#2572 = ADVANCED_FACE('',(#2573),#2584,.F.);
#2573 = FACE_BOUND('',#2574,.T.);
#2574 = EDGE_LOOP('',(#2575,#2576,#2582,#2583));
#2575 = ORIENTED_EDGE('',*,*,#2294,.T.);
#2576 = ORIENTED_EDGE('',*,*,#2577,.T.);
#2577 = EDGE_CURVE('',#2295,#2435,#2578,.T.);
#2578 = LINE('',#2579,#2580);
#2579 = CARTESIAN_POINT('',(-32.9758203125,-583.8771169192,
    332.36437946689));
#2580 = VECTOR('',#2581,1.);
#2581 = DIRECTION('',(1.,0.,0.));
#2582 = ORIENTED_EDGE('',*,*,#2434,.T.);
#2583 = ORIENTED_EDGE('',*,*,#2577,.F.);
#2584 = CYLINDRICAL_SURFACE('',#2585,7.);
#2585 = AXIS2_PLACEMENT_3D('',#2586,#2587,#2588);
#2586 = CARTESIAN_POINT('',(-32.9758203125,-590.8771169192,
    332.36437946689));
#2587 = DIRECTION('',(-1.,-0.,-0.));
#2588 = DIRECTION('',(0.,1.,0.));
#2589 = ADVANCED_FACE('',(#2590),#2601,.F.);
#2590 = FACE_BOUND('',#2591,.T.);
#2591 = EDGE_LOOP('',(#2592,#2593,#2599,#2600));
#2592 = ORIENTED_EDGE('',*,*,#2305,.T.);
#2593 = ORIENTED_EDGE('',*,*,#2594,.T.);
#2594 = EDGE_CURVE('',#2306,#2446,#2595,.T.);
#2595 = LINE('',#2596,#2597);
#2596 = CARTESIAN_POINT('',(-32.9758203125,-400.3771169192,
    273.86437946689));
#2597 = VECTOR('',#2598,1.);
#2598 = DIRECTION('',(1.,0.,0.));
#2599 = ORIENTED_EDGE('',*,*,#2445,.T.);
#2600 = ORIENTED_EDGE('',*,*,#2594,.F.);
#2601 = CYLINDRICAL_SURFACE('',#2602,7.);
#2602 = AXIS2_PLACEMENT_3D('',#2603,#2604,#2605);
#2603 = CARTESIAN_POINT('',(-32.9758203125,-407.3771169192,
    273.86437946689));
#2604 = DIRECTION('',(-1.,-0.,-0.));
#2605 = DIRECTION('',(0.,1.,0.));
#2606 = ADVANCED_FACE('',(#2607),#2618,.F.);
#2607 = FACE_BOUND('',#2608,.T.);
#2608 = EDGE_LOOP('',(#2609,#2610,#2616,#2617));
#2609 = ORIENTED_EDGE('',*,*,#2316,.T.);
#2610 = ORIENTED_EDGE('',*,*,#2611,.T.);
#2611 = EDGE_CURVE('',#2317,#2421,#2612,.T.);
#2612 = LINE('',#2613,#2614);
#2613 = CARTESIAN_POINT('',(-32.9758203125,-378.8771169192,
    162.36437946689));
#2614 = VECTOR('',#2615,1.);
#2615 = DIRECTION('',(1.,0.,0.));
#2616 = ORIENTED_EDGE('',*,*,#2420,.T.);
#2617 = ORIENTED_EDGE('',*,*,#2611,.F.);
#2618 = CYLINDRICAL_SURFACE('',#2619,7.);
#2619 = AXIS2_PLACEMENT_3D('',#2620,#2621,#2622);
#2620 = CARTESIAN_POINT('',(-32.9758203125,-385.8771169192,
    162.36437946689));
#2621 = DIRECTION('',(-1.,-0.,-0.));
#2622 = DIRECTION('',(0.,1.,0.));
#2623 = ( GEOMETRIC_REPRESENTATION_CONTEXT(3) 
GLOBAL_UNCERTAINTY_ASSIGNED_CONTEXT((#2627)) 
GLOBAL_UNIT_ASSIGNED_CONTEXT((#2624,#2625,#2626)) REPRESENTATION_CONTEXT
('Context #1','3D Context with UNIT and UNCERTAINTY') );
#2624 = ( LENGTH_UNIT() NAMED_UNIT(*) SI_UNIT(.MILLI.,.METRE.) );
#2625 = ( NAMED_UNIT(*) PLANE_ANGLE_UNIT() SI_UNIT($,.RADIAN.) );
#2626 = ( NAMED_UNIT(*) SI_UNIT($,.STERADIAN.) SOLID_ANGLE_UNIT() );
#2627 = UNCERTAINTY_MEASURE_WITH_UNIT(LENGTH_MEASURE(1.E-07),#2624,
  'distance_accuracy_value','confusion accuracy');
#2628 = CONTEXT_DEPENDENT_SHAPE_REPRESENTATION(#2629,#2631);
#2629 = ( REPRESENTATION_RELATIONSHIP('','',#1591,#10) 
REPRESENTATION_RELATIONSHIP_WITH_TRANSFORMATION(#2630) 
SHAPE_REPRESENTATION_RELATIONSHIP() );
#2630 = ITEM_DEFINED_TRANSFORMATION('','',#11,#23);
#2631 = PRODUCT_DEFINITION_SHAPE('Placement','Placement of an item',
  #2632);
#2632 = NEXT_ASSEMBLY_USAGE_OCCURRENCE('3','Boom001','',#5,#1586,$);
#2633 = PRODUCT_RELATED_PRODUCT_CATEGORY('part',$,(#1588));
#2634 = SHAPE_DEFINITION_REPRESENTATION(#2635,#2641);
#2635 = PRODUCT_DEFINITION_SHAPE('','',#2636);
#2636 = PRODUCT_DEFINITION('design','',#2637,#2640);
#2637 = PRODUCT_DEFINITION_FORMATION('','',#2638);
#2638 = PRODUCT('Stick','Stick','',(#2639));
#2639 = PRODUCT_CONTEXT('',#2,'mechanical');
#2640 = PRODUCT_DEFINITION_CONTEXT('part definition',#2,'design');
#2641 = ADVANCED_BREP_SHAPE_REPRESENTATION('',(#11,#2642),#3438);
#2642 = MANIFOLD_SOLID_BREP('',#2643);
#2643 = CLOSED_SHELL('',(#2644,#2686,#2798,#2822,#2901,#2950,#2967,#3016
    ,#3040,#3058,#3083,#3100,#3125,#3150,#3167,#3191,#3215,#3232,#3291,
    #3316,#3375,#3392,#3404,#3421));
#2644 = ADVANCED_FACE('',(#2645),#2681,.T.);
#2645 = FACE_BOUND('',#2646,.T.);
#2646 = EDGE_LOOP('',(#2647,#2658,#2666,#2675));
#2647 = ORIENTED_EDGE('',*,*,#2648,.F.);
#2648 = EDGE_CURVE('',#2649,#2651,#2653,.T.);
#2649 = VERTEX_POINT('',#2650);
#2650 = CARTESIAN_POINT('',(15.3,-667.2440478981,311.4960657763));
#2651 = VERTEX_POINT('',#2652);
#2652 = CARTESIAN_POINT('',(15.3,-663.5337124387,336.09854297958));
#2653 = CIRCLE('',#2654,13.);
#2654 = AXIS2_PLACEMENT_3D('',#2655,#2656,#2657);
#2655 = CARTESIAN_POINT('',(15.3,-669.12,324.36));
#2656 = DIRECTION('',(1.,-0.,0.));
#2657 = DIRECTION('',(0.,0.719339800339,-0.694658370459));
#2658 = ORIENTED_EDGE('',*,*,#2659,.T.);
#2659 = EDGE_CURVE('',#2649,#2660,#2662,.T.);
#2660 = VERTEX_POINT('',#2661);
#2661 = CARTESIAN_POINT('',(7.8,-667.2440478981,311.4960657763));
#2662 = LINE('',#2663,#2664);
#2663 = CARTESIAN_POINT('',(15.3,-667.2440478981,311.4960657763));
#2664 = VECTOR('',#2665,1.);
#2665 = DIRECTION('',(-1.,-0.,0.));
#2666 = ORIENTED_EDGE('',*,*,#2667,.T.);
#2667 = EDGE_CURVE('',#2660,#2668,#2670,.T.);
#2668 = VERTEX_POINT('',#2669);
#2669 = CARTESIAN_POINT('',(7.8,-663.5337124387,336.09854297958));
#2670 = CIRCLE('',#2671,13.);
#2671 = AXIS2_PLACEMENT_3D('',#2672,#2673,#2674);
#2672 = CARTESIAN_POINT('',(7.8,-669.12,324.36));
#2673 = DIRECTION('',(1.,-0.,0.));
#2674 = DIRECTION('',(0.,0.719339800339,-0.694658370459));
#2675 = ORIENTED_EDGE('',*,*,#2676,.F.);
#2676 = EDGE_CURVE('',#2651,#2668,#2677,.T.);
#2677 = LINE('',#2678,#2679);
#2678 = CARTESIAN_POINT('',(15.3,-663.5337124387,336.09854297958));
#2679 = VECTOR('',#2680,1.);
#2680 = DIRECTION('',(-1.,-0.,0.));
#2681 = CYLINDRICAL_SURFACE('',#2682,13.);
#2682 = AXIS2_PLACEMENT_3D('',#2683,#2684,#2685);
#2683 = CARTESIAN_POINT('',(15.3,-669.12,324.36));
#2684 = DIRECTION('',(1.,0.,0.));
#2685 = DIRECTION('',(0.,0.719339800339,-0.694658370459));
#2686 = ADVANCED_FACE('',(#2687,#2738,#2749,#2760,#2771,#2782),#2793,.T.
  );
#2687 = FACE_BOUND('',#2688,.T.);
#2688 = EDGE_LOOP('',(#2689,#2690,#2698,#2707,#2715,#2723,#2732));
#2689 = ORIENTED_EDGE('',*,*,#2648,.T.);
#2690 = ORIENTED_EDGE('',*,*,#2691,.T.);
#2691 = EDGE_CURVE('',#2651,#2692,#2694,.T.);
#2692 = VERTEX_POINT('',#2693);
#2693 = CARTESIAN_POINT('',(15.3,-728.949823077,367.22959610918));
#2694 = LINE('',#2695,#2696);
#2695 = CARTESIAN_POINT('',(15.3,-663.5337124387,336.09854297958));
#2696 = VECTOR('',#2697,1.);
#2697 = DIRECTION('',(0.,-0.902964844583,0.429714427785));
#2698 = ORIENTED_EDGE('',*,*,#2699,.T.);
#2699 = EDGE_CURVE('',#2692,#2700,#2702,.T.);
#2700 = VERTEX_POINT('',#2701);
#2701 = CARTESIAN_POINT('',(15.3,-739.8792861334,366.91417681032));
#2702 = CIRCLE('',#2703,12.);
#2703 = AXIS2_PLACEMENT_3D('',#2704,#2705,#2706);
#2704 = CARTESIAN_POINT('',(15.3,-734.1063962105,356.39401797418));
#2705 = DIRECTION('',(1.,-0.,0.));
#2706 = DIRECTION('',(0.,0.719339800339,-0.694658370459));
#2707 = ORIENTED_EDGE('',*,*,#2708,.T.);
#2708 = EDGE_CURVE('',#2700,#2709,#2711,.T.);
#2709 = VERTEX_POINT('',#2710);
#2710 = CARTESIAN_POINT('',(15.3,-836.9944650817,313.62265843604));
#2711 = LINE('',#2712,#2713);
#2712 = CARTESIAN_POINT('',(15.3,-739.8792861334,366.91417681032));
#2713 = VECTOR('',#2714,1.);
#2714 = DIRECTION('',(0.,-0.876679903011,-0.481074160246));
#2715 = ORIENTED_EDGE('',*,*,#2716,.T.);
#2716 = EDGE_CURVE('',#2709,#2717,#2719,.T.);
#2717 = VERTEX_POINT('',#2718);
#2718 = CARTESIAN_POINT('',(15.3,-1.033136025154E+03,285.01926498908));
#2719 = LINE('',#2720,#2721);
#2720 = CARTESIAN_POINT('',(15.3,-836.9944650817,313.62265843604));
#2721 = VECTOR('',#2722,1.);
#2722 = DIRECTION('',(0.,-0.989533401823,-0.144304007834));
#2723 = ORIENTED_EDGE('',*,*,#2724,.T.);
#2724 = EDGE_CURVE('',#2717,#2725,#2727,.T.);
#2725 = VERTEX_POINT('',#2726);
#2726 = CARTESIAN_POINT('',(15.3,-1.029297538545E+03,258.6976765006));
#2727 = CIRCLE('',#2728,13.3);
#2728 = AXIS2_PLACEMENT_3D('',#2729,#2730,#2731);
#2729 = CARTESIAN_POINT('',(15.3,-1.03121678185E+03,271.85847074484));
#2730 = DIRECTION('',(1.,-0.,0.));
#2731 = DIRECTION('',(0.,0.719339800339,-0.694658370459));
#2732 = ORIENTED_EDGE('',*,*,#2733,.T.);
#2733 = EDGE_CURVE('',#2725,#2649,#2734,.T.);
#2734 = LINE('',#2735,#2736);
#2735 = CARTESIAN_POINT('',(15.3,-1.029297538545E+03,258.6976765006));
#2736 = VECTOR('',#2737,1.);
#2737 = DIRECTION('',(0.,0.989533401823,0.144304007834));
#2738 = FACE_BOUND('',#2739,.T.);
#2739 = EDGE_LOOP('',(#2740));
#2740 = ORIENTED_EDGE('',*,*,#2741,.F.);
#2741 = EDGE_CURVE('',#2742,#2742,#2744,.T.);
#2742 = VERTEX_POINT('',#2743);
#2743 = CARTESIAN_POINT('',(15.3,-724.4679952434,310.66403626855));
#2744 = CIRCLE('',#2745,7.);
#2745 = AXIS2_PLACEMENT_3D('',#2746,#2747,#2748);
#2746 = CARTESIAN_POINT('',(15.3,-729.5033738458,315.52664486176));
#2747 = DIRECTION('',(1.,-0.,0.));
#2748 = DIRECTION('',(0.,0.719339800339,-0.694658370459));
#2749 = FACE_BOUND('',#2750,.T.);
#2750 = EDGE_LOOP('',(#2751));
#2751 = ORIENTED_EDGE('',*,*,#2752,.F.);
#2752 = EDGE_CURVE('',#2753,#2753,#2755,.T.);
#2753 = VERTEX_POINT('',#2754);
#2754 = CARTESIAN_POINT('',(15.3,-664.0846213976,319.49739140678));
#2755 = CIRCLE('',#2756,7.);
#2756 = AXIS2_PLACEMENT_3D('',#2757,#2758,#2759);
#2757 = CARTESIAN_POINT('',(15.3,-669.12,324.36));
#2758 = DIRECTION('',(1.,-0.,0.));
#2759 = DIRECTION('',(0.,0.719339800339,-0.694658370459));
#2760 = FACE_BOUND('',#2761,.T.);
#2761 = EDGE_LOOP('',(#2762));
#2762 = ORIENTED_EDGE('',*,*,#2763,.F.);
#2763 = EDGE_CURVE('',#2764,#2764,#2766,.T.);
#2764 = VERTEX_POINT('',#2765);
#2765 = CARTESIAN_POINT('',(15.3,-1.003167429232E+03,273.40889575605));
#2766 = CIRCLE('',#2767,4.);
#2767 = AXIS2_PLACEMENT_3D('',#2768,#2769,#2770);
#2768 = CARTESIAN_POINT('',(15.3,-1.006044788433E+03,276.18752923788));
#2769 = DIRECTION('',(1.,-0.,0.));
#2770 = DIRECTION('',(0.,0.719339800339,-0.694658370459));
#2771 = FACE_BOUND('',#2772,.T.);
#2772 = EDGE_LOOP('',(#2773));
#2773 = ORIENTED_EDGE('',*,*,#2774,.F.);
#2774 = EDGE_CURVE('',#2775,#2775,#2777,.T.);
#2775 = VERTEX_POINT('',#2776);
#2776 = CARTESIAN_POINT('',(15.3,-1.028339422648E+03,269.079837263));
#2777 = CIRCLE('',#2778,4.);
#2778 = AXIS2_PLACEMENT_3D('',#2779,#2780,#2781);
#2779 = CARTESIAN_POINT('',(15.3,-1.03121678185E+03,271.85847074484));
#2780 = DIRECTION('',(1.,-0.,0.));
#2781 = DIRECTION('',(0.,0.719339800339,-0.694658370459));
#2782 = FACE_BOUND('',#2783,.T.);
#2783 = EDGE_LOOP('',(#2784));
#2784 = ORIENTED_EDGE('',*,*,#2785,.F.);
#2785 = EDGE_CURVE('',#2786,#2786,#2788,.T.);
#2786 = VERTEX_POINT('',#2787);
#2787 = CARTESIAN_POINT('',(15.3,-731.2174119609,344.84612769041));
#2788 = CIRCLE('',#2789,4.);
#2789 = AXIS2_PLACEMENT_3D('',#2790,#2791,#2792);
#2790 = CARTESIAN_POINT('',(15.3,-734.0947711623,347.62476117225));
#2791 = DIRECTION('',(1.,-0.,0.));
#2792 = DIRECTION('',(0.,0.719339800339,-0.694658370459));
#2793 = PLANE('',#2794);
#2794 = AXIS2_PLACEMENT_3D('',#2795,#2796,#2797);
#2795 = CARTESIAN_POINT('',(15.3,-848.0532044301,303.55900266487));
#2796 = DIRECTION('',(1.,0.,0.));
#2797 = DIRECTION('',(0.,0.719339800339,-0.694658370459));
#2798 = ADVANCED_FACE('',(#2799),#2817,.T.);
#2799 = FACE_BOUND('',#2800,.T.);
#2800 = EDGE_LOOP('',(#2801,#2802,#2803,#2811));
#2801 = ORIENTED_EDGE('',*,*,#2691,.F.);
#2802 = ORIENTED_EDGE('',*,*,#2676,.T.);
#2803 = ORIENTED_EDGE('',*,*,#2804,.T.);
#2804 = EDGE_CURVE('',#2668,#2805,#2807,.T.);
#2805 = VERTEX_POINT('',#2806);
#2806 = CARTESIAN_POINT('',(7.8,-728.949823077,367.22959610918));
#2807 = LINE('',#2808,#2809);
#2808 = CARTESIAN_POINT('',(7.8,-685.4527469697,346.52965271499));
#2809 = VECTOR('',#2810,1.);
#2810 = DIRECTION('',(0.,-0.902964844583,0.429714427785));
#2811 = ORIENTED_EDGE('',*,*,#2812,.F.);
#2812 = EDGE_CURVE('',#2692,#2805,#2813,.T.);
#2813 = LINE('',#2814,#2815);
#2814 = CARTESIAN_POINT('',(15.3,-728.949823077,367.22959610918));
#2815 = VECTOR('',#2816,1.);
#2816 = DIRECTION('',(-1.,-0.,0.));
#2817 = PLANE('',#2818);
#2818 = AXIS2_PLACEMENT_3D('',#2819,#2820,#2821);
#2819 = CARTESIAN_POINT('',(15.3,-663.5337124387,336.09854297958));
#2820 = DIRECTION('',(0.,0.429714427785,0.902964844583));
#2821 = DIRECTION('',(0.,-0.902964844583,0.429714427785));
#2822 = ADVANCED_FACE('',(#2823,#2874,#2885),#2896,.T.);
#2823 = FACE_BOUND('',#2824,.T.);
#2824 = EDGE_LOOP('',(#2825,#2833,#2841,#2849,#2857,#2865,#2872,#2873));
#2825 = ORIENTED_EDGE('',*,*,#2826,.F.);
#2826 = EDGE_CURVE('',#2827,#2660,#2829,.T.);
#2827 = VERTEX_POINT('',#2828);
#2828 = CARTESIAN_POINT('',(7.8,-685.7421956493,308.7984743124));
#2829 = LINE('',#2830,#2831);
#2830 = CARTESIAN_POINT('',(7.8,-873.2946214218,281.44763737437));
#2831 = VECTOR('',#2832,1.);
#2832 = DIRECTION('',(0.,0.989533401823,0.144304007834));
#2833 = ORIENTED_EDGE('',*,*,#2834,.T.);
#2834 = EDGE_CURVE('',#2827,#2835,#2837,.T.);
#2835 = VERTEX_POINT('',#2836);
#2836 = CARTESIAN_POINT('',(7.8,-730.7447479487,333.18117350803));
#2837 = LINE('',#2838,#2839);
#2838 = CARTESIAN_POINT('',(7.8,-621.1228565201,273.78726210993));
#2839 = VECTOR('',#2840,1.);
#2840 = DIRECTION('',(0.,-0.879240277016,0.476378562987));
#2841 = ORIENTED_EDGE('',*,*,#2842,.T.);
#2842 = EDGE_CURVE('',#2835,#2843,#2845,.T.);
#2843 = VERTEX_POINT('',#2844);
#2844 = CARTESIAN_POINT('',(7.8,-836.9726439828,312.51952940509));
#2845 = LINE('',#2846,#2847);
#2846 = CARTESIAN_POINT('',(7.8,-730.7447479487,333.18117350803));
#2847 = VECTOR('',#2848,1.);
#2848 = DIRECTION('',(0.,-0.981604619541,-0.190925039994));
#2849 = ORIENTED_EDGE('',*,*,#2850,.T.);
#2850 = EDGE_CURVE('',#2843,#2851,#2853,.T.);
#2851 = VERTEX_POINT('',#2852);
#2852 = CARTESIAN_POINT('',(7.8,-826.9342157935,319.14317505971));
#2853 = LINE('',#2854,#2855);
#2854 = CARTESIAN_POINT('',(7.8,-836.9726439828,312.51952940509));
#2855 = VECTOR('',#2856,1.);
#2856 = DIRECTION('',(0.,0.834675033285,0.550742761015));
#2857 = ORIENTED_EDGE('',*,*,#2858,.F.);
#2858 = EDGE_CURVE('',#2859,#2851,#2861,.T.);
#2859 = VERTEX_POINT('',#2860);
#2860 = CARTESIAN_POINT('',(7.8,-739.8792861334,366.91417681032));
#2861 = LINE('',#2862,#2863);
#2862 = CARTESIAN_POINT('',(7.8,-740.6417055372,366.49580258597));
#2863 = VECTOR('',#2864,1.);
#2864 = DIRECTION('',(0.,-0.876679903011,-0.481074160246));
#2865 = ORIENTED_EDGE('',*,*,#2866,.F.);
#2866 = EDGE_CURVE('',#2805,#2859,#2867,.T.);
#2867 = CIRCLE('',#2868,12.);
#2868 = AXIS2_PLACEMENT_3D('',#2869,#2870,#2871);
#2869 = CARTESIAN_POINT('',(7.8,-734.1063962105,356.39401797418));
#2870 = DIRECTION('',(1.,-0.,0.));
#2871 = DIRECTION('',(0.,0.719339800339,-0.694658370459));
#2872 = ORIENTED_EDGE('',*,*,#2804,.F.);
#2873 = ORIENTED_EDGE('',*,*,#2667,.F.);
#2874 = FACE_BOUND('',#2875,.T.);
#2875 = EDGE_LOOP('',(#2876));
#2876 = ORIENTED_EDGE('',*,*,#2877,.T.);
#2877 = EDGE_CURVE('',#2878,#2878,#2880,.T.);
#2878 = VERTEX_POINT('',#2879);
#2879 = CARTESIAN_POINT('',(7.8,-731.2174119609,344.84612769041));
#2880 = CIRCLE('',#2881,4.);
#2881 = AXIS2_PLACEMENT_3D('',#2882,#2883,#2884);
#2882 = CARTESIAN_POINT('',(7.8,-734.0947711623,347.62476117225));
#2883 = DIRECTION('',(1.,-0.,0.));
#2884 = DIRECTION('',(0.,0.719339800339,-0.694658370459));
#2885 = FACE_BOUND('',#2886,.T.);
#2886 = EDGE_LOOP('',(#2887));
#2887 = ORIENTED_EDGE('',*,*,#2888,.T.);
#2888 = EDGE_CURVE('',#2889,#2889,#2891,.T.);
#2889 = VERTEX_POINT('',#2890);
#2890 = CARTESIAN_POINT('',(7.8,-664.0846213976,319.49739140678));
#2891 = CIRCLE('',#2892,7.);
#2892 = AXIS2_PLACEMENT_3D('',#2893,#2894,#2895);
#2893 = CARTESIAN_POINT('',(7.8,-669.12,324.36));
#2894 = DIRECTION('',(1.,-0.,0.));
#2895 = DIRECTION('',(0.,0.719339800339,-0.694658370459));
#2896 = PLANE('',#2897);
#2897 = AXIS2_PLACEMENT_3D('',#2898,#2899,#2900);
#2898 = CARTESIAN_POINT('',(7.8,-720.8545719082,328.62918929917));
#2899 = DIRECTION('',(-1.,-0.,0.));
#2900 = DIRECTION('',(0.,-0.719339800339,0.694658370459));
#2901 = ADVANCED_FACE('',(#2902),#2945,.T.);
#2902 = FACE_BOUND('',#2903,.T.);
#2903 = EDGE_LOOP('',(#2904,#2905,#2913,#2921,#2929,#2937,#2943,#2944));
#2904 = ORIENTED_EDGE('',*,*,#2733,.F.);
#2905 = ORIENTED_EDGE('',*,*,#2906,.T.);
#2906 = EDGE_CURVE('',#2725,#2907,#2909,.T.);
#2907 = VERTEX_POINT('',#2908);
#2908 = CARTESIAN_POINT('',(-14.7,-1.029297538545E+03,258.6976765006));
#2909 = LINE('',#2910,#2911);
#2910 = CARTESIAN_POINT('',(15.3,-1.029297538545E+03,258.6976765006));
#2911 = VECTOR('',#2912,1.);
#2912 = DIRECTION('',(-1.,-0.,0.));
#2913 = ORIENTED_EDGE('',*,*,#2914,.T.);
#2914 = EDGE_CURVE('',#2907,#2915,#2917,.T.);
#2915 = VERTEX_POINT('',#2916);
#2916 = CARTESIAN_POINT('',(-14.7,-667.2440478981,311.4960657763));
#2917 = LINE('',#2918,#2919);
#2918 = CARTESIAN_POINT('',(-14.7,-1.029297538545E+03,258.6976765006));
#2919 = VECTOR('',#2920,1.);
#2920 = DIRECTION('',(0.,0.989533401823,0.144304007834));
#2921 = ORIENTED_EDGE('',*,*,#2922,.F.);
#2922 = EDGE_CURVE('',#2923,#2915,#2925,.T.);
#2923 = VERTEX_POINT('',#2924);
#2924 = CARTESIAN_POINT('',(-7.2,-667.2440478981,311.4960657763));
#2925 = LINE('',#2926,#2927);
#2926 = CARTESIAN_POINT('',(15.3,-667.2440478981,311.4960657763));
#2927 = VECTOR('',#2928,1.);
#2928 = DIRECTION('',(-1.,-0.,0.));
#2929 = ORIENTED_EDGE('',*,*,#2930,.F.);
#2930 = EDGE_CURVE('',#2931,#2923,#2933,.T.);
#2931 = VERTEX_POINT('',#2932);
#2932 = CARTESIAN_POINT('',(-7.2,-685.7421956493,308.7984743124));
#2933 = LINE('',#2934,#2935);
#2934 = CARTESIAN_POINT('',(-7.2,-873.2946214218,281.44763737437));
#2935 = VECTOR('',#2936,1.);
#2936 = DIRECTION('',(0.,0.989533401823,0.144304007834));
#2937 = ORIENTED_EDGE('',*,*,#2938,.T.);
#2938 = EDGE_CURVE('',#2931,#2827,#2939,.T.);
#2939 = LINE('',#2940,#2941);
#2940 = CARTESIAN_POINT('',(11.55,-685.7421956493,308.7984743124));
#2941 = VECTOR('',#2942,1.);
#2942 = DIRECTION('',(1.,0.,0.));
#2943 = ORIENTED_EDGE('',*,*,#2826,.T.);
#2944 = ORIENTED_EDGE('',*,*,#2659,.F.);
#2945 = PLANE('',#2946);
#2946 = AXIS2_PLACEMENT_3D('',#2947,#2948,#2949);
#2947 = CARTESIAN_POINT('',(15.3,-1.029297538545E+03,258.6976765006));
#2948 = DIRECTION('',(0.,0.144304007834,-0.989533401823));
#2949 = DIRECTION('',(0.,0.989533401823,0.144304007834));
#2950 = ADVANCED_FACE('',(#2951),#2962,.T.);
#2951 = FACE_BOUND('',#2952,.T.);
#2952 = EDGE_LOOP('',(#2953,#2954,#2955,#2956));
#2953 = ORIENTED_EDGE('',*,*,#2699,.F.);
#2954 = ORIENTED_EDGE('',*,*,#2812,.T.);
#2955 = ORIENTED_EDGE('',*,*,#2866,.T.);
#2956 = ORIENTED_EDGE('',*,*,#2957,.F.);
#2957 = EDGE_CURVE('',#2700,#2859,#2958,.T.);
#2958 = LINE('',#2959,#2960);
#2959 = CARTESIAN_POINT('',(15.3,-739.8792861334,366.91417681032));
#2960 = VECTOR('',#2961,1.);
#2961 = DIRECTION('',(-1.,-0.,0.));
#2962 = CYLINDRICAL_SURFACE('',#2963,12.);
#2963 = AXIS2_PLACEMENT_3D('',#2964,#2965,#2966);
#2964 = CARTESIAN_POINT('',(15.3,-734.1063962105,356.39401797418));
#2965 = DIRECTION('',(1.,0.,0.));
#2966 = DIRECTION('',(0.,0.719339800339,-0.694658370459));
#2967 = ADVANCED_FACE('',(#2968),#3011,.T.);
#2968 = FACE_BOUND('',#2969,.T.);
#2969 = EDGE_LOOP('',(#2970,#2971,#2972,#2973,#2981,#2989,#2997,#3005));
#2970 = ORIENTED_EDGE('',*,*,#2708,.F.);
#2971 = ORIENTED_EDGE('',*,*,#2957,.T.);
#2972 = ORIENTED_EDGE('',*,*,#2858,.T.);
#2973 = ORIENTED_EDGE('',*,*,#2974,.T.);
#2974 = EDGE_CURVE('',#2851,#2975,#2977,.T.);
#2975 = VERTEX_POINT('',#2976);
#2976 = CARTESIAN_POINT('',(-7.2,-826.9342157935,319.14317505971));
#2977 = LINE('',#2978,#2979);
#2978 = CARTESIAN_POINT('',(11.55,-826.9342157935,319.14317505971));
#2979 = VECTOR('',#2980,1.);
#2980 = DIRECTION('',(-1.,0.,0.));
#2981 = ORIENTED_EDGE('',*,*,#2982,.F.);
#2982 = EDGE_CURVE('',#2983,#2975,#2985,.T.);
#2983 = VERTEX_POINT('',#2984);
#2984 = CARTESIAN_POINT('',(-7.2,-739.8792861334,366.91417681032));
#2985 = LINE('',#2986,#2987);
#2986 = CARTESIAN_POINT('',(-7.2,-740.6417055372,366.49580258597));
#2987 = VECTOR('',#2988,1.);
#2988 = DIRECTION('',(0.,-0.876679903011,-0.481074160246));
#2989 = ORIENTED_EDGE('',*,*,#2990,.T.);
#2990 = EDGE_CURVE('',#2983,#2991,#2993,.T.);
#2991 = VERTEX_POINT('',#2992);
#2992 = CARTESIAN_POINT('',(-14.7,-739.8792861334,366.91417681032));
#2993 = LINE('',#2994,#2995);
#2994 = CARTESIAN_POINT('',(15.3,-739.8792861334,366.91417681032));
#2995 = VECTOR('',#2996,1.);
#2996 = DIRECTION('',(-1.,-0.,0.));
#2997 = ORIENTED_EDGE('',*,*,#2998,.T.);
#2998 = EDGE_CURVE('',#2991,#2999,#3001,.T.);
#2999 = VERTEX_POINT('',#3000);
#3000 = CARTESIAN_POINT('',(-14.7,-836.9944650817,313.62265843604));
#3001 = LINE('',#3002,#3003);
#3002 = CARTESIAN_POINT('',(-14.7,-739.8792861334,366.91417681032));
#3003 = VECTOR('',#3004,1.);
#3004 = DIRECTION('',(0.,-0.876679903011,-0.481074160246));
#3005 = ORIENTED_EDGE('',*,*,#3006,.F.);
#3006 = EDGE_CURVE('',#2709,#2999,#3007,.T.);
#3007 = LINE('',#3008,#3009);
#3008 = CARTESIAN_POINT('',(15.3,-836.9944650817,313.62265843604));
#3009 = VECTOR('',#3010,1.);
#3010 = DIRECTION('',(-1.,-0.,0.));
#3011 = PLANE('',#3012);
#3012 = AXIS2_PLACEMENT_3D('',#3013,#3014,#3015);
#3013 = CARTESIAN_POINT('',(15.3,-739.8792861334,366.91417681032));
#3014 = DIRECTION('',(0.,-0.481074160246,0.876679903011));
#3015 = DIRECTION('',(0.,-0.876679903011,-0.481074160246));
#3016 = ADVANCED_FACE('',(#3017),#3035,.T.);
#3017 = FACE_BOUND('',#3018,.T.);
#3018 = EDGE_LOOP('',(#3019,#3020,#3028,#3034));
#3019 = ORIENTED_EDGE('',*,*,#3006,.T.);
#3020 = ORIENTED_EDGE('',*,*,#3021,.T.);
#3021 = EDGE_CURVE('',#2999,#3022,#3024,.T.);
#3022 = VERTEX_POINT('',#3023);
#3023 = CARTESIAN_POINT('',(-14.7,-1.033136025154E+03,285.01926498908));
#3024 = LINE('',#3025,#3026);
#3025 = CARTESIAN_POINT('',(-14.7,-836.9944650817,313.62265843604));
#3026 = VECTOR('',#3027,1.);
#3027 = DIRECTION('',(0.,-0.989533401823,-0.144304007834));
#3028 = ORIENTED_EDGE('',*,*,#3029,.F.);
#3029 = EDGE_CURVE('',#2717,#3022,#3030,.T.);
#3030 = LINE('',#3031,#3032);
#3031 = CARTESIAN_POINT('',(15.3,-1.033136025154E+03,285.01926498908));
#3032 = VECTOR('',#3033,1.);
#3033 = DIRECTION('',(-1.,-0.,0.));
#3034 = ORIENTED_EDGE('',*,*,#2716,.F.);
#3035 = PLANE('',#3036);
#3036 = AXIS2_PLACEMENT_3D('',#3037,#3038,#3039);
#3037 = CARTESIAN_POINT('',(15.3,-836.9944650817,313.62265843604));
#3038 = DIRECTION('',(0.,-0.144304007834,0.989533401823));
#3039 = DIRECTION('',(0.,-0.989533401823,-0.144304007834));
#3040 = ADVANCED_FACE('',(#3041),#3053,.T.);
#3041 = FACE_BOUND('',#3042,.T.);
#3042 = EDGE_LOOP('',(#3043,#3044,#3051,#3052));
#3043 = ORIENTED_EDGE('',*,*,#3029,.T.);
#3044 = ORIENTED_EDGE('',*,*,#3045,.T.);
#3045 = EDGE_CURVE('',#3022,#2907,#3046,.T.);
#3046 = CIRCLE('',#3047,13.3);
#3047 = AXIS2_PLACEMENT_3D('',#3048,#3049,#3050);
#3048 = CARTESIAN_POINT('',(-14.7,-1.03121678185E+03,271.85847074484));
#3049 = DIRECTION('',(1.,-0.,0.));
#3050 = DIRECTION('',(0.,0.719339800339,-0.694658370459));
#3051 = ORIENTED_EDGE('',*,*,#2906,.F.);
#3052 = ORIENTED_EDGE('',*,*,#2724,.F.);
#3053 = CYLINDRICAL_SURFACE('',#3054,13.3);
#3054 = AXIS2_PLACEMENT_3D('',#3055,#3056,#3057);
#3055 = CARTESIAN_POINT('',(15.3,-1.03121678185E+03,271.85847074484));
#3056 = DIRECTION('',(1.,0.,0.));
#3057 = DIRECTION('',(0.,0.719339800339,-0.694658370459));
#3058 = ADVANCED_FACE('',(#3059),#3078,.F.);
#3059 = FACE_BOUND('',#3060,.F.);
#3060 = EDGE_LOOP('',(#3061,#3069,#3076,#3077));
#3061 = ORIENTED_EDGE('',*,*,#3062,.T.);
#3062 = EDGE_CURVE('',#2742,#3063,#3065,.T.);
#3063 = VERTEX_POINT('',#3064);
#3064 = CARTESIAN_POINT('',(-14.7,-724.4679952434,310.66403626855));
#3065 = LINE('',#3066,#3067);
#3066 = CARTESIAN_POINT('',(15.3,-724.4679952434,310.66403626855));
#3067 = VECTOR('',#3068,1.);
#3068 = DIRECTION('',(-1.,-0.,0.));
#3069 = ORIENTED_EDGE('',*,*,#3070,.T.);
#3070 = EDGE_CURVE('',#3063,#3063,#3071,.T.);
#3071 = CIRCLE('',#3072,7.);
#3072 = AXIS2_PLACEMENT_3D('',#3073,#3074,#3075);
#3073 = CARTESIAN_POINT('',(-14.7,-729.5033738458,315.52664486176));
#3074 = DIRECTION('',(1.,-0.,0.));
#3075 = DIRECTION('',(0.,0.719339800339,-0.694658370459));
#3076 = ORIENTED_EDGE('',*,*,#3062,.F.);
#3077 = ORIENTED_EDGE('',*,*,#2741,.F.);
#3078 = CYLINDRICAL_SURFACE('',#3079,7.);
#3079 = AXIS2_PLACEMENT_3D('',#3080,#3081,#3082);
#3080 = CARTESIAN_POINT('',(15.3,-729.5033738458,315.52664486176));
#3081 = DIRECTION('',(1.,0.,0.));
#3082 = DIRECTION('',(0.,0.719339800339,-0.694658370459));
#3083 = ADVANCED_FACE('',(#3084),#3095,.F.);
#3084 = FACE_BOUND('',#3085,.F.);
#3085 = EDGE_LOOP('',(#3086,#3087,#3093,#3094));
#3086 = ORIENTED_EDGE('',*,*,#2752,.F.);
#3087 = ORIENTED_EDGE('',*,*,#3088,.T.);
#3088 = EDGE_CURVE('',#2753,#2889,#3089,.T.);
#3089 = LINE('',#3090,#3091);
#3090 = CARTESIAN_POINT('',(15.3,-664.0846213976,319.49739140678));
#3091 = VECTOR('',#3092,1.);
#3092 = DIRECTION('',(-1.,-0.,0.));
#3093 = ORIENTED_EDGE('',*,*,#2888,.T.);
#3094 = ORIENTED_EDGE('',*,*,#3088,.F.);
#3095 = CYLINDRICAL_SURFACE('',#3096,7.);
#3096 = AXIS2_PLACEMENT_3D('',#3097,#3098,#3099);
#3097 = CARTESIAN_POINT('',(15.3,-669.12,324.36));
#3098 = DIRECTION('',(1.,0.,0.));
#3099 = DIRECTION('',(0.,0.719339800339,-0.694658370459));
#3100 = ADVANCED_FACE('',(#3101),#3120,.F.);
#3101 = FACE_BOUND('',#3102,.F.);
#3102 = EDGE_LOOP('',(#3103,#3111,#3118,#3119));
#3103 = ORIENTED_EDGE('',*,*,#3104,.T.);
#3104 = EDGE_CURVE('',#2764,#3105,#3107,.T.);
#3105 = VERTEX_POINT('',#3106);
#3106 = CARTESIAN_POINT('',(-14.7,-1.003167429232E+03,273.40889575605));
#3107 = LINE('',#3108,#3109);
#3108 = CARTESIAN_POINT('',(15.3,-1.003167429232E+03,273.40889575605));
#3109 = VECTOR('',#3110,1.);
#3110 = DIRECTION('',(-1.,-0.,0.));
#3111 = ORIENTED_EDGE('',*,*,#3112,.T.);
#3112 = EDGE_CURVE('',#3105,#3105,#3113,.T.);
#3113 = CIRCLE('',#3114,4.);
#3114 = AXIS2_PLACEMENT_3D('',#3115,#3116,#3117);
#3115 = CARTESIAN_POINT('',(-14.7,-1.006044788433E+03,276.18752923788));
#3116 = DIRECTION('',(1.,-0.,0.));
#3117 = DIRECTION('',(0.,0.719339800339,-0.694658370459));
#3118 = ORIENTED_EDGE('',*,*,#3104,.F.);
#3119 = ORIENTED_EDGE('',*,*,#2763,.F.);
#3120 = CYLINDRICAL_SURFACE('',#3121,4.);
#3121 = AXIS2_PLACEMENT_3D('',#3122,#3123,#3124);
#3122 = CARTESIAN_POINT('',(15.3,-1.006044788433E+03,276.18752923788));
#3123 = DIRECTION('',(1.,0.,0.));
#3124 = DIRECTION('',(0.,0.719339800339,-0.694658370459));
#3125 = ADVANCED_FACE('',(#3126),#3145,.F.);
#3126 = FACE_BOUND('',#3127,.F.);
#3127 = EDGE_LOOP('',(#3128,#3136,#3143,#3144));
#3128 = ORIENTED_EDGE('',*,*,#3129,.T.);
#3129 = EDGE_CURVE('',#2775,#3130,#3132,.T.);
#3130 = VERTEX_POINT('',#3131);
#3131 = CARTESIAN_POINT('',(-14.7,-1.028339422648E+03,269.079837263));
#3132 = LINE('',#3133,#3134);
#3133 = CARTESIAN_POINT('',(15.3,-1.028339422648E+03,269.079837263));
#3134 = VECTOR('',#3135,1.);
#3135 = DIRECTION('',(-1.,-0.,0.));
#3136 = ORIENTED_EDGE('',*,*,#3137,.T.);
#3137 = EDGE_CURVE('',#3130,#3130,#3138,.T.);
#3138 = CIRCLE('',#3139,4.);
#3139 = AXIS2_PLACEMENT_3D('',#3140,#3141,#3142);
#3140 = CARTESIAN_POINT('',(-14.7,-1.03121678185E+03,271.85847074484));
#3141 = DIRECTION('',(1.,-0.,0.));
#3142 = DIRECTION('',(0.,0.719339800339,-0.694658370459));
#3143 = ORIENTED_EDGE('',*,*,#3129,.F.);
#3144 = ORIENTED_EDGE('',*,*,#2774,.F.);
#3145 = CYLINDRICAL_SURFACE('',#3146,4.);
#3146 = AXIS2_PLACEMENT_3D('',#3147,#3148,#3149);
#3147 = CARTESIAN_POINT('',(15.3,-1.03121678185E+03,271.85847074484));
#3148 = DIRECTION('',(1.,0.,0.));
#3149 = DIRECTION('',(0.,0.719339800339,-0.694658370459));
#3150 = ADVANCED_FACE('',(#3151),#3162,.F.);
#3151 = FACE_BOUND('',#3152,.F.);
#3152 = EDGE_LOOP('',(#3153,#3154,#3160,#3161));
#3153 = ORIENTED_EDGE('',*,*,#2785,.F.);
#3154 = ORIENTED_EDGE('',*,*,#3155,.T.);
#3155 = EDGE_CURVE('',#2786,#2878,#3156,.T.);
#3156 = LINE('',#3157,#3158);
#3157 = CARTESIAN_POINT('',(15.3,-731.2174119609,344.84612769041));
#3158 = VECTOR('',#3159,1.);
#3159 = DIRECTION('',(-1.,-0.,0.));
#3160 = ORIENTED_EDGE('',*,*,#2877,.T.);
#3161 = ORIENTED_EDGE('',*,*,#3155,.F.);
#3162 = CYLINDRICAL_SURFACE('',#3163,4.);
#3163 = AXIS2_PLACEMENT_3D('',#3164,#3165,#3166);
#3164 = CARTESIAN_POINT('',(15.3,-734.0947711623,347.62476117225));
#3165 = DIRECTION('',(1.,0.,0.));
#3166 = DIRECTION('',(0.,0.719339800339,-0.694658370459));
#3167 = ADVANCED_FACE('',(#3168),#3186,.T.);
#3168 = FACE_BOUND('',#3169,.T.);
#3169 = EDGE_LOOP('',(#3170,#3171,#3179,#3185));
#3170 = ORIENTED_EDGE('',*,*,#2850,.F.);
#3171 = ORIENTED_EDGE('',*,*,#3172,.T.);
#3172 = EDGE_CURVE('',#2843,#3173,#3175,.T.);
#3173 = VERTEX_POINT('',#3174);
#3174 = CARTESIAN_POINT('',(-7.2,-836.9726439828,312.51952940509));
#3175 = LINE('',#3176,#3177);
#3176 = CARTESIAN_POINT('',(7.8,-836.9726439828,312.51952940509));
#3177 = VECTOR('',#3178,1.);
#3178 = DIRECTION('',(-1.,-0.,0.));
#3179 = ORIENTED_EDGE('',*,*,#3180,.T.);
#3180 = EDGE_CURVE('',#3173,#2975,#3181,.T.);
#3181 = LINE('',#3182,#3183);
#3182 = CARTESIAN_POINT('',(-7.2,-836.9726439828,312.51952940509));
#3183 = VECTOR('',#3184,1.);
#3184 = DIRECTION('',(0.,0.834675033285,0.550742761015));
#3185 = ORIENTED_EDGE('',*,*,#2974,.F.);
#3186 = PLANE('',#3187);
#3187 = AXIS2_PLACEMENT_3D('',#3188,#3189,#3190);
#3188 = CARTESIAN_POINT('',(7.8,-836.9726439828,312.51952940509));
#3189 = DIRECTION('',(0.,0.550742761015,-0.834675033285));
#3190 = DIRECTION('',(0.,0.834675033285,0.550742761015));
#3191 = ADVANCED_FACE('',(#3192),#3210,.T.);
#3192 = FACE_BOUND('',#3193,.T.);
#3193 = EDGE_LOOP('',(#3194,#3202,#3208,#3209));
#3194 = ORIENTED_EDGE('',*,*,#3195,.T.);
#3195 = EDGE_CURVE('',#2835,#3196,#3198,.T.);
#3196 = VERTEX_POINT('',#3197);
#3197 = CARTESIAN_POINT('',(-7.2,-730.7447479487,333.18117350803));
#3198 = LINE('',#3199,#3200);
#3199 = CARTESIAN_POINT('',(7.8,-730.7447479487,333.18117350803));
#3200 = VECTOR('',#3201,1.);
#3201 = DIRECTION('',(-1.,-0.,0.));
#3202 = ORIENTED_EDGE('',*,*,#3203,.T.);
#3203 = EDGE_CURVE('',#3196,#3173,#3204,.T.);
#3204 = LINE('',#3205,#3206);
#3205 = CARTESIAN_POINT('',(-7.2,-730.7447479487,333.18117350803));
#3206 = VECTOR('',#3207,1.);
#3207 = DIRECTION('',(0.,-0.981604619541,-0.190925039994));
#3208 = ORIENTED_EDGE('',*,*,#3172,.F.);
#3209 = ORIENTED_EDGE('',*,*,#2842,.F.);
#3210 = PLANE('',#3211);
#3211 = AXIS2_PLACEMENT_3D('',#3212,#3213,#3214);
#3212 = CARTESIAN_POINT('',(7.8,-730.7447479487,333.18117350803));
#3213 = DIRECTION('',(0.,-0.190925039994,0.981604619541));
#3214 = DIRECTION('',(0.,-0.981604619541,-0.190925039994));
#3215 = ADVANCED_FACE('',(#3216),#3227,.T.);
#3216 = FACE_BOUND('',#3217,.T.);
#3217 = EDGE_LOOP('',(#3218,#3219,#3220,#3226));
#3218 = ORIENTED_EDGE('',*,*,#2834,.F.);
#3219 = ORIENTED_EDGE('',*,*,#2938,.F.);
#3220 = ORIENTED_EDGE('',*,*,#3221,.T.);
#3221 = EDGE_CURVE('',#2931,#3196,#3222,.T.);
#3222 = LINE('',#3223,#3224);
#3223 = CARTESIAN_POINT('',(-7.2,-621.1228565201,273.78726210993));
#3224 = VECTOR('',#3225,1.);
#3225 = DIRECTION('',(0.,-0.879240277016,0.476378562987));
#3226 = ORIENTED_EDGE('',*,*,#3195,.F.);
#3227 = PLANE('',#3228);
#3228 = AXIS2_PLACEMENT_3D('',#3229,#3230,#3231);
#3229 = CARTESIAN_POINT('',(7.8,-621.1228565201,273.78726210993));
#3230 = DIRECTION('',(0.,0.476378562987,0.879240277016));
#3231 = DIRECTION('',(0.,-0.879240277016,0.476378562987));
#3232 = ADVANCED_FACE('',(#3233,#3264,#3275),#3286,.F.);
#3233 = FACE_BOUND('',#3234,.F.);
#3234 = EDGE_LOOP('',(#3235,#3236,#3237,#3238,#3239,#3240,#3249,#3257));
#3235 = ORIENTED_EDGE('',*,*,#2930,.F.);
#3236 = ORIENTED_EDGE('',*,*,#3221,.T.);
#3237 = ORIENTED_EDGE('',*,*,#3203,.T.);
#3238 = ORIENTED_EDGE('',*,*,#3180,.T.);
#3239 = ORIENTED_EDGE('',*,*,#2982,.F.);
#3240 = ORIENTED_EDGE('',*,*,#3241,.F.);
#3241 = EDGE_CURVE('',#3242,#2983,#3244,.T.);
#3242 = VERTEX_POINT('',#3243);
#3243 = CARTESIAN_POINT('',(-7.2,-728.949823077,367.22959610918));
#3244 = CIRCLE('',#3245,12.);
#3245 = AXIS2_PLACEMENT_3D('',#3246,#3247,#3248);
#3246 = CARTESIAN_POINT('',(-7.2,-734.1063962105,356.39401797418));
#3247 = DIRECTION('',(1.,-0.,0.));
#3248 = DIRECTION('',(0.,0.719339800339,-0.694658370459));
#3249 = ORIENTED_EDGE('',*,*,#3250,.F.);
#3250 = EDGE_CURVE('',#3251,#3242,#3253,.T.);
#3251 = VERTEX_POINT('',#3252);
#3252 = CARTESIAN_POINT('',(-7.2,-663.5337124387,336.09854297958));
#3253 = LINE('',#3254,#3255);
#3254 = CARTESIAN_POINT('',(-7.2,-685.4527469697,346.52965271499));
#3255 = VECTOR('',#3256,1.);
#3256 = DIRECTION('',(0.,-0.902964844583,0.429714427785));
#3257 = ORIENTED_EDGE('',*,*,#3258,.F.);
#3258 = EDGE_CURVE('',#2923,#3251,#3259,.T.);
#3259 = CIRCLE('',#3260,13.);
#3260 = AXIS2_PLACEMENT_3D('',#3261,#3262,#3263);
#3261 = CARTESIAN_POINT('',(-7.2,-669.12,324.36));
#3262 = DIRECTION('',(1.,-0.,0.));
#3263 = DIRECTION('',(0.,0.719339800339,-0.694658370459));
#3264 = FACE_BOUND('',#3265,.F.);
#3265 = EDGE_LOOP('',(#3266));
#3266 = ORIENTED_EDGE('',*,*,#3267,.T.);
#3267 = EDGE_CURVE('',#3268,#3268,#3270,.T.);
#3268 = VERTEX_POINT('',#3269);
#3269 = CARTESIAN_POINT('',(-7.2,-731.2174119609,344.84612769041));
#3270 = CIRCLE('',#3271,4.);
#3271 = AXIS2_PLACEMENT_3D('',#3272,#3273,#3274);
#3272 = CARTESIAN_POINT('',(-7.2,-734.0947711623,347.62476117225));
#3273 = DIRECTION('',(1.,-0.,0.));
#3274 = DIRECTION('',(0.,0.719339800339,-0.694658370459));
#3275 = FACE_BOUND('',#3276,.F.);
#3276 = EDGE_LOOP('',(#3277));
#3277 = ORIENTED_EDGE('',*,*,#3278,.T.);
#3278 = EDGE_CURVE('',#3279,#3279,#3281,.T.);
#3279 = VERTEX_POINT('',#3280);
#3280 = CARTESIAN_POINT('',(-7.2,-664.0846213976,319.49739140678));
#3281 = CIRCLE('',#3282,7.);
#3282 = AXIS2_PLACEMENT_3D('',#3283,#3284,#3285);
#3283 = CARTESIAN_POINT('',(-7.2,-669.12,324.36));
#3284 = DIRECTION('',(1.,-0.,0.));
#3285 = DIRECTION('',(0.,0.719339800339,-0.694658370459));
#3286 = PLANE('',#3287);
#3287 = AXIS2_PLACEMENT_3D('',#3288,#3289,#3290);
#3288 = CARTESIAN_POINT('',(-7.2,-720.8545719082,328.62918929917));
#3289 = DIRECTION('',(-1.,-0.,0.));
#3290 = DIRECTION('',(0.,-0.719339800339,0.694658370459));
#3291 = ADVANCED_FACE('',(#3292),#3311,.T.);
#3292 = FACE_BOUND('',#3293,.T.);
#3293 = EDGE_LOOP('',(#3294,#3295,#3296,#3305));
#3294 = ORIENTED_EDGE('',*,*,#3258,.F.);
#3295 = ORIENTED_EDGE('',*,*,#2922,.T.);
#3296 = ORIENTED_EDGE('',*,*,#3297,.T.);
#3297 = EDGE_CURVE('',#2915,#3298,#3300,.T.);
#3298 = VERTEX_POINT('',#3299);
#3299 = CARTESIAN_POINT('',(-14.7,-663.5337124387,336.09854297958));
#3300 = CIRCLE('',#3301,13.);
#3301 = AXIS2_PLACEMENT_3D('',#3302,#3303,#3304);
#3302 = CARTESIAN_POINT('',(-14.7,-669.12,324.36));
#3303 = DIRECTION('',(1.,-0.,0.));
#3304 = DIRECTION('',(0.,0.719339800339,-0.694658370459));
#3305 = ORIENTED_EDGE('',*,*,#3306,.F.);
#3306 = EDGE_CURVE('',#3251,#3298,#3307,.T.);
#3307 = LINE('',#3308,#3309);
#3308 = CARTESIAN_POINT('',(15.3,-663.5337124387,336.09854297958));
#3309 = VECTOR('',#3310,1.);
#3310 = DIRECTION('',(-1.,-0.,0.));
#3311 = CYLINDRICAL_SURFACE('',#3312,13.);
#3312 = AXIS2_PLACEMENT_3D('',#3313,#3314,#3315);
#3313 = CARTESIAN_POINT('',(15.3,-669.12,324.36));
#3314 = DIRECTION('',(1.,0.,0.));
#3315 = DIRECTION('',(0.,0.719339800339,-0.694658370459));
#3316 = ADVANCED_FACE('',(#3317,#3339,#3342,#3353,#3356,#3359),#3370,.F.
  );
#3317 = FACE_BOUND('',#3318,.F.);
#3318 = EDGE_LOOP('',(#3319,#3320,#3328,#3335,#3336,#3337,#3338));
#3319 = ORIENTED_EDGE('',*,*,#3297,.T.);
#3320 = ORIENTED_EDGE('',*,*,#3321,.T.);
#3321 = EDGE_CURVE('',#3298,#3322,#3324,.T.);
#3322 = VERTEX_POINT('',#3323);
#3323 = CARTESIAN_POINT('',(-14.7,-728.949823077,367.22959610918));
#3324 = LINE('',#3325,#3326);
#3325 = CARTESIAN_POINT('',(-14.7,-663.5337124387,336.09854297958));
#3326 = VECTOR('',#3327,1.);
#3327 = DIRECTION('',(0.,-0.902964844583,0.429714427785));
#3328 = ORIENTED_EDGE('',*,*,#3329,.T.);
#3329 = EDGE_CURVE('',#3322,#2991,#3330,.T.);
#3330 = CIRCLE('',#3331,12.);
#3331 = AXIS2_PLACEMENT_3D('',#3332,#3333,#3334);
#3332 = CARTESIAN_POINT('',(-14.7,-734.1063962105,356.39401797418));
#3333 = DIRECTION('',(1.,-0.,0.));
#3334 = DIRECTION('',(0.,0.719339800339,-0.694658370459));
#3335 = ORIENTED_EDGE('',*,*,#2998,.T.);
#3336 = ORIENTED_EDGE('',*,*,#3021,.T.);
#3337 = ORIENTED_EDGE('',*,*,#3045,.T.);
#3338 = ORIENTED_EDGE('',*,*,#2914,.T.);
#3339 = FACE_BOUND('',#3340,.F.);
#3340 = EDGE_LOOP('',(#3341));
#3341 = ORIENTED_EDGE('',*,*,#3070,.F.);
#3342 = FACE_BOUND('',#3343,.F.);
#3343 = EDGE_LOOP('',(#3344));
#3344 = ORIENTED_EDGE('',*,*,#3345,.F.);
#3345 = EDGE_CURVE('',#3346,#3346,#3348,.T.);
#3346 = VERTEX_POINT('',#3347);
#3347 = CARTESIAN_POINT('',(-14.7,-664.0846213976,319.49739140678));
#3348 = CIRCLE('',#3349,7.);
#3349 = AXIS2_PLACEMENT_3D('',#3350,#3351,#3352);
#3350 = CARTESIAN_POINT('',(-14.7,-669.12,324.36));
#3351 = DIRECTION('',(1.,-0.,0.));
#3352 = DIRECTION('',(0.,0.719339800339,-0.694658370459));
#3353 = FACE_BOUND('',#3354,.F.);
#3354 = EDGE_LOOP('',(#3355));
#3355 = ORIENTED_EDGE('',*,*,#3112,.F.);
#3356 = FACE_BOUND('',#3357,.F.);
#3357 = EDGE_LOOP('',(#3358));
#3358 = ORIENTED_EDGE('',*,*,#3137,.F.);
#3359 = FACE_BOUND('',#3360,.F.);
#3360 = EDGE_LOOP('',(#3361));
#3361 = ORIENTED_EDGE('',*,*,#3362,.F.);
#3362 = EDGE_CURVE('',#3363,#3363,#3365,.T.);
#3363 = VERTEX_POINT('',#3364);
#3364 = CARTESIAN_POINT('',(-14.7,-731.2174119609,344.84612769041));
#3365 = CIRCLE('',#3366,4.);
#3366 = AXIS2_PLACEMENT_3D('',#3367,#3368,#3369);
#3367 = CARTESIAN_POINT('',(-14.7,-734.0947711623,347.62476117225));
#3368 = DIRECTION('',(1.,-0.,0.));
#3369 = DIRECTION('',(0.,0.719339800339,-0.694658370459));
#3370 = PLANE('',#3371);
#3371 = AXIS2_PLACEMENT_3D('',#3372,#3373,#3374);
#3372 = CARTESIAN_POINT('',(-14.7,-848.0532044301,303.55900266487));
#3373 = DIRECTION('',(1.,0.,0.));
#3374 = DIRECTION('',(0.,0.719339800339,-0.694658370459));
#3375 = ADVANCED_FACE('',(#3376),#3387,.T.);
#3376 = FACE_BOUND('',#3377,.T.);
#3377 = EDGE_LOOP('',(#3378,#3379,#3385,#3386));
#3378 = ORIENTED_EDGE('',*,*,#3241,.F.);
#3379 = ORIENTED_EDGE('',*,*,#3380,.T.);
#3380 = EDGE_CURVE('',#3242,#3322,#3381,.T.);
#3381 = LINE('',#3382,#3383);
#3382 = CARTESIAN_POINT('',(15.3,-728.949823077,367.22959610918));
#3383 = VECTOR('',#3384,1.);
#3384 = DIRECTION('',(-1.,-0.,0.));
#3385 = ORIENTED_EDGE('',*,*,#3329,.T.);
#3386 = ORIENTED_EDGE('',*,*,#2990,.F.);
#3387 = CYLINDRICAL_SURFACE('',#3388,12.);
#3388 = AXIS2_PLACEMENT_3D('',#3389,#3390,#3391);
#3389 = CARTESIAN_POINT('',(15.3,-734.1063962105,356.39401797418));
#3390 = DIRECTION('',(1.,0.,0.));
#3391 = DIRECTION('',(0.,0.719339800339,-0.694658370459));
#3392 = ADVANCED_FACE('',(#3393),#3399,.T.);
#3393 = FACE_BOUND('',#3394,.T.);
#3394 = EDGE_LOOP('',(#3395,#3396,#3397,#3398));
#3395 = ORIENTED_EDGE('',*,*,#3250,.F.);
#3396 = ORIENTED_EDGE('',*,*,#3306,.T.);
#3397 = ORIENTED_EDGE('',*,*,#3321,.T.);
#3398 = ORIENTED_EDGE('',*,*,#3380,.F.);
#3399 = PLANE('',#3400);
#3400 = AXIS2_PLACEMENT_3D('',#3401,#3402,#3403);
#3401 = CARTESIAN_POINT('',(15.3,-663.5337124387,336.09854297958));
#3402 = DIRECTION('',(0.,0.429714427785,0.902964844583));
#3403 = DIRECTION('',(0.,-0.902964844583,0.429714427785));
#3404 = ADVANCED_FACE('',(#3405),#3416,.F.);
#3405 = FACE_BOUND('',#3406,.F.);
#3406 = EDGE_LOOP('',(#3407,#3408,#3414,#3415));
#3407 = ORIENTED_EDGE('',*,*,#3267,.F.);
#3408 = ORIENTED_EDGE('',*,*,#3409,.T.);
#3409 = EDGE_CURVE('',#3268,#3363,#3410,.T.);
#3410 = LINE('',#3411,#3412);
#3411 = CARTESIAN_POINT('',(15.3,-731.2174119609,344.84612769041));
#3412 = VECTOR('',#3413,1.);
#3413 = DIRECTION('',(-1.,-0.,0.));
#3414 = ORIENTED_EDGE('',*,*,#3362,.T.);
#3415 = ORIENTED_EDGE('',*,*,#3409,.F.);
#3416 = CYLINDRICAL_SURFACE('',#3417,4.);
#3417 = AXIS2_PLACEMENT_3D('',#3418,#3419,#3420);
#3418 = CARTESIAN_POINT('',(15.3,-734.0947711623,347.62476117225));
#3419 = DIRECTION('',(1.,0.,0.));
#3420 = DIRECTION('',(0.,0.719339800339,-0.694658370459));
#3421 = ADVANCED_FACE('',(#3422),#3433,.F.);
#3422 = FACE_BOUND('',#3423,.F.);
#3423 = EDGE_LOOP('',(#3424,#3425,#3431,#3432));
#3424 = ORIENTED_EDGE('',*,*,#3278,.F.);
#3425 = ORIENTED_EDGE('',*,*,#3426,.T.);
#3426 = EDGE_CURVE('',#3279,#3346,#3427,.T.);
#3427 = LINE('',#3428,#3429);
#3428 = CARTESIAN_POINT('',(15.3,-664.0846213976,319.49739140678));
#3429 = VECTOR('',#3430,1.);
#3430 = DIRECTION('',(-1.,-0.,0.));
#3431 = ORIENTED_EDGE('',*,*,#3345,.T.);
#3432 = ORIENTED_EDGE('',*,*,#3426,.F.);
#3433 = CYLINDRICAL_SURFACE('',#3434,7.);
#3434 = AXIS2_PLACEMENT_3D('',#3435,#3436,#3437);
#3435 = CARTESIAN_POINT('',(15.3,-669.12,324.36));
#3436 = DIRECTION('',(1.,0.,0.));
#3437 = DIRECTION('',(0.,0.719339800339,-0.694658370459));
#3438 = ( GEOMETRIC_REPRESENTATION_CONTEXT(3) 
GLOBAL_UNCERTAINTY_ASSIGNED_CONTEXT((#3442)) 
GLOBAL_UNIT_ASSIGNED_CONTEXT((#3439,#3440,#3441)) REPRESENTATION_CONTEXT
('Context #1','3D Context with UNIT and UNCERTAINTY') );
#3439 = ( LENGTH_UNIT() NAMED_UNIT(*) SI_UNIT(.MILLI.,.METRE.) );
#3440 = ( NAMED_UNIT(*) PLANE_ANGLE_UNIT() SI_UNIT($,.RADIAN.) );
#3441 = ( NAMED_UNIT(*) SI_UNIT($,.STERADIAN.) SOLID_ANGLE_UNIT() );
#3442 = UNCERTAINTY_MEASURE_WITH_UNIT(LENGTH_MEASURE(1.E-07),#3439,
  'distance_accuracy_value','confusion accuracy');
#3443 = CONTEXT_DEPENDENT_SHAPE_REPRESENTATION(#3444,#3446);
#3444 = ( REPRESENTATION_RELATIONSHIP('','',#2641,#10) 
REPRESENTATION_RELATIONSHIP_WITH_TRANSFORMATION(#3445) 
SHAPE_REPRESENTATION_RELATIONSHIP() );
#3445 = ITEM_DEFINED_TRANSFORMATION('','',#11,#27);
#3446 = PRODUCT_DEFINITION_SHAPE('Placement','Placement of an item',
  #3447);
#3447 = NEXT_ASSEMBLY_USAGE_OCCURRENCE('4','Stick001','',#5,#2636,$);
#3448 = PRODUCT_RELATED_PRODUCT_CATEGORY('part',$,(#2638));
#3449 = SHAPE_DEFINITION_REPRESENTATION(#3450,#3456);
#3450 = PRODUCT_DEFINITION_SHAPE('','',#3451);
#3451 = PRODUCT_DEFINITION('design','',#3452,#3455);
#3452 = PRODUCT_DEFINITION_FORMATION('','',#3453);
#3453 = PRODUCT('Bucket','Bucket','',(#3454));
#3454 = PRODUCT_CONTEXT('',#2,'mechanical');
#3455 = PRODUCT_DEFINITION_CONTEXT('part definition',#2,'design');
#3456 = ADVANCED_BREP_SHAPE_REPRESENTATION('',(#11,#3457),#6330);
#3457 = MANIFOLD_SOLID_BREP('',#3458);
#3458 = CLOSED_SHELL('',(#3459,#3499,#3547,#3571,#3602,#3676,#3732,#3757
    ,#3854,#3871,#3902,#3933,#3980,#4164,#4189,#4230,#4255,#4279,#4361,
    #4378,#4402,#4426,#4452,#4476,#4498,#4529,#4551,#4582,#4604,#4635,
    #4657,#4688,#4753,#4778,#4866,#4888,#4912,#4936,#4960,#4977,#4991,
    #5024,#5048,#5074,#5107,#5131,#5157,#5190,#5214,#5240,#5273,#5297,
    #5323,#5348,#5381,#5399,#5432,#5457,#5474,#5491,#5563,#5580,#5597,
    #5609,#5626,#5643,#5655,#5672,#5689,#5706,#5723,#5810,#5834,#5859,
    #5893,#5917,#5935,#5959,#6026,#6038,#6050,#6062,#6074,#6092,#6116,
    #6133,#6151,#6175,#6193,#6210,#6227,#6244,#6256,#6273,#6290,#6301,
    #6319));
#3459 = ADVANCED_FACE('',(#3460),#3494,.T.);
#3460 = FACE_BOUND('',#3461,.T.);
#3461 = EDGE_LOOP('',(#3462,#3472,#3480,#3488));
#3462 = ORIENTED_EDGE('',*,*,#3463,.F.);
#3463 = EDGE_CURVE('',#3464,#3466,#3468,.T.);
#3464 = VERTEX_POINT('',#3465);
#3465 = CARTESIAN_POINT('',(-44.9,-1.10154E+03,200.94));
#3466 = VERTEX_POINT('',#3467);
#3467 = CARTESIAN_POINT('',(-44.9,-1.11034E+03,229.64));
#3468 = LINE('',#3469,#3470);
#3469 = CARTESIAN_POINT('',(-44.9,-1.10154E+03,200.94));
#3470 = VECTOR('',#3471,1.);
#3471 = DIRECTION('',(0.,-0.29314935841,0.956066657542));
#3472 = ORIENTED_EDGE('',*,*,#3473,.T.);
#3473 = EDGE_CURVE('',#3464,#3474,#3476,.T.);
#3474 = VERTEX_POINT('',#3475);
#3475 = CARTESIAN_POINT('',(-13.9,-1.10154E+03,200.94));
#3476 = LINE('',#3477,#3478);
#3477 = CARTESIAN_POINT('',(-44.9,-1.10154E+03,200.94));
#3478 = VECTOR('',#3479,1.);
#3479 = DIRECTION('',(1.,0.,0.));
#3480 = ORIENTED_EDGE('',*,*,#3481,.F.);
#3481 = EDGE_CURVE('',#3482,#3474,#3484,.T.);
#3482 = VERTEX_POINT('',#3483);
#3483 = CARTESIAN_POINT('',(-13.9,-1.11034E+03,229.64));
#3484 = LINE('',#3485,#3486);
#3485 = CARTESIAN_POINT('',(-13.9,-1.11034E+03,229.64));
#3486 = VECTOR('',#3487,1.);
#3487 = DIRECTION('',(0.,0.29314935841,-0.956066657542));
#3488 = ORIENTED_EDGE('',*,*,#3489,.F.);
#3489 = EDGE_CURVE('',#3466,#3482,#3490,.T.);
#3490 = LINE('',#3491,#3492);
#3491 = CARTESIAN_POINT('',(-44.9,-1.11034E+03,229.64));
#3492 = VECTOR('',#3493,1.);
#3493 = DIRECTION('',(1.,0.,0.));
#3494 = PLANE('',#3495);
#3495 = AXIS2_PLACEMENT_3D('',#3496,#3497,#3498);
#3496 = CARTESIAN_POINT('',(-44.9,-1.10154E+03,200.94));
#3497 = DIRECTION('',(0.,-0.956066657542,-0.29314935841));
#3498 = DIRECTION('',(0.,-0.29314935841,0.956066657542));
#3499 = ADVANCED_FACE('',(#3500),#3542,.T.);
#3500 = FACE_BOUND('',#3501,.T.);
#3501 = EDGE_LOOP('',(#3502,#3503,#3511,#3519,#3528,#3536));
#3502 = ORIENTED_EDGE('',*,*,#3463,.T.);
#3503 = ORIENTED_EDGE('',*,*,#3504,.T.);
#3504 = EDGE_CURVE('',#3466,#3505,#3507,.T.);
#3505 = VERTEX_POINT('',#3506);
#3506 = CARTESIAN_POINT('',(-44.9,-1.16184E+03,234.74));
#3507 = LINE('',#3508,#3509);
#3508 = CARTESIAN_POINT('',(-44.9,-1.11034E+03,229.64));
#3509 = VECTOR('',#3510,1.);
#3510 = DIRECTION('',(0.,-0.995132388616,9.85470909115E-02));
#3511 = ORIENTED_EDGE('',*,*,#3512,.T.);
#3512 = EDGE_CURVE('',#3505,#3513,#3515,.T.);
#3513 = VERTEX_POINT('',#3514);
#3514 = CARTESIAN_POINT('',(-44.9,-1.181180495325E+03,225.94254351617));
#3515 = LINE('',#3516,#3517);
#3516 = CARTESIAN_POINT('',(-44.9,-1.16184E+03,234.74));
#3517 = VECTOR('',#3518,1.);
#3518 = DIRECTION('',(0.,-0.910254351618,-0.414049532497));
#3519 = ORIENTED_EDGE('',*,*,#3520,.T.);
#3520 = EDGE_CURVE('',#3513,#3521,#3523,.T.);
#3521 = VERTEX_POINT('',#3522);
#3522 = CARTESIAN_POINT('',(-44.9,-1.186635384657E+03,214.02422421171));
#3523 = CIRCLE('',#3524,10.);
#3524 = AXIS2_PLACEMENT_3D('',#3525,#3526,#3527);
#3525 = CARTESIAN_POINT('',(-44.9,-1.17704E+03,216.84));
#3526 = DIRECTION('',(1.,0.,0.));
#3527 = DIRECTION('',(0.,1.,0.));
#3528 = ORIENTED_EDGE('',*,*,#3529,.T.);
#3529 = EDGE_CURVE('',#3521,#3530,#3532,.T.);
#3530 = VERTEX_POINT('',#3531);
#3531 = CARTESIAN_POINT('',(-44.9,-1.16334E+03,134.64));
#3532 = LINE('',#3533,#3534);
#3533 = CARTESIAN_POINT('',(-44.9,-1.186635384657E+03,214.02422421171));
#3534 = VECTOR('',#3535,1.);
#3535 = DIRECTION('',(0.,0.281577578828,-0.95953846567));
#3536 = ORIENTED_EDGE('',*,*,#3537,.T.);
#3537 = EDGE_CURVE('',#3530,#3464,#3538,.T.);
#3538 = LINE('',#3539,#3540);
#3539 = CARTESIAN_POINT('',(-44.9,-1.16334E+03,134.64));
#3540 = VECTOR('',#3541,1.);
#3541 = DIRECTION('',(0.,0.681846383766,0.731495392293));
#3542 = PLANE('',#3543);
#3543 = AXIS2_PLACEMENT_3D('',#3544,#3545,#3546);
#3544 = CARTESIAN_POINT('',(-44.9,-1.147896717874E+03,193.1785020231));
#3545 = DIRECTION('',(1.,0.,0.));
#3546 = DIRECTION('',(0.,1.,0.));
#3547 = ADVANCED_FACE('',(#3548),#3566,.T.);
#3548 = FACE_BOUND('',#3549,.T.);
#3549 = EDGE_LOOP('',(#3550,#3551,#3552,#3560));
#3550 = ORIENTED_EDGE('',*,*,#3504,.F.);
#3551 = ORIENTED_EDGE('',*,*,#3489,.T.);
#3552 = ORIENTED_EDGE('',*,*,#3553,.F.);
#3553 = EDGE_CURVE('',#3554,#3482,#3556,.T.);
#3554 = VERTEX_POINT('',#3555);
#3555 = CARTESIAN_POINT('',(-13.9,-1.16184E+03,234.74));
#3556 = LINE('',#3557,#3558);
#3557 = CARTESIAN_POINT('',(-13.9,-1.16184E+03,234.74));
#3558 = VECTOR('',#3559,1.);
#3559 = DIRECTION('',(0.,0.995132388616,-9.85470909115E-02));
#3560 = ORIENTED_EDGE('',*,*,#3561,.F.);
#3561 = EDGE_CURVE('',#3505,#3554,#3562,.T.);
#3562 = LINE('',#3563,#3564);
#3563 = CARTESIAN_POINT('',(-44.9,-1.16184E+03,234.74));
#3564 = VECTOR('',#3565,1.);
#3565 = DIRECTION('',(1.,0.,0.));
#3566 = PLANE('',#3567);
#3567 = AXIS2_PLACEMENT_3D('',#3568,#3569,#3570);
#3568 = CARTESIAN_POINT('',(-44.9,-1.11034E+03,229.64));
#3569 = DIRECTION('',(0.,-9.85470909115E-02,-0.995132388616));
#3570 = DIRECTION('',(0.,-0.995132388616,9.85470909115E-02));
#3571 = ADVANCED_FACE('',(#3572),#3597,.T.);
#3572 = FACE_BOUND('',#3573,.T.);
#3573 = EDGE_LOOP('',(#3574,#3582,#3583,#3591));
#3574 = ORIENTED_EDGE('',*,*,#3575,.T.);
#3575 = EDGE_CURVE('',#3576,#3482,#3578,.T.);
#3576 = VERTEX_POINT('',#3577);
#3577 = CARTESIAN_POINT('',(-9.9,-1.11034E+03,229.64));
#3578 = LINE('',#3579,#3580);
#3579 = CARTESIAN_POINT('',(-9.9,-1.11034E+03,229.64));
#3580 = VECTOR('',#3581,1.);
#3581 = DIRECTION('',(-1.,-0.,-0.));
#3582 = ORIENTED_EDGE('',*,*,#3481,.T.);
#3583 = ORIENTED_EDGE('',*,*,#3584,.F.);
#3584 = EDGE_CURVE('',#3585,#3474,#3587,.T.);
#3585 = VERTEX_POINT('',#3586);
#3586 = CARTESIAN_POINT('',(-9.9,-1.10154E+03,200.94));
#3587 = LINE('',#3588,#3589);
#3588 = CARTESIAN_POINT('',(-9.9,-1.10154E+03,200.94));
#3589 = VECTOR('',#3590,1.);
#3590 = DIRECTION('',(-1.,-0.,-0.));
#3591 = ORIENTED_EDGE('',*,*,#3592,.F.);
#3592 = EDGE_CURVE('',#3576,#3585,#3593,.T.);
#3593 = LINE('',#3594,#3595);
#3594 = CARTESIAN_POINT('',(-9.9,-1.11034E+03,229.64));
#3595 = VECTOR('',#3596,1.);
#3596 = DIRECTION('',(0.,0.29314935841,-0.956066657542));
#3597 = PLANE('',#3598);
#3598 = AXIS2_PLACEMENT_3D('',#3599,#3600,#3601);
#3599 = CARTESIAN_POINT('',(-9.9,-1.11034E+03,229.64));
#3600 = DIRECTION('',(0.,-0.956066657542,-0.29314935841));
#3601 = DIRECTION('',(0.,0.29314935841,-0.956066657542));
#3602 = ADVANCED_FACE('',(#3603),#3671,.F.);
#3603 = FACE_BOUND('',#3604,.F.);
#3604 = EDGE_LOOP('',(#3605,#3613,#3614,#3615,#3623,#3631,#3640,#3648,
    #3657,#3665));
#3605 = ORIENTED_EDGE('',*,*,#3606,.F.);
#3606 = EDGE_CURVE('',#3530,#3607,#3609,.T.);
#3607 = VERTEX_POINT('',#3608);
#3608 = CARTESIAN_POINT('',(-39.9,-1.16334E+03,134.64));
#3609 = LINE('',#3610,#3611);
#3610 = CARTESIAN_POINT('',(-44.9,-1.16334E+03,134.64));
#3611 = VECTOR('',#3612,1.);
#3612 = DIRECTION('',(1.,0.,0.));
#3613 = ORIENTED_EDGE('',*,*,#3537,.T.);
#3614 = ORIENTED_EDGE('',*,*,#3473,.T.);
#3615 = ORIENTED_EDGE('',*,*,#3616,.T.);
#3616 = EDGE_CURVE('',#3474,#3617,#3619,.T.);
#3617 = VERTEX_POINT('',#3618);
#3618 = CARTESIAN_POINT('',(-13.9,-1.100359419922E+03,202.206544647));
#3619 = LINE('',#3620,#3621);
#3620 = CARTESIAN_POINT('',(-13.9,-1.128827677663E+03,171.66535551682));
#3621 = VECTOR('',#3622,1.);
#3622 = DIRECTION('',(0.,0.681846383766,0.731495392293));
#3623 = ORIENTED_EDGE('',*,*,#3624,.T.);
#3624 = EDGE_CURVE('',#3617,#3625,#3627,.T.);
#3625 = VERTEX_POINT('',#3626);
#3626 = CARTESIAN_POINT('',(-44.9,-1.100359419922E+03,202.206544647));
#3627 = LINE('',#3628,#3629);
#3628 = CARTESIAN_POINT('',(-44.9,-1.100359419922E+03,202.206544647));
#3629 = VECTOR('',#3630,1.);
#3630 = DIRECTION('',(-1.,0.,0.));
#3631 = ORIENTED_EDGE('',*,*,#3632,.T.);
#3632 = EDGE_CURVE('',#3625,#3633,#3635,.T.);
#3633 = VERTEX_POINT('',#3634);
#3634 = CARTESIAN_POINT('',(-46.4,-1.10154E+03,200.94));
#3635 = ELLIPSE('',#3636,1.731445830491,1.5);
#3636 = AXIS2_PLACEMENT_3D('',#3637,#3638,#3639);
#3637 = CARTESIAN_POINT('',(-44.9,-1.10154E+03,200.94));
#3638 = DIRECTION('',(-7.337186423333E-33,-0.731495392293,0.681846383766
    ));
#3639 = DIRECTION('',(-1.1E-16,0.681846383766,0.731495392293));
#3640 = ORIENTED_EDGE('',*,*,#3641,.F.);
#3641 = EDGE_CURVE('',#3642,#3633,#3644,.T.);
#3642 = VERTEX_POINT('',#3643);
#3643 = CARTESIAN_POINT('',(-46.4,-1.16334E+03,134.64));
#3644 = LINE('',#3645,#3646);
#3645 = CARTESIAN_POINT('',(-46.4,-1.16334E+03,134.64));
#3646 = VECTOR('',#3647,1.);
#3647 = DIRECTION('',(0.,0.681846383766,0.731495392293));
#3648 = ORIENTED_EDGE('',*,*,#3649,.T.);
#3649 = EDGE_CURVE('',#3642,#3650,#3652,.T.);
#3650 = VERTEX_POINT('',#3651);
#3651 = CARTESIAN_POINT('',(-44.9,-1.164528948235E+03,133.36447786427));
#3652 = ELLIPSE('',#3653,1.743718619647,1.5);
#3653 = AXIS2_PLACEMENT_3D('',#3654,#3655,#3656);
#3654 = CARTESIAN_POINT('',(-44.9,-1.16334E+03,134.64));
#3655 = DIRECTION('',(-1.392343868323E-32,-0.731495392293,0.681846383766
    ));
#3656 = DIRECTION('',(9.8E-16,-0.681846383766,-0.731495392293));
#3657 = ORIENTED_EDGE('',*,*,#3658,.T.);
#3658 = EDGE_CURVE('',#3650,#3659,#3661,.T.);
#3659 = VERTEX_POINT('',#3660);
#3660 = CARTESIAN_POINT('',(-39.9,-1.164528948235E+03,133.36447786427));
#3661 = LINE('',#3662,#3663);
#3662 = CARTESIAN_POINT('',(-44.9,-1.164528948235E+03,133.36447786427));
#3663 = VECTOR('',#3664,1.);
#3664 = DIRECTION('',(1.,0.,0.));
#3665 = ORIENTED_EDGE('',*,*,#3666,.F.);
#3666 = EDGE_CURVE('',#3607,#3659,#3667,.T.);
#3667 = LINE('',#3668,#3669);
#3668 = CARTESIAN_POINT('',(-39.9,-1.163919588191E+03,134.01820878496));
#3669 = VECTOR('',#3670,1.);
#3670 = DIRECTION('',(0.,-0.681846383766,-0.731495392293));
#3671 = PLANE('',#3672);
#3672 = AXIS2_PLACEMENT_3D('',#3673,#3674,#3675);
#3673 = CARTESIAN_POINT('',(-44.9,-1.16334E+03,134.64));
#3674 = DIRECTION('',(0.,-0.731495392293,0.681846383766));
#3675 = DIRECTION('',(0.,0.681846383766,0.731495392293));
#3676 = ADVANCED_FACE('',(#3677),#3727,.T.);
#3677 = FACE_BOUND('',#3678,.T.);
#3678 = EDGE_LOOP('',(#3679,#3680,#3688,#3696,#3704,#3712,#3720,#3726));
#3679 = ORIENTED_EDGE('',*,*,#3561,.T.);
#3680 = ORIENTED_EDGE('',*,*,#3681,.F.);
#3681 = EDGE_CURVE('',#3682,#3554,#3684,.T.);
#3682 = VERTEX_POINT('',#3683);
#3683 = CARTESIAN_POINT('',(-9.9,-1.16184E+03,234.74));
#3684 = LINE('',#3685,#3686);
#3685 = CARTESIAN_POINT('',(-9.9,-1.16184E+03,234.74));
#3686 = VECTOR('',#3687,1.);
#3687 = DIRECTION('',(-1.,-0.,-0.));
#3688 = ORIENTED_EDGE('',*,*,#3689,.T.);
#3689 = EDGE_CURVE('',#3682,#3690,#3692,.T.);
#3690 = VERTEX_POINT('',#3691);
#3691 = CARTESIAN_POINT('',(20.1,-1.16184E+03,234.74));
#3692 = LINE('',#3693,#3694);
#3693 = CARTESIAN_POINT('',(-44.9,-1.16184E+03,234.74));
#3694 = VECTOR('',#3695,1.);
#3695 = DIRECTION('',(1.,0.,0.));
#3696 = ORIENTED_EDGE('',*,*,#3697,.T.);
#3697 = EDGE_CURVE('',#3690,#3698,#3700,.T.);
#3698 = VERTEX_POINT('',#3699);
#3699 = CARTESIAN_POINT('',(24.1,-1.16184E+03,234.74));
#3700 = LINE('',#3701,#3702);
#3701 = CARTESIAN_POINT('',(20.1,-1.16184E+03,234.74));
#3702 = VECTOR('',#3703,1.);
#3703 = DIRECTION('',(1.,0.,0.));
#3704 = ORIENTED_EDGE('',*,*,#3705,.T.);
#3705 = EDGE_CURVE('',#3698,#3706,#3708,.T.);
#3706 = VERTEX_POINT('',#3707);
#3707 = CARTESIAN_POINT('',(55.1,-1.16184E+03,234.74));
#3708 = LINE('',#3709,#3710);
#3709 = CARTESIAN_POINT('',(-44.9,-1.16184E+03,234.74));
#3710 = VECTOR('',#3711,1.);
#3711 = DIRECTION('',(1.,0.,0.));
#3712 = ORIENTED_EDGE('',*,*,#3713,.T.);
#3713 = EDGE_CURVE('',#3706,#3714,#3716,.T.);
#3714 = VERTEX_POINT('',#3715);
#3715 = CARTESIAN_POINT('',(55.1,-1.181180495325E+03,225.94254351617));
#3716 = LINE('',#3717,#3718);
#3717 = CARTESIAN_POINT('',(55.1,-1.16184E+03,234.74));
#3718 = VECTOR('',#3719,1.);
#3719 = DIRECTION('',(0.,-0.910254351618,-0.414049532497));
#3720 = ORIENTED_EDGE('',*,*,#3721,.F.);
#3721 = EDGE_CURVE('',#3513,#3714,#3722,.T.);
#3722 = LINE('',#3723,#3724);
#3723 = CARTESIAN_POINT('',(-44.9,-1.181180495325E+03,225.94254351617));
#3724 = VECTOR('',#3725,1.);
#3725 = DIRECTION('',(1.,0.,0.));
#3726 = ORIENTED_EDGE('',*,*,#3512,.F.);
#3727 = PLANE('',#3728);
#3728 = AXIS2_PLACEMENT_3D('',#3729,#3730,#3731);
#3729 = CARTESIAN_POINT('',(-44.9,-1.16184E+03,234.74));
#3730 = DIRECTION('',(0.,0.414049532497,-0.910254351618));
#3731 = DIRECTION('',(0.,-0.910254351618,-0.414049532497));
#3732 = ADVANCED_FACE('',(#3733),#3752,.F.);
#3733 = FACE_BOUND('',#3734,.T.);
#3734 = EDGE_LOOP('',(#3735,#3736,#3745,#3751));
#3735 = ORIENTED_EDGE('',*,*,#3721,.T.);
#3736 = ORIENTED_EDGE('',*,*,#3737,.T.);
#3737 = EDGE_CURVE('',#3714,#3738,#3740,.T.);
#3738 = VERTEX_POINT('',#3739);
#3739 = CARTESIAN_POINT('',(55.1,-1.186635384657E+03,214.02422421171));
#3740 = CIRCLE('',#3741,10.);
#3741 = AXIS2_PLACEMENT_3D('',#3742,#3743,#3744);
#3742 = CARTESIAN_POINT('',(55.1,-1.17704E+03,216.84));
#3743 = DIRECTION('',(1.,0.,0.));
#3744 = DIRECTION('',(0.,1.,0.));
#3745 = ORIENTED_EDGE('',*,*,#3746,.F.);
#3746 = EDGE_CURVE('',#3521,#3738,#3747,.T.);
#3747 = LINE('',#3748,#3749);
#3748 = CARTESIAN_POINT('',(-44.9,-1.186635384657E+03,214.02422421171));
#3749 = VECTOR('',#3750,1.);
#3750 = DIRECTION('',(1.,0.,0.));
#3751 = ORIENTED_EDGE('',*,*,#3520,.F.);
#3752 = CYLINDRICAL_SURFACE('',#3753,10.);
#3753 = AXIS2_PLACEMENT_3D('',#3754,#3755,#3756);
#3754 = CARTESIAN_POINT('',(-44.9,-1.17704E+03,216.84));
#3755 = DIRECTION('',(-1.,-0.,-0.));
#3756 = DIRECTION('',(0.,1.,0.));
#3757 = ADVANCED_FACE('',(#3758),#3849,.T.);
#3758 = FACE_BOUND('',#3759,.T.);
#3759 = EDGE_LOOP('',(#3760,#3761,#3769,#3777,#3785,#3793,#3801,#3809,
    #3817,#3825,#3833,#3841,#3847,#3848));
#3760 = ORIENTED_EDGE('',*,*,#3746,.T.);
#3761 = ORIENTED_EDGE('',*,*,#3762,.T.);
#3762 = EDGE_CURVE('',#3738,#3763,#3765,.T.);
#3763 = VERTEX_POINT('',#3764);
#3764 = CARTESIAN_POINT('',(55.1,-1.16334E+03,134.64));
#3765 = LINE('',#3766,#3767);
#3766 = CARTESIAN_POINT('',(55.1,-1.186635384657E+03,214.02422421171));
#3767 = VECTOR('',#3768,1.);
#3768 = DIRECTION('',(0.,0.281577578828,-0.95953846567));
#3769 = ORIENTED_EDGE('',*,*,#3770,.F.);
#3770 = EDGE_CURVE('',#3771,#3763,#3773,.T.);
#3771 = VERTEX_POINT('',#3772);
#3772 = CARTESIAN_POINT('',(50.1,-1.16334E+03,134.64));
#3773 = LINE('',#3774,#3775);
#3774 = CARTESIAN_POINT('',(-44.9,-1.16334E+03,134.64));
#3775 = VECTOR('',#3776,1.);
#3776 = DIRECTION('',(1.,0.,0.));
#3777 = ORIENTED_EDGE('',*,*,#3778,.F.);
#3778 = EDGE_CURVE('',#3779,#3771,#3781,.T.);
#3779 = VERTEX_POINT('',#3780);
#3780 = CARTESIAN_POINT('',(40.1,-1.16334E+03,134.64));
#3781 = LINE('',#3782,#3783);
#3782 = CARTESIAN_POINT('',(40.1,-1.16334E+03,134.64));
#3783 = VECTOR('',#3784,1.);
#3784 = DIRECTION('',(1.,0.,0.));
#3785 = ORIENTED_EDGE('',*,*,#3786,.F.);
#3786 = EDGE_CURVE('',#3787,#3779,#3789,.T.);
#3787 = VERTEX_POINT('',#3788);
#3788 = CARTESIAN_POINT('',(30.1,-1.16334E+03,134.64));
#3789 = LINE('',#3790,#3791);
#3790 = CARTESIAN_POINT('',(-44.9,-1.16334E+03,134.64));
#3791 = VECTOR('',#3792,1.);
#3792 = DIRECTION('',(1.,0.,0.));
#3793 = ORIENTED_EDGE('',*,*,#3794,.F.);
#3794 = EDGE_CURVE('',#3795,#3787,#3797,.T.);
#3795 = VERTEX_POINT('',#3796);
#3796 = CARTESIAN_POINT('',(20.1,-1.16334E+03,134.64));
#3797 = LINE('',#3798,#3799);
#3798 = CARTESIAN_POINT('',(20.1,-1.16334E+03,134.64));
#3799 = VECTOR('',#3800,1.);
#3800 = DIRECTION('',(1.,0.,0.));
#3801 = ORIENTED_EDGE('',*,*,#3802,.F.);
#3802 = EDGE_CURVE('',#3803,#3795,#3805,.T.);
#3803 = VERTEX_POINT('',#3804);
#3804 = CARTESIAN_POINT('',(10.1,-1.16334E+03,134.64));
#3805 = LINE('',#3806,#3807);
#3806 = CARTESIAN_POINT('',(-44.9,-1.16334E+03,134.64));
#3807 = VECTOR('',#3808,1.);
#3808 = DIRECTION('',(1.,0.,0.));
#3809 = ORIENTED_EDGE('',*,*,#3810,.F.);
#3810 = EDGE_CURVE('',#3811,#3803,#3813,.T.);
#3811 = VERTEX_POINT('',#3812);
#3812 = CARTESIAN_POINT('',(0.1,-1.16334E+03,134.64));
#3813 = LINE('',#3814,#3815);
#3814 = CARTESIAN_POINT('',(0.1,-1.16334E+03,134.64));
#3815 = VECTOR('',#3816,1.);
#3816 = DIRECTION('',(1.,0.,0.));
#3817 = ORIENTED_EDGE('',*,*,#3818,.F.);
#3818 = EDGE_CURVE('',#3819,#3811,#3821,.T.);
#3819 = VERTEX_POINT('',#3820);
#3820 = CARTESIAN_POINT('',(-9.9,-1.16334E+03,134.64));
#3821 = LINE('',#3822,#3823);
#3822 = CARTESIAN_POINT('',(-44.9,-1.16334E+03,134.64));
#3823 = VECTOR('',#3824,1.);
#3824 = DIRECTION('',(1.,0.,0.));
#3825 = ORIENTED_EDGE('',*,*,#3826,.F.);
#3826 = EDGE_CURVE('',#3827,#3819,#3829,.T.);
#3827 = VERTEX_POINT('',#3828);
#3828 = CARTESIAN_POINT('',(-19.9,-1.16334E+03,134.64));
#3829 = LINE('',#3830,#3831);
#3830 = CARTESIAN_POINT('',(-19.9,-1.16334E+03,134.64));
#3831 = VECTOR('',#3832,1.);
#3832 = DIRECTION('',(1.,0.,0.));
#3833 = ORIENTED_EDGE('',*,*,#3834,.F.);
#3834 = EDGE_CURVE('',#3835,#3827,#3837,.T.);
#3835 = VERTEX_POINT('',#3836);
#3836 = CARTESIAN_POINT('',(-29.9,-1.16334E+03,134.64));
#3837 = LINE('',#3838,#3839);
#3838 = CARTESIAN_POINT('',(-44.9,-1.16334E+03,134.64));
#3839 = VECTOR('',#3840,1.);
#3840 = DIRECTION('',(1.,0.,0.));
#3841 = ORIENTED_EDGE('',*,*,#3842,.F.);
#3842 = EDGE_CURVE('',#3607,#3835,#3843,.T.);
#3843 = LINE('',#3844,#3845);
#3844 = CARTESIAN_POINT('',(-39.9,-1.16334E+03,134.64));
#3845 = VECTOR('',#3846,1.);
#3846 = DIRECTION('',(1.,0.,0.));
#3847 = ORIENTED_EDGE('',*,*,#3606,.F.);
#3848 = ORIENTED_EDGE('',*,*,#3529,.F.);
#3849 = PLANE('',#3850);
#3850 = AXIS2_PLACEMENT_3D('',#3851,#3852,#3853);
#3851 = CARTESIAN_POINT('',(-44.9,-1.186635384657E+03,214.02422421171));
#3852 = DIRECTION('',(0.,0.95953846567,0.281577578828));
#3853 = DIRECTION('',(0.,0.281577578828,-0.95953846567));
#3854 = ADVANCED_FACE('',(#3855),#3866,.T.);
#3855 = FACE_BOUND('',#3856,.T.);
#3856 = EDGE_LOOP('',(#3857,#3858,#3859,#3860));
#3857 = ORIENTED_EDGE('',*,*,#3681,.T.);
#3858 = ORIENTED_EDGE('',*,*,#3553,.T.);
#3859 = ORIENTED_EDGE('',*,*,#3575,.F.);
#3860 = ORIENTED_EDGE('',*,*,#3861,.F.);
#3861 = EDGE_CURVE('',#3682,#3576,#3862,.T.);
#3862 = LINE('',#3863,#3864);
#3863 = CARTESIAN_POINT('',(-9.9,-1.16184E+03,234.74));
#3864 = VECTOR('',#3865,1.);
#3865 = DIRECTION('',(0.,0.995132388616,-9.85470909115E-02));
#3866 = PLANE('',#3867);
#3867 = AXIS2_PLACEMENT_3D('',#3868,#3869,#3870);
#3868 = CARTESIAN_POINT('',(-9.9,-1.16184E+03,234.74));
#3869 = DIRECTION('',(0.,-9.85470909115E-02,-0.995132388616));
#3870 = DIRECTION('',(0.,0.995132388616,-9.85470909115E-02));
#3871 = ADVANCED_FACE('',(#3872),#3897,.T.);
#3872 = FACE_BOUND('',#3873,.T.);
#3873 = EDGE_LOOP('',(#3874,#3875,#3883,#3891));
#3874 = ORIENTED_EDGE('',*,*,#3584,.T.);
#3875 = ORIENTED_EDGE('',*,*,#3876,.T.);
#3876 = EDGE_CURVE('',#3474,#3877,#3879,.T.);
#3877 = VERTEX_POINT('',#3878);
#3878 = CARTESIAN_POINT('',(-13.9,-1.092601363636E+03,194.76822716242));
#3879 = LINE('',#3880,#3881);
#3880 = CARTESIAN_POINT('',(-13.9,-1.10154E+03,200.94));
#3881 = VECTOR('',#3882,1.);
#3882 = DIRECTION('',(0.,0.822903045011,-0.568181818182));
#3883 = ORIENTED_EDGE('',*,*,#3884,.F.);
#3884 = EDGE_CURVE('',#3885,#3877,#3887,.T.);
#3885 = VERTEX_POINT('',#3886);
#3886 = CARTESIAN_POINT('',(-9.9,-1.092601363636E+03,194.76822716242));
#3887 = LINE('',#3888,#3889);
#3888 = CARTESIAN_POINT('',(-9.9,-1.092601363636E+03,194.76822716242));
#3889 = VECTOR('',#3890,1.);
#3890 = DIRECTION('',(-1.,-0.,-0.));
#3891 = ORIENTED_EDGE('',*,*,#3892,.F.);
#3892 = EDGE_CURVE('',#3585,#3885,#3893,.T.);
#3893 = LINE('',#3894,#3895);
#3894 = CARTESIAN_POINT('',(-9.9,-1.10154E+03,200.94));
#3895 = VECTOR('',#3896,1.);
#3896 = DIRECTION('',(0.,0.822903045011,-0.568181818182));
#3897 = PLANE('',#3898);
#3898 = AXIS2_PLACEMENT_3D('',#3899,#3900,#3901);
#3899 = CARTESIAN_POINT('',(-9.9,-1.10154E+03,200.94));
#3900 = DIRECTION('',(0.,-0.568181818182,-0.822903045011));
#3901 = DIRECTION('',(0.,0.822903045011,-0.568181818182));
#3902 = ADVANCED_FACE('',(#3903),#3928,.T.);
#3903 = FACE_BOUND('',#3904,.T.);
#3904 = EDGE_LOOP('',(#3905,#3906,#3914,#3922));
#3905 = ORIENTED_EDGE('',*,*,#3592,.T.);
#3906 = ORIENTED_EDGE('',*,*,#3907,.T.);
#3907 = EDGE_CURVE('',#3585,#3908,#3910,.T.);
#3908 = VERTEX_POINT('',#3909);
#3909 = CARTESIAN_POINT('',(20.1,-1.10154E+03,200.94));
#3910 = LINE('',#3911,#3912);
#3911 = CARTESIAN_POINT('',(-44.9,-1.10154E+03,200.94));
#3912 = VECTOR('',#3913,1.);
#3913 = DIRECTION('',(1.,0.,0.));
#3914 = ORIENTED_EDGE('',*,*,#3915,.F.);
#3915 = EDGE_CURVE('',#3916,#3908,#3918,.T.);
#3916 = VERTEX_POINT('',#3917);
#3917 = CARTESIAN_POINT('',(20.1,-1.11034E+03,229.64));
#3918 = LINE('',#3919,#3920);
#3919 = CARTESIAN_POINT('',(20.1,-1.11034E+03,229.64));
#3920 = VECTOR('',#3921,1.);
#3921 = DIRECTION('',(0.,0.29314935841,-0.956066657542));
#3922 = ORIENTED_EDGE('',*,*,#3923,.F.);
#3923 = EDGE_CURVE('',#3576,#3916,#3924,.T.);
#3924 = LINE('',#3925,#3926);
#3925 = CARTESIAN_POINT('',(-44.9,-1.11034E+03,229.64));
#3926 = VECTOR('',#3927,1.);
#3927 = DIRECTION('',(1.,0.,0.));
#3928 = PLANE('',#3929);
#3929 = AXIS2_PLACEMENT_3D('',#3930,#3931,#3932);
#3930 = CARTESIAN_POINT('',(-44.9,-1.10154E+03,200.94));
#3931 = DIRECTION('',(0.,-0.956066657542,-0.29314935841));
#3932 = DIRECTION('',(0.,-0.29314935841,0.956066657542));
#3933 = ADVANCED_FACE('',(#3934),#3975,.T.);
#3934 = FACE_BOUND('',#3935,.T.);
#3935 = EDGE_LOOP('',(#3936,#3937,#3945,#3953,#3961,#3969));
#3936 = ORIENTED_EDGE('',*,*,#3666,.F.);
#3937 = ORIENTED_EDGE('',*,*,#3938,.T.);
#3938 = EDGE_CURVE('',#3607,#3939,#3941,.T.);
#3939 = VERTEX_POINT('',#3940);
#3940 = CARTESIAN_POINT('',(-39.9,-1.160255084405E+03,137.94954479362));
#3941 = LINE('',#3942,#3943);
#3942 = CARTESIAN_POINT('',(-39.9,-1.16334E+03,134.64));
#3943 = VECTOR('',#3944,1.);
#3944 = DIRECTION('',(0.,0.681846447446,0.731495332935));
#3945 = ORIENTED_EDGE('',*,*,#3946,.T.);
#3946 = EDGE_CURVE('',#3939,#3947,#3949,.T.);
#3947 = VERTEX_POINT('',#3948);
#3948 = CARTESIAN_POINT('',(-39.9,-1.163662554812E+03,123.86376214781));
#3949 = LINE('',#3950,#3951);
#3950 = CARTESIAN_POINT('',(-39.9,-1.160255084405E+03,137.94954479362));
#3951 = VECTOR('',#3952,1.);
#3952 = DIRECTION('',(0.,-0.235126529752,-0.971964770456));
#3953 = ORIENTED_EDGE('',*,*,#3954,.T.);
#3954 = EDGE_CURVE('',#3947,#3955,#3957,.T.);
#3955 = VERTEX_POINT('',#3956);
#3956 = CARTESIAN_POINT('',(-39.9,-1.167855516655E+03,138.15219926067));
#3957 = LINE('',#3958,#3959);
#3958 = CARTESIAN_POINT('',(-39.9,-1.163662554812E+03,123.86376214781));
#3959 = VECTOR('',#3960,1.);
#3960 = DIRECTION('',(0.,-0.281577878158,0.959538377832));
#3961 = ORIENTED_EDGE('',*,*,#3962,.T.);
#3962 = EDGE_CURVE('',#3955,#3963,#3965,.T.);
#3963 = VERTEX_POINT('',#3964);
#3964 = CARTESIAN_POINT('',(-39.9,-1.166086266675E+03,138.67138814011));
#3965 = LINE('',#3966,#3967);
#3966 = CARTESIAN_POINT('',(-39.9,-1.167855516655E+03,138.15219926067));
#3967 = VECTOR('',#3968,1.);
#3968 = DIRECTION('',(0.,0.959538377832,0.281577878158));
#3969 = ORIENTED_EDGE('',*,*,#3970,.F.);
#3970 = EDGE_CURVE('',#3659,#3963,#3971,.T.);
#3971 = LINE('',#3972,#3973);
#3972 = CARTESIAN_POINT('',(-39.9,-1.176199170909E+03,173.13336715207));
#3973 = VECTOR('',#3974,1.);
#3974 = DIRECTION('',(0.,-0.281577578828,0.95953846567));
#3975 = PLANE('',#3976);
#3976 = AXIS2_PLACEMENT_3D('',#3977,#3978,#3979);
#3977 = CARTESIAN_POINT('',(-39.9,-1.163860253502E+03,132.80086049584));
#3978 = DIRECTION('',(-1.,-0.,-0.));
#3979 = DIRECTION('',(0.,-1.,0.));
#3980 = ADVANCED_FACE('',(#3981),#4159,.F.);
#3981 = FACE_BOUND('',#3982,.F.);
#3982 = EDGE_LOOP('',(#3983,#3991,#3999,#4007,#4015,#4023,#4031,#4039,
    #4047,#4055,#4063,#4071,#4079,#4087,#4095,#4103,#4111,#4119,#4127,
    #4135,#4143,#4151,#4157,#4158));
#3983 = ORIENTED_EDGE('',*,*,#3984,.F.);
#3984 = EDGE_CURVE('',#3985,#3650,#3987,.T.);
#3985 = VERTEX_POINT('',#3986);
#3986 = CARTESIAN_POINT('',(-44.9,-1.188074692355E+03,213.60185784347));
#3987 = LINE('',#3988,#3989);
#3988 = CARTESIAN_POINT('',(-44.9,-1.188074692355E+03,213.60185784347));
#3989 = VECTOR('',#3990,1.);
#3990 = DIRECTION('',(0.,0.281577578828,-0.95953846567));
#3991 = ORIENTED_EDGE('',*,*,#3992,.T.);
#3992 = EDGE_CURVE('',#3985,#3993,#3995,.T.);
#3993 = VERTEX_POINT('',#3994);
#3994 = CARTESIAN_POINT('',(55.1,-1.188074692355E+03,213.60185784347));
#3995 = LINE('',#3996,#3997);
#3996 = CARTESIAN_POINT('',(-44.9,-1.188074692355E+03,213.60185784347));
#3997 = VECTOR('',#3998,1.);
#3998 = DIRECTION('',(1.,0.,0.));
#3999 = ORIENTED_EDGE('',*,*,#4000,.T.);
#4000 = EDGE_CURVE('',#3993,#4001,#4003,.T.);
#4001 = VERTEX_POINT('',#4002);
#4002 = CARTESIAN_POINT('',(55.1,-1.164528948235E+03,133.36447786427));
#4003 = LINE('',#4004,#4005);
#4004 = CARTESIAN_POINT('',(55.1,-1.188074692355E+03,213.60185784347));
#4005 = VECTOR('',#4006,1.);
#4006 = DIRECTION('',(0.,0.281577578828,-0.95953846567));
#4007 = ORIENTED_EDGE('',*,*,#4008,.F.);
#4008 = EDGE_CURVE('',#4009,#4001,#4011,.T.);
#4009 = VERTEX_POINT('',#4010);
#4010 = CARTESIAN_POINT('',(50.1,-1.164528948235E+03,133.36447786427));
#4011 = LINE('',#4012,#4013);
#4012 = CARTESIAN_POINT('',(-44.9,-1.164528948235E+03,133.36447786427));
#4013 = VECTOR('',#4014,1.);
#4014 = DIRECTION('',(1.,0.,0.));
#4015 = ORIENTED_EDGE('',*,*,#4016,.T.);
#4016 = EDGE_CURVE('',#4009,#4017,#4019,.T.);
#4017 = VERTEX_POINT('',#4018);
#4018 = CARTESIAN_POINT('',(50.1,-1.166086266675E+03,138.67138814011));
#4019 = LINE('',#4020,#4021);
#4020 = CARTESIAN_POINT('',(50.1,-1.176199170909E+03,173.13336715207));
#4021 = VECTOR('',#4022,1.);
#4022 = DIRECTION('',(0.,-0.281577578828,0.95953846567));
#4023 = ORIENTED_EDGE('',*,*,#4024,.F.);
#4024 = EDGE_CURVE('',#4025,#4017,#4027,.T.);
#4025 = VERTEX_POINT('',#4026);
#4026 = CARTESIAN_POINT('',(40.1,-1.166086266675E+03,138.67138814011));
#4027 = LINE('',#4028,#4029);
#4028 = CARTESIAN_POINT('',(-2.4,-1.166086266675E+03,138.67138814011));
#4029 = VECTOR('',#4030,1.);
#4030 = DIRECTION('',(1.,0.,0.));
#4031 = ORIENTED_EDGE('',*,*,#4032,.F.);
#4032 = EDGE_CURVE('',#4033,#4025,#4035,.T.);
#4033 = VERTEX_POINT('',#4034);
#4034 = CARTESIAN_POINT('',(40.1,-1.164528948235E+03,133.36447786427));
#4035 = LINE('',#4036,#4037);
#4036 = CARTESIAN_POINT('',(40.1,-1.176199170909E+03,173.13336715207));
#4037 = VECTOR('',#4038,1.);
#4038 = DIRECTION('',(0.,-0.281577578828,0.95953846567));
#4039 = ORIENTED_EDGE('',*,*,#4040,.F.);
#4040 = EDGE_CURVE('',#4041,#4033,#4043,.T.);
#4041 = VERTEX_POINT('',#4042);
#4042 = CARTESIAN_POINT('',(30.1,-1.164528948235E+03,133.36447786427));
#4043 = LINE('',#4044,#4045);
#4044 = CARTESIAN_POINT('',(-44.9,-1.164528948235E+03,133.36447786427));
#4045 = VECTOR('',#4046,1.);
#4046 = DIRECTION('',(1.,0.,0.));
#4047 = ORIENTED_EDGE('',*,*,#4048,.T.);
#4048 = EDGE_CURVE('',#4041,#4049,#4051,.T.);
#4049 = VERTEX_POINT('',#4050);
#4050 = CARTESIAN_POINT('',(30.1,-1.166086266675E+03,138.67138814011));
#4051 = LINE('',#4052,#4053);
#4052 = CARTESIAN_POINT('',(30.1,-1.176199170909E+03,173.13336715207));
#4053 = VECTOR('',#4054,1.);
#4054 = DIRECTION('',(0.,-0.281577578828,0.95953846567));
#4055 = ORIENTED_EDGE('',*,*,#4056,.F.);
#4056 = EDGE_CURVE('',#4057,#4049,#4059,.T.);
#4057 = VERTEX_POINT('',#4058);
#4058 = CARTESIAN_POINT('',(20.1,-1.166086266675E+03,138.67138814011));
#4059 = LINE('',#4060,#4061);
#4060 = CARTESIAN_POINT('',(-12.4,-1.166086266675E+03,138.67138814011));
#4061 = VECTOR('',#4062,1.);
#4062 = DIRECTION('',(1.,0.,0.));
#4063 = ORIENTED_EDGE('',*,*,#4064,.F.);
#4064 = EDGE_CURVE('',#4065,#4057,#4067,.T.);
#4065 = VERTEX_POINT('',#4066);
#4066 = CARTESIAN_POINT('',(20.1,-1.164528948235E+03,133.36447786427));
#4067 = LINE('',#4068,#4069);
#4068 = CARTESIAN_POINT('',(20.1,-1.176199170909E+03,173.13336715207));
#4069 = VECTOR('',#4070,1.);
#4070 = DIRECTION('',(0.,-0.281577578828,0.95953846567));
#4071 = ORIENTED_EDGE('',*,*,#4072,.F.);
#4072 = EDGE_CURVE('',#4073,#4065,#4075,.T.);
#4073 = VERTEX_POINT('',#4074);
#4074 = CARTESIAN_POINT('',(10.1,-1.164528948235E+03,133.36447786427));
#4075 = LINE('',#4076,#4077);
#4076 = CARTESIAN_POINT('',(-44.9,-1.164528948235E+03,133.36447786427));
#4077 = VECTOR('',#4078,1.);
#4078 = DIRECTION('',(1.,0.,0.));
#4079 = ORIENTED_EDGE('',*,*,#4080,.T.);
#4080 = EDGE_CURVE('',#4073,#4081,#4083,.T.);
#4081 = VERTEX_POINT('',#4082);
#4082 = CARTESIAN_POINT('',(10.1,-1.166086266675E+03,138.67138814011));
#4083 = LINE('',#4084,#4085);
#4084 = CARTESIAN_POINT('',(10.1,-1.176199170909E+03,173.13336715207));
#4085 = VECTOR('',#4086,1.);
#4086 = DIRECTION('',(0.,-0.281577578828,0.95953846567));
#4087 = ORIENTED_EDGE('',*,*,#4088,.F.);
#4088 = EDGE_CURVE('',#4089,#4081,#4091,.T.);
#4089 = VERTEX_POINT('',#4090);
#4090 = CARTESIAN_POINT('',(0.1,-1.166086266675E+03,138.67138814011));
#4091 = LINE('',#4092,#4093);
#4092 = CARTESIAN_POINT('',(-22.4,-1.166086266675E+03,138.67138814011));
#4093 = VECTOR('',#4094,1.);
#4094 = DIRECTION('',(1.,0.,0.));
#4095 = ORIENTED_EDGE('',*,*,#4096,.F.);
#4096 = EDGE_CURVE('',#4097,#4089,#4099,.T.);
#4097 = VERTEX_POINT('',#4098);
#4098 = CARTESIAN_POINT('',(0.1,-1.164528948235E+03,133.36447786427));
#4099 = LINE('',#4100,#4101);
#4100 = CARTESIAN_POINT('',(0.1,-1.176199170909E+03,173.13336715207));
#4101 = VECTOR('',#4102,1.);
#4102 = DIRECTION('',(0.,-0.281577578828,0.95953846567));
#4103 = ORIENTED_EDGE('',*,*,#4104,.F.);
#4104 = EDGE_CURVE('',#4105,#4097,#4107,.T.);
#4105 = VERTEX_POINT('',#4106);
#4106 = CARTESIAN_POINT('',(-9.9,-1.164528948235E+03,133.36447786427));
#4107 = LINE('',#4108,#4109);
#4108 = CARTESIAN_POINT('',(-44.9,-1.164528948235E+03,133.36447786427));
#4109 = VECTOR('',#4110,1.);
#4110 = DIRECTION('',(1.,0.,0.));
#4111 = ORIENTED_EDGE('',*,*,#4112,.T.);
#4112 = EDGE_CURVE('',#4105,#4113,#4115,.T.);
#4113 = VERTEX_POINT('',#4114);
#4114 = CARTESIAN_POINT('',(-9.9,-1.166086266675E+03,138.67138814011));
#4115 = LINE('',#4116,#4117);
#4116 = CARTESIAN_POINT('',(-9.9,-1.176199170909E+03,173.13336715207));
#4117 = VECTOR('',#4118,1.);
#4118 = DIRECTION('',(0.,-0.281577578828,0.95953846567));
#4119 = ORIENTED_EDGE('',*,*,#4120,.F.);
#4120 = EDGE_CURVE('',#4121,#4113,#4123,.T.);
#4121 = VERTEX_POINT('',#4122);
#4122 = CARTESIAN_POINT('',(-19.9,-1.166086266675E+03,138.67138814011));
#4123 = LINE('',#4124,#4125);
#4124 = CARTESIAN_POINT('',(-32.4,-1.166086266675E+03,138.67138814011));
#4125 = VECTOR('',#4126,1.);
#4126 = DIRECTION('',(1.,0.,0.));
#4127 = ORIENTED_EDGE('',*,*,#4128,.F.);
#4128 = EDGE_CURVE('',#4129,#4121,#4131,.T.);
#4129 = VERTEX_POINT('',#4130);
#4130 = CARTESIAN_POINT('',(-19.9,-1.164528948235E+03,133.36447786427));
#4131 = LINE('',#4132,#4133);
#4132 = CARTESIAN_POINT('',(-19.9,-1.176199170909E+03,173.13336715207));
#4133 = VECTOR('',#4134,1.);
#4134 = DIRECTION('',(0.,-0.281577578828,0.95953846567));
#4135 = ORIENTED_EDGE('',*,*,#4136,.F.);
#4136 = EDGE_CURVE('',#4137,#4129,#4139,.T.);
#4137 = VERTEX_POINT('',#4138);
#4138 = CARTESIAN_POINT('',(-29.9,-1.164528948235E+03,133.36447786427));
#4139 = LINE('',#4140,#4141);
#4140 = CARTESIAN_POINT('',(-44.9,-1.164528948235E+03,133.36447786427));
#4141 = VECTOR('',#4142,1.);
#4142 = DIRECTION('',(1.,0.,0.));
#4143 = ORIENTED_EDGE('',*,*,#4144,.T.);
#4144 = EDGE_CURVE('',#4137,#4145,#4147,.T.);
#4145 = VERTEX_POINT('',#4146);
#4146 = CARTESIAN_POINT('',(-29.9,-1.166086266675E+03,138.67138814011));
#4147 = LINE('',#4148,#4149);
#4148 = CARTESIAN_POINT('',(-29.9,-1.176199170909E+03,173.13336715207));
#4149 = VECTOR('',#4150,1.);
#4150 = DIRECTION('',(0.,-0.281577578828,0.95953846567));
#4151 = ORIENTED_EDGE('',*,*,#4152,.F.);
#4152 = EDGE_CURVE('',#3963,#4145,#4153,.T.);
#4153 = LINE('',#4154,#4155);
#4154 = CARTESIAN_POINT('',(-42.4,-1.166086266675E+03,138.67138814011));
#4155 = VECTOR('',#4156,1.);
#4156 = DIRECTION('',(1.,0.,0.));
#4157 = ORIENTED_EDGE('',*,*,#3970,.F.);
#4158 = ORIENTED_EDGE('',*,*,#3658,.F.);
#4159 = PLANE('',#4160);
#4160 = AXIS2_PLACEMENT_3D('',#4161,#4162,#4163);
#4161 = CARTESIAN_POINT('',(-44.9,-1.188074692355E+03,213.60185784347));
#4162 = DIRECTION('',(0.,0.95953846567,0.281577578828));
#4163 = DIRECTION('',(0.,0.281577578828,-0.95953846567));
#4164 = ADVANCED_FACE('',(#4165),#4184,.T.);
#4165 = FACE_BOUND('',#4166,.T.);
#4166 = EDGE_LOOP('',(#4167,#4175,#4176,#4177));
#4167 = ORIENTED_EDGE('',*,*,#4168,.T.);
#4168 = EDGE_CURVE('',#4169,#3642,#4171,.T.);
#4169 = VERTEX_POINT('',#4170);
#4170 = CARTESIAN_POINT('',(-46.4,-1.186635384657E+03,214.02422421171));
#4171 = LINE('',#4172,#4173);
#4172 = CARTESIAN_POINT('',(-46.4,-1.186635384657E+03,214.02422421171));
#4173 = VECTOR('',#4174,1.);
#4174 = DIRECTION('',(0.,0.281577578828,-0.95953846567));
#4175 = ORIENTED_EDGE('',*,*,#3649,.T.);
#4176 = ORIENTED_EDGE('',*,*,#3984,.F.);
#4177 = ORIENTED_EDGE('',*,*,#4178,.T.);
#4178 = EDGE_CURVE('',#3985,#4169,#4179,.T.);
#4179 = CIRCLE('',#4180,1.5);
#4180 = AXIS2_PLACEMENT_3D('',#4181,#4182,#4183);
#4181 = CARTESIAN_POINT('',(-44.9,-1.186635384657E+03,214.02422421171));
#4182 = DIRECTION('',(0.,0.281577578828,-0.95953846567));
#4183 = DIRECTION('',(0.,-0.95953846567,-0.281577578828));
#4184 = CYLINDRICAL_SURFACE('',#4185,1.5);
#4185 = AXIS2_PLACEMENT_3D('',#4186,#4187,#4188);
#4186 = CARTESIAN_POINT('',(-44.9,-1.186635384657E+03,214.02422421171));
#4187 = DIRECTION('',(5.E-16,0.281577578828,-0.95953846567));
#4188 = DIRECTION('',(1.,-1.79530598053E-16,4.684004080656E-16));
#4189 = ADVANCED_FACE('',(#4190),#4225,.F.);
#4190 = FACE_BOUND('',#4191,.F.);
#4191 = EDGE_LOOP('',(#4192,#4202,#4210,#4217,#4218,#4219));
#4192 = ORIENTED_EDGE('',*,*,#4193,.T.);
#4193 = EDGE_CURVE('',#4194,#4196,#4198,.T.);
#4194 = VERTEX_POINT('',#4195);
#4195 = CARTESIAN_POINT('',(-46.4,-1.11034E+03,229.64));
#4196 = VERTEX_POINT('',#4197);
#4197 = CARTESIAN_POINT('',(-46.4,-1.16184E+03,234.74));
#4198 = LINE('',#4199,#4200);
#4199 = CARTESIAN_POINT('',(-46.4,-1.11034E+03,229.64));
#4200 = VECTOR('',#4201,1.);
#4201 = DIRECTION('',(0.,-0.995132388616,9.85470909115E-02));
#4202 = ORIENTED_EDGE('',*,*,#4203,.T.);
#4203 = EDGE_CURVE('',#4196,#4204,#4206,.T.);
#4204 = VERTEX_POINT('',#4205);
#4205 = CARTESIAN_POINT('',(-46.4,-1.181180495325E+03,225.94254351617));
#4206 = LINE('',#4207,#4208);
#4207 = CARTESIAN_POINT('',(-46.4,-1.16184E+03,234.74));
#4208 = VECTOR('',#4209,1.);
#4209 = DIRECTION('',(0.,-0.910254351618,-0.414049532497));
#4210 = ORIENTED_EDGE('',*,*,#4211,.T.);
#4211 = EDGE_CURVE('',#4204,#4169,#4212,.T.);
#4212 = CIRCLE('',#4213,10.);
#4213 = AXIS2_PLACEMENT_3D('',#4214,#4215,#4216);
#4214 = CARTESIAN_POINT('',(-46.4,-1.17704E+03,216.84));
#4215 = DIRECTION('',(1.,0.,0.));
#4216 = DIRECTION('',(0.,1.,0.));
#4217 = ORIENTED_EDGE('',*,*,#4168,.T.);
#4218 = ORIENTED_EDGE('',*,*,#3641,.T.);
#4219 = ORIENTED_EDGE('',*,*,#4220,.T.);
#4220 = EDGE_CURVE('',#3633,#4194,#4221,.T.);
#4221 = LINE('',#4222,#4223);
#4222 = CARTESIAN_POINT('',(-46.4,-1.10154E+03,200.94));
#4223 = VECTOR('',#4224,1.);
#4224 = DIRECTION('',(0.,-0.29314935841,0.956066657542));
#4225 = PLANE('',#4226);
#4226 = AXIS2_PLACEMENT_3D('',#4227,#4228,#4229);
#4227 = CARTESIAN_POINT('',(-46.4,-1.147896717874E+03,193.1785020231));
#4228 = DIRECTION('',(1.,0.,0.));
#4229 = DIRECTION('',(0.,1.,0.));
#4230 = ADVANCED_FACE('',(#4231),#4250,.T.);
#4231 = FACE_BOUND('',#4232,.T.);
#4232 = EDGE_LOOP('',(#4233,#4234,#4243,#4249));
#4233 = ORIENTED_EDGE('',*,*,#4220,.T.);
#4234 = ORIENTED_EDGE('',*,*,#4235,.F.);
#4235 = EDGE_CURVE('',#4236,#4194,#4238,.T.);
#4236 = VERTEX_POINT('',#4237);
#4237 = CARTESIAN_POINT('',(-44.9,-1.108905900014E+03,230.07972403761));
#4238 = CIRCLE('',#4239,1.5);
#4239 = AXIS2_PLACEMENT_3D('',#4240,#4241,#4242);
#4240 = CARTESIAN_POINT('',(-44.9,-1.11034E+03,229.64));
#4241 = DIRECTION('',(-6.E-17,-0.29314935841,0.956066657542));
#4242 = DIRECTION('',(1.,2.945186501321E-17,7.178766751374E-17));
#4243 = ORIENTED_EDGE('',*,*,#4244,.F.);
#4244 = EDGE_CURVE('',#3625,#4236,#4245,.T.);
#4245 = LINE('',#4246,#4247);
#4246 = CARTESIAN_POINT('',(-44.9,-1.100105900014E+03,201.37972403761));
#4247 = VECTOR('',#4248,1.);
#4248 = DIRECTION('',(0.,-0.29314935841,0.956066657542));
#4249 = ORIENTED_EDGE('',*,*,#3632,.T.);
#4250 = CYLINDRICAL_SURFACE('',#4251,1.5);
#4251 = AXIS2_PLACEMENT_3D('',#4252,#4253,#4254);
#4252 = CARTESIAN_POINT('',(-44.9,-1.10154E+03,200.94));
#4253 = DIRECTION('',(-6.E-17,-0.29314935841,0.956066657542));
#4254 = DIRECTION('',(1.,2.031123047657E-17,6.898496424118E-17));
#4255 = ADVANCED_FACE('',(#4256),#4274,.F.);
#4256 = FACE_BOUND('',#4257,.F.);
#4257 = EDGE_LOOP('',(#4258,#4259,#4267,#4273));
#4258 = ORIENTED_EDGE('',*,*,#3624,.F.);
#4259 = ORIENTED_EDGE('',*,*,#4260,.T.);
#4260 = EDGE_CURVE('',#3617,#4261,#4263,.T.);
#4261 = VERTEX_POINT('',#4262);
#4262 = CARTESIAN_POINT('',(-13.9,-1.108905900014E+03,230.07972403761));
#4263 = LINE('',#4264,#4265);
#4264 = CARTESIAN_POINT('',(-13.9,-1.104270189936E+03,214.96098776003));
#4265 = VECTOR('',#4266,1.);
#4266 = DIRECTION('',(0.,-0.29314935841,0.956066657542));
#4267 = ORIENTED_EDGE('',*,*,#4268,.F.);
#4268 = EDGE_CURVE('',#4236,#4261,#4269,.T.);
#4269 = LINE('',#4270,#4271);
#4270 = CARTESIAN_POINT('',(-44.9,-1.108905900014E+03,230.07972403761));
#4271 = VECTOR('',#4272,1.);
#4272 = DIRECTION('',(1.,0.,0.));
#4273 = ORIENTED_EDGE('',*,*,#4244,.F.);
#4274 = PLANE('',#4275);
#4275 = AXIS2_PLACEMENT_3D('',#4276,#4277,#4278);
#4276 = CARTESIAN_POINT('',(-44.9,-1.100105900014E+03,201.37972403761));
#4277 = DIRECTION('',(0.,-0.956066657542,-0.29314935841));
#4278 = DIRECTION('',(0.,-0.29314935841,0.956066657542));
#4279 = ADVANCED_FACE('',(#4280,#4334,#4345),#4356,.F.);
#4280 = FACE_BOUND('',#4281,.F.);
#4281 = EDGE_LOOP('',(#4282,#4283,#4284,#4293,#4301,#4310,#4318,#4326,
    #4333));
#4282 = ORIENTED_EDGE('',*,*,#3616,.F.);
#4283 = ORIENTED_EDGE('',*,*,#3876,.T.);
#4284 = ORIENTED_EDGE('',*,*,#4285,.T.);
#4285 = EDGE_CURVE('',#3877,#4286,#4288,.T.);
#4286 = VERTEX_POINT('',#4287);
#4287 = CARTESIAN_POINT('',(-13.9,-1.081120341577E+03,202.97138678066));
#4288 = CIRCLE('',#4289,7.5);
#4289 = AXIS2_PLACEMENT_3D('',#4290,#4291,#4292);
#4290 = CARTESIAN_POINT('',(-13.9,-1.08834E+03,200.94));
#4291 = DIRECTION('',(1.,0.,0.));
#4292 = DIRECTION('',(0.,1.,0.));
#4293 = ORIENTED_EDGE('',*,*,#4294,.F.);
#4294 = EDGE_CURVE('',#4295,#4286,#4297,.T.);
#4295 = VERTEX_POINT('',#4296);
#4296 = CARTESIAN_POINT('',(-13.9,-1.092220341577E+03,242.42138678066));
#4297 = LINE('',#4298,#4299);
#4298 = CARTESIAN_POINT('',(-13.9,-1.092220341577E+03,242.42138678066));
#4299 = VECTOR('',#4300,1.);
#4300 = DIRECTION('',(0.,0.270851570755,-0.96262112309));
#4301 = ORIENTED_EDGE('',*,*,#4302,.T.);
#4302 = EDGE_CURVE('',#4295,#4303,#4305,.T.);
#4303 = VERTEX_POINT('',#4304);
#4304 = CARTESIAN_POINT('',(-13.9,-1.099423892855E+03,247.88998270397));
#4305 = CIRCLE('',#4306,7.5);
#4306 = AXIS2_PLACEMENT_3D('',#4307,#4308,#4309);
#4307 = CARTESIAN_POINT('',(-13.9,-1.09944E+03,240.39));
#4308 = DIRECTION('',(1.,0.,0.));
#4309 = DIRECTION('',(0.,1.,0.));
#4310 = ORIENTED_EDGE('',*,*,#4311,.T.);
#4311 = EDGE_CURVE('',#4303,#4312,#4314,.T.);
#4312 = VERTEX_POINT('',#4313);
#4313 = CARTESIAN_POINT('',(-13.9,-1.156973095081E+03,235.76537178991));
#4314 = LINE('',#4315,#4316);
#4315 = CARTESIAN_POINT('',(-13.9,-1.099423892855E+03,247.88998270397));
#4316 = VECTOR('',#4317,1.);
#4317 = DIRECTION('',(0.,-0.978518961144,-0.206156840008));
#4318 = ORIENTED_EDGE('',*,*,#4319,.F.);
#4319 = EDGE_CURVE('',#4320,#4312,#4322,.T.);
#4320 = VERTEX_POINT('',#4321);
#4321 = CARTESIAN_POINT('',(-13.9,-1.110192179364E+03,231.13269858292));
#4322 = LINE('',#4323,#4324);
#4323 = CARTESIAN_POINT('',(-13.9,-1.111788015875E+03,231.29073287826));
#4324 = VECTOR('',#4325,1.);
#4325 = DIRECTION('',(0.,-0.995132388616,9.85470909115E-02));
#4326 = ORIENTED_EDGE('',*,*,#4327,.F.);
#4327 = EDGE_CURVE('',#4261,#4320,#4328,.T.);
#4328 = CIRCLE('',#4329,1.5);
#4329 = AXIS2_PLACEMENT_3D('',#4330,#4331,#4332);
#4330 = CARTESIAN_POINT('',(-13.9,-1.11034E+03,229.64));
#4331 = DIRECTION('',(1.,-0.,0.));
#4332 = DIRECTION('',(0.,0.29314935841,-0.956066657542));
#4333 = ORIENTED_EDGE('',*,*,#4260,.F.);
#4334 = FACE_BOUND('',#4335,.F.);
#4335 = EDGE_LOOP('',(#4336));
#4336 = ORIENTED_EDGE('',*,*,#4337,.F.);
#4337 = EDGE_CURVE('',#4338,#4338,#4340,.T.);
#4338 = VERTEX_POINT('',#4339);
#4339 = CARTESIAN_POINT('',(-13.9,-1.08434E+03,200.94));
#4340 = CIRCLE('',#4341,4.);
#4341 = AXIS2_PLACEMENT_3D('',#4342,#4343,#4344);
#4342 = CARTESIAN_POINT('',(-13.9,-1.08834E+03,200.94));
#4343 = DIRECTION('',(1.,0.,0.));
#4344 = DIRECTION('',(0.,1.,0.));
#4345 = FACE_BOUND('',#4346,.F.);
#4346 = EDGE_LOOP('',(#4347));
#4347 = ORIENTED_EDGE('',*,*,#4348,.F.);
#4348 = EDGE_CURVE('',#4349,#4349,#4351,.T.);
#4349 = VERTEX_POINT('',#4350);
#4350 = CARTESIAN_POINT('',(-13.9,-1.09544E+03,240.39));
#4351 = CIRCLE('',#4352,4.);
#4352 = AXIS2_PLACEMENT_3D('',#4353,#4354,#4355);
#4353 = CARTESIAN_POINT('',(-13.9,-1.09944E+03,240.39));
#4354 = DIRECTION('',(1.,0.,0.));
#4355 = DIRECTION('',(0.,1.,0.));
#4356 = PLANE('',#4357);
#4357 = AXIS2_PLACEMENT_3D('',#4358,#4359,#4360);
#4358 = CARTESIAN_POINT('',(-13.9,-1.113835686113E+03,226.88613249116));
#4359 = DIRECTION('',(1.,0.,0.));
#4360 = DIRECTION('',(0.,1.,0.));
#4361 = ADVANCED_FACE('',(#4362),#4373,.T.);
#4362 = FACE_BOUND('',#4363,.T.);
#4363 = EDGE_LOOP('',(#4364,#4365,#4366,#4372));
#4364 = ORIENTED_EDGE('',*,*,#3861,.T.);
#4365 = ORIENTED_EDGE('',*,*,#3923,.T.);
#4366 = ORIENTED_EDGE('',*,*,#4367,.F.);
#4367 = EDGE_CURVE('',#3690,#3916,#4368,.T.);
#4368 = LINE('',#4369,#4370);
#4369 = CARTESIAN_POINT('',(20.1,-1.16184E+03,234.74));
#4370 = VECTOR('',#4371,1.);
#4371 = DIRECTION('',(0.,0.995132388616,-9.85470909115E-02));
#4372 = ORIENTED_EDGE('',*,*,#3689,.F.);
#4373 = PLANE('',#4374);
#4374 = AXIS2_PLACEMENT_3D('',#4375,#4376,#4377);
#4375 = CARTESIAN_POINT('',(-44.9,-1.11034E+03,229.64));
#4376 = DIRECTION('',(0.,-9.85470909115E-02,-0.995132388616));
#4377 = DIRECTION('',(0.,-0.995132388616,9.85470909115E-02));
#4378 = ADVANCED_FACE('',(#4379),#4397,.F.);
#4379 = FACE_BOUND('',#4380,.F.);
#4380 = EDGE_LOOP('',(#4381,#4382,#4390,#4396));
#4381 = ORIENTED_EDGE('',*,*,#3697,.T.);
#4382 = ORIENTED_EDGE('',*,*,#4383,.T.);
#4383 = EDGE_CURVE('',#3698,#4384,#4386,.T.);
#4384 = VERTEX_POINT('',#4385);
#4385 = CARTESIAN_POINT('',(24.1,-1.11034E+03,229.64));
#4386 = LINE('',#4387,#4388);
#4387 = CARTESIAN_POINT('',(24.1,-1.16184E+03,234.74));
#4388 = VECTOR('',#4389,1.);
#4389 = DIRECTION('',(0.,0.995132388616,-9.85470909115E-02));
#4390 = ORIENTED_EDGE('',*,*,#4391,.F.);
#4391 = EDGE_CURVE('',#3916,#4384,#4392,.T.);
#4392 = LINE('',#4393,#4394);
#4393 = CARTESIAN_POINT('',(20.1,-1.11034E+03,229.64));
#4394 = VECTOR('',#4395,1.);
#4395 = DIRECTION('',(1.,0.,0.));
#4396 = ORIENTED_EDGE('',*,*,#4367,.F.);
#4397 = PLANE('',#4398);
#4398 = AXIS2_PLACEMENT_3D('',#4399,#4400,#4401);
#4399 = CARTESIAN_POINT('',(20.1,-1.16184E+03,234.74));
#4400 = DIRECTION('',(0.,9.85470909115E-02,0.995132388616));
#4401 = DIRECTION('',(0.,0.995132388616,-9.85470909115E-02));
#4402 = ADVANCED_FACE('',(#4403),#4421,.T.);
#4403 = FACE_BOUND('',#4404,.T.);
#4404 = EDGE_LOOP('',(#4405,#4406,#4414,#4420));
#4405 = ORIENTED_EDGE('',*,*,#4383,.T.);
#4406 = ORIENTED_EDGE('',*,*,#4407,.T.);
#4407 = EDGE_CURVE('',#4384,#4408,#4410,.T.);
#4408 = VERTEX_POINT('',#4409);
#4409 = CARTESIAN_POINT('',(55.1,-1.11034E+03,229.64));
#4410 = LINE('',#4411,#4412);
#4411 = CARTESIAN_POINT('',(-44.9,-1.11034E+03,229.64));
#4412 = VECTOR('',#4413,1.);
#4413 = DIRECTION('',(1.,0.,0.));
#4414 = ORIENTED_EDGE('',*,*,#4415,.T.);
#4415 = EDGE_CURVE('',#4408,#3706,#4416,.T.);
#4416 = LINE('',#4417,#4418);
#4417 = CARTESIAN_POINT('',(55.1,-1.11034E+03,229.64));
#4418 = VECTOR('',#4419,1.);
#4419 = DIRECTION('',(0.,-0.995132388616,9.85470909115E-02));
#4420 = ORIENTED_EDGE('',*,*,#3705,.F.);
#4421 = PLANE('',#4422);
#4422 = AXIS2_PLACEMENT_3D('',#4423,#4424,#4425);
#4423 = CARTESIAN_POINT('',(-44.9,-1.11034E+03,229.64));
#4424 = DIRECTION('',(0.,-9.85470909115E-02,-0.995132388616));
#4425 = DIRECTION('',(0.,-0.995132388616,9.85470909115E-02));
#4426 = ADVANCED_FACE('',(#4427),#4447,.F.);
#4427 = FACE_BOUND('',#4428,.F.);
#4428 = EDGE_LOOP('',(#4429,#4437,#4438,#4439,#4440,#4441));
#4429 = ORIENTED_EDGE('',*,*,#4430,.T.);
#4430 = EDGE_CURVE('',#4431,#4408,#4433,.T.);
#4431 = VERTEX_POINT('',#4432);
#4432 = CARTESIAN_POINT('',(55.1,-1.10154E+03,200.94));
#4433 = LINE('',#4434,#4435);
#4434 = CARTESIAN_POINT('',(55.1,-1.10154E+03,200.94));
#4435 = VECTOR('',#4436,1.);
#4436 = DIRECTION('',(0.,-0.29314935841,0.956066657542));
#4437 = ORIENTED_EDGE('',*,*,#4415,.T.);
#4438 = ORIENTED_EDGE('',*,*,#3713,.T.);
#4439 = ORIENTED_EDGE('',*,*,#3737,.T.);
#4440 = ORIENTED_EDGE('',*,*,#3762,.T.);
#4441 = ORIENTED_EDGE('',*,*,#4442,.T.);
#4442 = EDGE_CURVE('',#3763,#4431,#4443,.T.);
#4443 = LINE('',#4444,#4445);
#4444 = CARTESIAN_POINT('',(55.1,-1.16334E+03,134.64));
#4445 = VECTOR('',#4446,1.);
#4446 = DIRECTION('',(0.,0.681846383766,0.731495392293));
#4447 = PLANE('',#4448);
#4448 = AXIS2_PLACEMENT_3D('',#4449,#4450,#4451);
#4449 = CARTESIAN_POINT('',(55.1,-1.147896717874E+03,193.1785020231));
#4450 = DIRECTION('',(1.,0.,0.));
#4451 = DIRECTION('',(0.,1.,0.));
#4452 = ADVANCED_FACE('',(#4453),#4471,.T.);
#4453 = FACE_BOUND('',#4454,.T.);
#4454 = EDGE_LOOP('',(#4455,#4456,#4464,#4470));
#4455 = ORIENTED_EDGE('',*,*,#3842,.T.);
#4456 = ORIENTED_EDGE('',*,*,#4457,.T.);
#4457 = EDGE_CURVE('',#3835,#4458,#4460,.T.);
#4458 = VERTEX_POINT('',#4459);
#4459 = CARTESIAN_POINT('',(-29.9,-1.160255084405E+03,137.94954479362));
#4460 = LINE('',#4461,#4462);
#4461 = CARTESIAN_POINT('',(-29.9,-1.16334E+03,134.64));
#4462 = VECTOR('',#4463,1.);
#4463 = DIRECTION('',(0.,0.681846447446,0.731495332935));
#4464 = ORIENTED_EDGE('',*,*,#4465,.F.);
#4465 = EDGE_CURVE('',#3939,#4458,#4466,.T.);
#4466 = LINE('',#4467,#4468);
#4467 = CARTESIAN_POINT('',(-39.9,-1.160255084405E+03,137.94954479362));
#4468 = VECTOR('',#4469,1.);
#4469 = DIRECTION('',(1.,0.,0.));
#4470 = ORIENTED_EDGE('',*,*,#3938,.F.);
#4471 = PLANE('',#4472);
#4472 = AXIS2_PLACEMENT_3D('',#4473,#4474,#4475);
#4473 = CARTESIAN_POINT('',(-39.9,-1.16334E+03,134.64));
#4474 = DIRECTION('',(0.,-0.731495332935,0.681846447446));
#4475 = DIRECTION('',(0.,0.681846447446,0.731495332935));
#4476 = ADVANCED_FACE('',(#4477),#4493,.F.);
#4477 = FACE_BOUND('',#4478,.F.);
#4478 = EDGE_LOOP('',(#4479,#4480,#4486,#4487));
#4479 = ORIENTED_EDGE('',*,*,#3834,.F.);
#4480 = ORIENTED_EDGE('',*,*,#4481,.T.);
#4481 = EDGE_CURVE('',#3835,#4137,#4482,.T.);
#4482 = LINE('',#4483,#4484);
#4483 = CARTESIAN_POINT('',(-29.9,-1.163919588191E+03,134.01820878496));
#4484 = VECTOR('',#4485,1.);
#4485 = DIRECTION('',(0.,-0.681846383766,-0.731495392293));
#4486 = ORIENTED_EDGE('',*,*,#4136,.T.);
#4487 = ORIENTED_EDGE('',*,*,#4488,.F.);
#4488 = EDGE_CURVE('',#3827,#4129,#4489,.T.);
#4489 = LINE('',#4490,#4491);
#4490 = CARTESIAN_POINT('',(-19.9,-1.163919588191E+03,134.01820878496));
#4491 = VECTOR('',#4492,1.);
#4492 = DIRECTION('',(0.,-0.681846383766,-0.731495392293));
#4493 = PLANE('',#4494);
#4494 = AXIS2_PLACEMENT_3D('',#4495,#4496,#4497);
#4495 = CARTESIAN_POINT('',(-44.9,-1.16334E+03,134.64));
#4496 = DIRECTION('',(0.,-0.731495392293,0.681846383766));
#4497 = DIRECTION('',(0.,0.681846383766,0.731495392293));
#4498 = ADVANCED_FACE('',(#4499),#4524,.T.);
#4499 = FACE_BOUND('',#4500,.T.);
#4500 = EDGE_LOOP('',(#4501,#4502,#4510,#4518));
#4501 = ORIENTED_EDGE('',*,*,#3826,.T.);
#4502 = ORIENTED_EDGE('',*,*,#4503,.T.);
#4503 = EDGE_CURVE('',#3819,#4504,#4506,.T.);
#4504 = VERTEX_POINT('',#4505);
#4505 = CARTESIAN_POINT('',(-9.9,-1.160255084405E+03,137.94954479362));
#4506 = LINE('',#4507,#4508);
#4507 = CARTESIAN_POINT('',(-9.9,-1.16334E+03,134.64));
#4508 = VECTOR('',#4509,1.);
#4509 = DIRECTION('',(0.,0.681846447446,0.731495332935));
#4510 = ORIENTED_EDGE('',*,*,#4511,.F.);
#4511 = EDGE_CURVE('',#4512,#4504,#4514,.T.);
#4512 = VERTEX_POINT('',#4513);
#4513 = CARTESIAN_POINT('',(-19.9,-1.160255084405E+03,137.94954479362));
#4514 = LINE('',#4515,#4516);
#4515 = CARTESIAN_POINT('',(-19.9,-1.160255084405E+03,137.94954479362));
#4516 = VECTOR('',#4517,1.);
#4517 = DIRECTION('',(1.,0.,0.));
#4518 = ORIENTED_EDGE('',*,*,#4519,.F.);
#4519 = EDGE_CURVE('',#3827,#4512,#4520,.T.);
#4520 = LINE('',#4521,#4522);
#4521 = CARTESIAN_POINT('',(-19.9,-1.16334E+03,134.64));
#4522 = VECTOR('',#4523,1.);
#4523 = DIRECTION('',(0.,0.681846447446,0.731495332935));
#4524 = PLANE('',#4525);
#4525 = AXIS2_PLACEMENT_3D('',#4526,#4527,#4528);
#4526 = CARTESIAN_POINT('',(-19.9,-1.16334E+03,134.64));
#4527 = DIRECTION('',(0.,-0.731495332935,0.681846447446));
#4528 = DIRECTION('',(0.,0.681846447446,0.731495332935));
#4529 = ADVANCED_FACE('',(#4530),#4546,.F.);
#4530 = FACE_BOUND('',#4531,.F.);
#4531 = EDGE_LOOP('',(#4532,#4533,#4539,#4540));
#4532 = ORIENTED_EDGE('',*,*,#3818,.F.);
#4533 = ORIENTED_EDGE('',*,*,#4534,.T.);
#4534 = EDGE_CURVE('',#3819,#4105,#4535,.T.);
#4535 = LINE('',#4536,#4537);
#4536 = CARTESIAN_POINT('',(-9.9,-1.163919588191E+03,134.01820878496));
#4537 = VECTOR('',#4538,1.);
#4538 = DIRECTION('',(0.,-0.681846383766,-0.731495392293));
#4539 = ORIENTED_EDGE('',*,*,#4104,.T.);
#4540 = ORIENTED_EDGE('',*,*,#4541,.F.);
#4541 = EDGE_CURVE('',#3811,#4097,#4542,.T.);
#4542 = LINE('',#4543,#4544);
#4543 = CARTESIAN_POINT('',(0.1,-1.163919588191E+03,134.01820878496));
#4544 = VECTOR('',#4545,1.);
#4545 = DIRECTION('',(0.,-0.681846383766,-0.731495392293));
#4546 = PLANE('',#4547);
#4547 = AXIS2_PLACEMENT_3D('',#4548,#4549,#4550);
#4548 = CARTESIAN_POINT('',(-44.9,-1.16334E+03,134.64));
#4549 = DIRECTION('',(0.,-0.731495392293,0.681846383766));
#4550 = DIRECTION('',(0.,0.681846383766,0.731495392293));
#4551 = ADVANCED_FACE('',(#4552),#4577,.T.);
#4552 = FACE_BOUND('',#4553,.T.);
#4553 = EDGE_LOOP('',(#4554,#4555,#4563,#4571));
#4554 = ORIENTED_EDGE('',*,*,#3810,.T.);
#4555 = ORIENTED_EDGE('',*,*,#4556,.T.);
#4556 = EDGE_CURVE('',#3803,#4557,#4559,.T.);
#4557 = VERTEX_POINT('',#4558);
#4558 = CARTESIAN_POINT('',(10.1,-1.160255084405E+03,137.94954479362));
#4559 = LINE('',#4560,#4561);
#4560 = CARTESIAN_POINT('',(10.1,-1.16334E+03,134.64));
#4561 = VECTOR('',#4562,1.);
#4562 = DIRECTION('',(0.,0.681846447446,0.731495332935));
#4563 = ORIENTED_EDGE('',*,*,#4564,.F.);
#4564 = EDGE_CURVE('',#4565,#4557,#4567,.T.);
#4565 = VERTEX_POINT('',#4566);
#4566 = CARTESIAN_POINT('',(0.1,-1.160255084405E+03,137.94954479362));
#4567 = LINE('',#4568,#4569);
#4568 = CARTESIAN_POINT('',(0.1,-1.160255084405E+03,137.94954479362));
#4569 = VECTOR('',#4570,1.);
#4570 = DIRECTION('',(1.,0.,0.));
#4571 = ORIENTED_EDGE('',*,*,#4572,.F.);
#4572 = EDGE_CURVE('',#3811,#4565,#4573,.T.);
#4573 = LINE('',#4574,#4575);
#4574 = CARTESIAN_POINT('',(0.1,-1.16334E+03,134.64));
#4575 = VECTOR('',#4576,1.);
#4576 = DIRECTION('',(0.,0.681846447446,0.731495332935));
#4577 = PLANE('',#4578);
#4578 = AXIS2_PLACEMENT_3D('',#4579,#4580,#4581);
#4579 = CARTESIAN_POINT('',(0.1,-1.16334E+03,134.64));
#4580 = DIRECTION('',(0.,-0.731495332935,0.681846447446));
#4581 = DIRECTION('',(0.,0.681846447446,0.731495332935));
#4582 = ADVANCED_FACE('',(#4583),#4599,.F.);
#4583 = FACE_BOUND('',#4584,.F.);
#4584 = EDGE_LOOP('',(#4585,#4586,#4592,#4593));
#4585 = ORIENTED_EDGE('',*,*,#3802,.F.);
#4586 = ORIENTED_EDGE('',*,*,#4587,.T.);
#4587 = EDGE_CURVE('',#3803,#4073,#4588,.T.);
#4588 = LINE('',#4589,#4590);
#4589 = CARTESIAN_POINT('',(10.1,-1.163919588191E+03,134.01820878496));
#4590 = VECTOR('',#4591,1.);
#4591 = DIRECTION('',(0.,-0.681846383766,-0.731495392293));
#4592 = ORIENTED_EDGE('',*,*,#4072,.T.);
#4593 = ORIENTED_EDGE('',*,*,#4594,.F.);
#4594 = EDGE_CURVE('',#3795,#4065,#4595,.T.);
#4595 = LINE('',#4596,#4597);
#4596 = CARTESIAN_POINT('',(20.1,-1.163919588191E+03,134.01820878496));
#4597 = VECTOR('',#4598,1.);
#4598 = DIRECTION('',(0.,-0.681846383766,-0.731495392293));
#4599 = PLANE('',#4600);
#4600 = AXIS2_PLACEMENT_3D('',#4601,#4602,#4603);
#4601 = CARTESIAN_POINT('',(-44.9,-1.16334E+03,134.64));
#4602 = DIRECTION('',(0.,-0.731495392293,0.681846383766));
#4603 = DIRECTION('',(0.,0.681846383766,0.731495392293));
#4604 = ADVANCED_FACE('',(#4605),#4630,.T.);
#4605 = FACE_BOUND('',#4606,.T.);
#4606 = EDGE_LOOP('',(#4607,#4608,#4616,#4624));
#4607 = ORIENTED_EDGE('',*,*,#3794,.T.);
#4608 = ORIENTED_EDGE('',*,*,#4609,.T.);
#4609 = EDGE_CURVE('',#3787,#4610,#4612,.T.);
#4610 = VERTEX_POINT('',#4611);
#4611 = CARTESIAN_POINT('',(30.1,-1.160255084405E+03,137.94954479362));
#4612 = LINE('',#4613,#4614);
#4613 = CARTESIAN_POINT('',(30.1,-1.16334E+03,134.64));
#4614 = VECTOR('',#4615,1.);
#4615 = DIRECTION('',(0.,0.681846447446,0.731495332935));
#4616 = ORIENTED_EDGE('',*,*,#4617,.F.);
#4617 = EDGE_CURVE('',#4618,#4610,#4620,.T.);
#4618 = VERTEX_POINT('',#4619);
#4619 = CARTESIAN_POINT('',(20.1,-1.160255084405E+03,137.94954479362));
#4620 = LINE('',#4621,#4622);
#4621 = CARTESIAN_POINT('',(20.1,-1.160255084405E+03,137.94954479362));
#4622 = VECTOR('',#4623,1.);
#4623 = DIRECTION('',(1.,0.,0.));
#4624 = ORIENTED_EDGE('',*,*,#4625,.F.);
#4625 = EDGE_CURVE('',#3795,#4618,#4626,.T.);
#4626 = LINE('',#4627,#4628);
#4627 = CARTESIAN_POINT('',(20.1,-1.16334E+03,134.64));
#4628 = VECTOR('',#4629,1.);
#4629 = DIRECTION('',(0.,0.681846447446,0.731495332935));
#4630 = PLANE('',#4631);
#4631 = AXIS2_PLACEMENT_3D('',#4632,#4633,#4634);
#4632 = CARTESIAN_POINT('',(20.1,-1.16334E+03,134.64));
#4633 = DIRECTION('',(0.,-0.731495332935,0.681846447446));
#4634 = DIRECTION('',(0.,0.681846447446,0.731495332935));
#4635 = ADVANCED_FACE('',(#4636),#4652,.F.);
#4636 = FACE_BOUND('',#4637,.F.);
#4637 = EDGE_LOOP('',(#4638,#4639,#4645,#4646));
#4638 = ORIENTED_EDGE('',*,*,#3786,.F.);
#4639 = ORIENTED_EDGE('',*,*,#4640,.T.);
#4640 = EDGE_CURVE('',#3787,#4041,#4641,.T.);
#4641 = LINE('',#4642,#4643);
#4642 = CARTESIAN_POINT('',(30.1,-1.163919588191E+03,134.01820878496));
#4643 = VECTOR('',#4644,1.);
#4644 = DIRECTION('',(0.,-0.681846383766,-0.731495392293));
#4645 = ORIENTED_EDGE('',*,*,#4040,.T.);
#4646 = ORIENTED_EDGE('',*,*,#4647,.F.);
#4647 = EDGE_CURVE('',#3779,#4033,#4648,.T.);
#4648 = LINE('',#4649,#4650);
#4649 = CARTESIAN_POINT('',(40.1,-1.163919588191E+03,134.01820878496));
#4650 = VECTOR('',#4651,1.);
#4651 = DIRECTION('',(0.,-0.681846383766,-0.731495392293));
#4652 = PLANE('',#4653);
#4653 = AXIS2_PLACEMENT_3D('',#4654,#4655,#4656);
#4654 = CARTESIAN_POINT('',(-44.9,-1.16334E+03,134.64));
#4655 = DIRECTION('',(0.,-0.731495392293,0.681846383766));
#4656 = DIRECTION('',(0.,0.681846383766,0.731495392293));
#4657 = ADVANCED_FACE('',(#4658),#4683,.T.);
#4658 = FACE_BOUND('',#4659,.T.);
#4659 = EDGE_LOOP('',(#4660,#4661,#4669,#4677));
#4660 = ORIENTED_EDGE('',*,*,#3778,.T.);
#4661 = ORIENTED_EDGE('',*,*,#4662,.T.);
#4662 = EDGE_CURVE('',#3771,#4663,#4665,.T.);
#4663 = VERTEX_POINT('',#4664);
#4664 = CARTESIAN_POINT('',(50.1,-1.160255084405E+03,137.94954479362));
#4665 = LINE('',#4666,#4667);
#4666 = CARTESIAN_POINT('',(50.1,-1.16334E+03,134.64));
#4667 = VECTOR('',#4668,1.);
#4668 = DIRECTION('',(0.,0.681846447446,0.731495332935));
#4669 = ORIENTED_EDGE('',*,*,#4670,.F.);
#4670 = EDGE_CURVE('',#4671,#4663,#4673,.T.);
#4671 = VERTEX_POINT('',#4672);
#4672 = CARTESIAN_POINT('',(40.1,-1.160255084405E+03,137.94954479362));
#4673 = LINE('',#4674,#4675);
#4674 = CARTESIAN_POINT('',(40.1,-1.160255084405E+03,137.94954479362));
#4675 = VECTOR('',#4676,1.);
#4676 = DIRECTION('',(1.,0.,0.));
#4677 = ORIENTED_EDGE('',*,*,#4678,.F.);
#4678 = EDGE_CURVE('',#3779,#4671,#4679,.T.);
#4679 = LINE('',#4680,#4681);
#4680 = CARTESIAN_POINT('',(40.1,-1.16334E+03,134.64));
#4681 = VECTOR('',#4682,1.);
#4682 = DIRECTION('',(0.,0.681846447446,0.731495332935));
#4683 = PLANE('',#4684);
#4684 = AXIS2_PLACEMENT_3D('',#4685,#4686,#4687);
#4685 = CARTESIAN_POINT('',(40.1,-1.16334E+03,134.64));
#4686 = DIRECTION('',(0.,-0.731495332935,0.681846447446));
#4687 = DIRECTION('',(0.,0.681846447446,0.731495332935));
#4688 = ADVANCED_FACE('',(#4689),#4748,.F.);
#4689 = FACE_BOUND('',#4690,.F.);
#4690 = EDGE_LOOP('',(#4691,#4692,#4698,#4699,#4708,#4716,#4725,#4733,
    #4741,#4747));
#4691 = ORIENTED_EDGE('',*,*,#3770,.F.);
#4692 = ORIENTED_EDGE('',*,*,#4693,.T.);
#4693 = EDGE_CURVE('',#3771,#4009,#4694,.T.);
#4694 = LINE('',#4695,#4696);
#4695 = CARTESIAN_POINT('',(50.1,-1.163919588191E+03,134.01820878496));
#4696 = VECTOR('',#4697,1.);
#4697 = DIRECTION('',(0.,-0.681846383766,-0.731495392293));
#4698 = ORIENTED_EDGE('',*,*,#4008,.T.);
#4699 = ORIENTED_EDGE('',*,*,#4700,.T.);
#4700 = EDGE_CURVE('',#4001,#4701,#4703,.T.);
#4701 = VERTEX_POINT('',#4702);
#4702 = CARTESIAN_POINT('',(56.6,-1.16334E+03,134.64));
#4703 = ELLIPSE('',#4704,1.743718619647,1.5);
#4704 = AXIS2_PLACEMENT_3D('',#4705,#4706,#4707);
#4705 = CARTESIAN_POINT('',(55.1,-1.16334E+03,134.64));
#4706 = DIRECTION('',(1.392343868323E-32,-0.731495392293,0.681846383766)
  );
#4707 = DIRECTION('',(-9.8E-16,-0.681846383766,-0.731495392293));
#4708 = ORIENTED_EDGE('',*,*,#4709,.T.);
#4709 = EDGE_CURVE('',#4701,#4710,#4712,.T.);
#4710 = VERTEX_POINT('',#4711);
#4711 = CARTESIAN_POINT('',(56.6,-1.10154E+03,200.94));
#4712 = LINE('',#4713,#4714);
#4713 = CARTESIAN_POINT('',(56.6,-1.16334E+03,134.64));
#4714 = VECTOR('',#4715,1.);
#4715 = DIRECTION('',(0.,0.681846383766,0.731495392293));
#4716 = ORIENTED_EDGE('',*,*,#4717,.T.);
#4717 = EDGE_CURVE('',#4710,#4718,#4720,.T.);
#4718 = VERTEX_POINT('',#4719);
#4719 = CARTESIAN_POINT('',(55.1,-1.100359419922E+03,202.206544647));
#4720 = ELLIPSE('',#4721,1.731445830491,1.5);
#4721 = AXIS2_PLACEMENT_3D('',#4722,#4723,#4724);
#4722 = CARTESIAN_POINT('',(55.1,-1.10154E+03,200.94));
#4723 = DIRECTION('',(7.337186423333E-33,-0.731495392293,0.681846383766)
  );
#4724 = DIRECTION('',(1.1E-16,0.681846383766,0.731495392293));
#4725 = ORIENTED_EDGE('',*,*,#4726,.T.);
#4726 = EDGE_CURVE('',#4718,#4727,#4729,.T.);
#4727 = VERTEX_POINT('',#4728);
#4728 = CARTESIAN_POINT('',(24.1,-1.100359419922E+03,202.206544647));
#4729 = LINE('',#4730,#4731);
#4730 = CARTESIAN_POINT('',(-44.9,-1.100359419922E+03,202.206544647));
#4731 = VECTOR('',#4732,1.);
#4732 = DIRECTION('',(-1.,0.,0.));
#4733 = ORIENTED_EDGE('',*,*,#4734,.F.);
#4734 = EDGE_CURVE('',#4735,#4727,#4737,.T.);
#4735 = VERTEX_POINT('',#4736);
#4736 = CARTESIAN_POINT('',(24.1,-1.10154E+03,200.94));
#4737 = LINE('',#4738,#4739);
#4738 = CARTESIAN_POINT('',(24.1,-1.128827677663E+03,171.66535551682));
#4739 = VECTOR('',#4740,1.);
#4740 = DIRECTION('',(0.,0.681846383766,0.731495392293));
#4741 = ORIENTED_EDGE('',*,*,#4742,.T.);
#4742 = EDGE_CURVE('',#4735,#4431,#4743,.T.);
#4743 = LINE('',#4744,#4745);
#4744 = CARTESIAN_POINT('',(-44.9,-1.10154E+03,200.94));
#4745 = VECTOR('',#4746,1.);
#4746 = DIRECTION('',(1.,0.,0.));
#4747 = ORIENTED_EDGE('',*,*,#4442,.F.);
#4748 = PLANE('',#4749);
#4749 = AXIS2_PLACEMENT_3D('',#4750,#4751,#4752);
#4750 = CARTESIAN_POINT('',(-44.9,-1.16334E+03,134.64));
#4751 = DIRECTION('',(0.,-0.731495392293,0.681846383766));
#4752 = DIRECTION('',(0.,0.681846383766,0.731495392293));
#4753 = ADVANCED_FACE('',(#4754),#4773,.T.);
#4754 = FACE_BOUND('',#4755,.T.);
#4755 = EDGE_LOOP('',(#4756,#4757,#4758,#4766));
#4756 = ORIENTED_EDGE('',*,*,#3884,.T.);
#4757 = ORIENTED_EDGE('',*,*,#4285,.T.);
#4758 = ORIENTED_EDGE('',*,*,#4759,.F.);
#4759 = EDGE_CURVE('',#4760,#4286,#4762,.T.);
#4760 = VERTEX_POINT('',#4761);
#4761 = CARTESIAN_POINT('',(-9.9,-1.081120341577E+03,202.97138678066));
#4762 = LINE('',#4763,#4764);
#4763 = CARTESIAN_POINT('',(-9.9,-1.081120341577E+03,202.97138678066));
#4764 = VECTOR('',#4765,1.);
#4765 = DIRECTION('',(-1.,-0.,-0.));
#4766 = ORIENTED_EDGE('',*,*,#4767,.F.);
#4767 = EDGE_CURVE('',#3885,#4760,#4768,.T.);
#4768 = CIRCLE('',#4769,7.5);
#4769 = AXIS2_PLACEMENT_3D('',#4770,#4771,#4772);
#4770 = CARTESIAN_POINT('',(-9.9,-1.08834E+03,200.94));
#4771 = DIRECTION('',(1.,0.,0.));
#4772 = DIRECTION('',(0.,1.,0.));
#4773 = CYLINDRICAL_SURFACE('',#4774,7.5);
#4774 = AXIS2_PLACEMENT_3D('',#4775,#4776,#4777);
#4775 = CARTESIAN_POINT('',(-9.9,-1.08834E+03,200.94));
#4776 = DIRECTION('',(1.,0.,0.));
#4777 = DIRECTION('',(0.,1.,0.));
#4778 = ADVANCED_FACE('',(#4779,#4839,#4850),#4861,.T.);
#4779 = FACE_BOUND('',#4780,.T.);
#4780 = EDGE_LOOP('',(#4781,#4789,#4790,#4791,#4799,#4808,#4816,#4824,
    #4833));
#4781 = ORIENTED_EDGE('',*,*,#4782,.F.);
#4782 = EDGE_CURVE('',#3585,#4783,#4785,.T.);
#4783 = VERTEX_POINT('',#4784);
#4784 = CARTESIAN_POINT('',(-9.9,-1.100359419922E+03,202.206544647));
#4785 = LINE('',#4786,#4787);
#4786 = CARTESIAN_POINT('',(-9.9,-1.128827677663E+03,171.66535551682));
#4787 = VECTOR('',#4788,1.);
#4788 = DIRECTION('',(0.,0.681846383766,0.731495392293));
#4789 = ORIENTED_EDGE('',*,*,#3892,.T.);
#4790 = ORIENTED_EDGE('',*,*,#4767,.T.);
#4791 = ORIENTED_EDGE('',*,*,#4792,.F.);
#4792 = EDGE_CURVE('',#4793,#4760,#4795,.T.);
#4793 = VERTEX_POINT('',#4794);
#4794 = CARTESIAN_POINT('',(-9.9,-1.092220341577E+03,242.42138678066));
#4795 = LINE('',#4796,#4797);
#4796 = CARTESIAN_POINT('',(-9.9,-1.092220341577E+03,242.42138678066));
#4797 = VECTOR('',#4798,1.);
#4798 = DIRECTION('',(0.,0.270851570755,-0.96262112309));
#4799 = ORIENTED_EDGE('',*,*,#4800,.T.);
#4800 = EDGE_CURVE('',#4793,#4801,#4803,.T.);
#4801 = VERTEX_POINT('',#4802);
#4802 = CARTESIAN_POINT('',(-9.9,-1.099423892855E+03,247.88998270397));
#4803 = CIRCLE('',#4804,7.5);
#4804 = AXIS2_PLACEMENT_3D('',#4805,#4806,#4807);
#4805 = CARTESIAN_POINT('',(-9.9,-1.09944E+03,240.39));
#4806 = DIRECTION('',(1.,0.,0.));
#4807 = DIRECTION('',(0.,1.,0.));
#4808 = ORIENTED_EDGE('',*,*,#4809,.T.);
#4809 = EDGE_CURVE('',#4801,#4810,#4812,.T.);
#4810 = VERTEX_POINT('',#4811);
#4811 = CARTESIAN_POINT('',(-9.9,-1.156973095081E+03,235.76537178991));
#4812 = LINE('',#4813,#4814);
#4813 = CARTESIAN_POINT('',(-9.9,-1.099423892855E+03,247.88998270397));
#4814 = VECTOR('',#4815,1.);
#4815 = DIRECTION('',(0.,-0.978518961144,-0.206156840008));
#4816 = ORIENTED_EDGE('',*,*,#4817,.F.);
#4817 = EDGE_CURVE('',#4818,#4810,#4820,.T.);
#4818 = VERTEX_POINT('',#4819);
#4819 = CARTESIAN_POINT('',(-9.9,-1.110192179364E+03,231.13269858292));
#4820 = LINE('',#4821,#4822);
#4821 = CARTESIAN_POINT('',(-9.9,-1.111788015875E+03,231.29073287826));
#4822 = VECTOR('',#4823,1.);
#4823 = DIRECTION('',(0.,-0.995132388616,9.85470909115E-02));
#4824 = ORIENTED_EDGE('',*,*,#4825,.F.);
#4825 = EDGE_CURVE('',#4826,#4818,#4828,.T.);
#4826 = VERTEX_POINT('',#4827);
#4827 = CARTESIAN_POINT('',(-9.9,-1.108905900014E+03,230.07972403761));
#4828 = CIRCLE('',#4829,1.5);
#4829 = AXIS2_PLACEMENT_3D('',#4830,#4831,#4832);
#4830 = CARTESIAN_POINT('',(-9.9,-1.11034E+03,229.64));
#4831 = DIRECTION('',(1.,-0.,0.));
#4832 = DIRECTION('',(0.,0.29314935841,-0.956066657542));
#4833 = ORIENTED_EDGE('',*,*,#4834,.F.);
#4834 = EDGE_CURVE('',#4783,#4826,#4835,.T.);
#4835 = LINE('',#4836,#4837);
#4836 = CARTESIAN_POINT('',(-9.9,-1.104270189936E+03,214.96098776003));
#4837 = VECTOR('',#4838,1.);
#4838 = DIRECTION('',(0.,-0.29314935841,0.956066657542));
#4839 = FACE_BOUND('',#4840,.T.);
#4840 = EDGE_LOOP('',(#4841));
#4841 = ORIENTED_EDGE('',*,*,#4842,.F.);
#4842 = EDGE_CURVE('',#4843,#4843,#4845,.T.);
#4843 = VERTEX_POINT('',#4844);
#4844 = CARTESIAN_POINT('',(-9.9,-1.08434E+03,200.94));
#4845 = CIRCLE('',#4846,4.);
#4846 = AXIS2_PLACEMENT_3D('',#4847,#4848,#4849);
#4847 = CARTESIAN_POINT('',(-9.9,-1.08834E+03,200.94));
#4848 = DIRECTION('',(1.,0.,0.));
#4849 = DIRECTION('',(0.,1.,0.));
#4850 = FACE_BOUND('',#4851,.T.);
#4851 = EDGE_LOOP('',(#4852));
#4852 = ORIENTED_EDGE('',*,*,#4853,.F.);
#4853 = EDGE_CURVE('',#4854,#4854,#4856,.T.);
#4854 = VERTEX_POINT('',#4855);
#4855 = CARTESIAN_POINT('',(-9.9,-1.09544E+03,240.39));
#4856 = CIRCLE('',#4857,4.);
#4857 = AXIS2_PLACEMENT_3D('',#4858,#4859,#4860);
#4858 = CARTESIAN_POINT('',(-9.9,-1.09944E+03,240.39));
#4859 = DIRECTION('',(1.,0.,0.));
#4860 = DIRECTION('',(0.,1.,0.));
#4861 = PLANE('',#4862);
#4862 = AXIS2_PLACEMENT_3D('',#4863,#4864,#4865);
#4863 = CARTESIAN_POINT('',(-9.9,-1.113835686113E+03,226.88613249116));
#4864 = DIRECTION('',(1.,0.,0.));
#4865 = DIRECTION('',(0.,1.,0.));
#4866 = ADVANCED_FACE('',(#4867),#4883,.F.);
#4867 = FACE_BOUND('',#4868,.F.);
#4868 = EDGE_LOOP('',(#4869,#4870,#4876,#4882));
#4869 = ORIENTED_EDGE('',*,*,#4391,.T.);
#4870 = ORIENTED_EDGE('',*,*,#4871,.T.);
#4871 = EDGE_CURVE('',#4384,#4735,#4872,.T.);
#4872 = LINE('',#4873,#4874);
#4873 = CARTESIAN_POINT('',(24.1,-1.11034E+03,229.64));
#4874 = VECTOR('',#4875,1.);
#4875 = DIRECTION('',(0.,0.29314935841,-0.956066657542));
#4876 = ORIENTED_EDGE('',*,*,#4877,.F.);
#4877 = EDGE_CURVE('',#3908,#4735,#4878,.T.);
#4878 = LINE('',#4879,#4880);
#4879 = CARTESIAN_POINT('',(20.1,-1.10154E+03,200.94));
#4880 = VECTOR('',#4881,1.);
#4881 = DIRECTION('',(1.,0.,0.));
#4882 = ORIENTED_EDGE('',*,*,#3915,.F.);
#4883 = PLANE('',#4884);
#4884 = AXIS2_PLACEMENT_3D('',#4885,#4886,#4887);
#4885 = CARTESIAN_POINT('',(20.1,-1.11034E+03,229.64));
#4886 = DIRECTION('',(0.,0.956066657542,0.29314935841));
#4887 = DIRECTION('',(0.,0.29314935841,-0.956066657542));
#4888 = ADVANCED_FACE('',(#4889),#4907,.F.);
#4889 = FACE_BOUND('',#4890,.F.);
#4890 = EDGE_LOOP('',(#4891,#4892,#4893,#4901));
#4891 = ORIENTED_EDGE('',*,*,#4782,.F.);
#4892 = ORIENTED_EDGE('',*,*,#3907,.T.);
#4893 = ORIENTED_EDGE('',*,*,#4894,.T.);
#4894 = EDGE_CURVE('',#3908,#4895,#4897,.T.);
#4895 = VERTEX_POINT('',#4896);
#4896 = CARTESIAN_POINT('',(20.1,-1.100359419922E+03,202.206544647));
#4897 = LINE('',#4898,#4899);
#4898 = CARTESIAN_POINT('',(20.1,-1.128827677663E+03,171.66535551682));
#4899 = VECTOR('',#4900,1.);
#4900 = DIRECTION('',(0.,0.681846383766,0.731495392293));
#4901 = ORIENTED_EDGE('',*,*,#4902,.T.);
#4902 = EDGE_CURVE('',#4895,#4783,#4903,.T.);
#4903 = LINE('',#4904,#4905);
#4904 = CARTESIAN_POINT('',(-44.9,-1.100359419922E+03,202.206544647));
#4905 = VECTOR('',#4906,1.);
#4906 = DIRECTION('',(-1.,0.,0.));
#4907 = PLANE('',#4908);
#4908 = AXIS2_PLACEMENT_3D('',#4909,#4910,#4911);
#4909 = CARTESIAN_POINT('',(-44.9,-1.16334E+03,134.64));
#4910 = DIRECTION('',(0.,-0.731495392293,0.681846383766));
#4911 = DIRECTION('',(0.,0.681846383766,0.731495392293));
#4912 = ADVANCED_FACE('',(#4913),#4931,.T.);
#4913 = FACE_BOUND('',#4914,.T.);
#4914 = EDGE_LOOP('',(#4915,#4916,#4924,#4930));
#4915 = ORIENTED_EDGE('',*,*,#3962,.F.);
#4916 = ORIENTED_EDGE('',*,*,#4917,.T.);
#4917 = EDGE_CURVE('',#3955,#4918,#4920,.T.);
#4918 = VERTEX_POINT('',#4919);
#4919 = CARTESIAN_POINT('',(-29.9,-1.167855516655E+03,138.15219926067));
#4920 = LINE('',#4921,#4922);
#4921 = CARTESIAN_POINT('',(-39.9,-1.167855516655E+03,138.15219926067));
#4922 = VECTOR('',#4923,1.);
#4923 = DIRECTION('',(1.,0.,0.));
#4924 = ORIENTED_EDGE('',*,*,#4925,.T.);
#4925 = EDGE_CURVE('',#4918,#4145,#4926,.T.);
#4926 = LINE('',#4927,#4928);
#4927 = CARTESIAN_POINT('',(-29.9,-1.167855516655E+03,138.15219926067));
#4928 = VECTOR('',#4929,1.);
#4929 = DIRECTION('',(0.,0.959538377832,0.281577878158));
#4930 = ORIENTED_EDGE('',*,*,#4152,.F.);
#4931 = PLANE('',#4932);
#4932 = AXIS2_PLACEMENT_3D('',#4933,#4934,#4935);
#4933 = CARTESIAN_POINT('',(-39.9,-1.167855516655E+03,138.15219926067));
#4934 = DIRECTION('',(0.,-0.281577878158,0.959538377832));
#4935 = DIRECTION('',(0.,0.959538377832,0.281577878158));
#4936 = ADVANCED_FACE('',(#4937),#4955,.T.);
#4937 = FACE_BOUND('',#4938,.T.);
#4938 = EDGE_LOOP('',(#4939,#4947,#4953,#4954));
#4939 = ORIENTED_EDGE('',*,*,#4940,.T.);
#4940 = EDGE_CURVE('',#3947,#4941,#4943,.T.);
#4941 = VERTEX_POINT('',#4942);
#4942 = CARTESIAN_POINT('',(-29.9,-1.163662554812E+03,123.86376214781));
#4943 = LINE('',#4944,#4945);
#4944 = CARTESIAN_POINT('',(-39.9,-1.163662554812E+03,123.86376214781));
#4945 = VECTOR('',#4946,1.);
#4946 = DIRECTION('',(1.,0.,0.));
#4947 = ORIENTED_EDGE('',*,*,#4948,.T.);
#4948 = EDGE_CURVE('',#4941,#4918,#4949,.T.);
#4949 = LINE('',#4950,#4951);
#4950 = CARTESIAN_POINT('',(-29.9,-1.163662554812E+03,123.86376214781));
#4951 = VECTOR('',#4952,1.);
#4952 = DIRECTION('',(0.,-0.281577878158,0.959538377832));
#4953 = ORIENTED_EDGE('',*,*,#4917,.F.);
#4954 = ORIENTED_EDGE('',*,*,#3954,.F.);
#4955 = PLANE('',#4956);
#4956 = AXIS2_PLACEMENT_3D('',#4957,#4958,#4959);
#4957 = CARTESIAN_POINT('',(-39.9,-1.163662554812E+03,123.86376214781));
#4958 = DIRECTION('',(0.,-0.959538377832,-0.281577878158));
#4959 = DIRECTION('',(0.,-0.281577878158,0.959538377832));
#4960 = ADVANCED_FACE('',(#4961),#4972,.T.);
#4961 = FACE_BOUND('',#4962,.T.);
#4962 = EDGE_LOOP('',(#4963,#4964,#4970,#4971));
#4963 = ORIENTED_EDGE('',*,*,#4465,.T.);
#4964 = ORIENTED_EDGE('',*,*,#4965,.T.);
#4965 = EDGE_CURVE('',#4458,#4941,#4966,.T.);
#4966 = LINE('',#4967,#4968);
#4967 = CARTESIAN_POINT('',(-29.9,-1.160255084405E+03,137.94954479362));
#4968 = VECTOR('',#4969,1.);
#4969 = DIRECTION('',(0.,-0.235126529752,-0.971964770456));
#4970 = ORIENTED_EDGE('',*,*,#4940,.F.);
#4971 = ORIENTED_EDGE('',*,*,#3946,.F.);
#4972 = PLANE('',#4973);
#4973 = AXIS2_PLACEMENT_3D('',#4974,#4975,#4976);
#4974 = CARTESIAN_POINT('',(-39.9,-1.160255084405E+03,137.94954479362));
#4975 = DIRECTION('',(0.,0.971964770456,-0.235126529752));
#4976 = DIRECTION('',(0.,-0.235126529752,-0.971964770456));
#4977 = ADVANCED_FACE('',(#4978),#4986,.F.);
#4978 = FACE_BOUND('',#4979,.F.);
#4979 = EDGE_LOOP('',(#4980,#4981,#4982,#4983,#4984,#4985));
#4980 = ORIENTED_EDGE('',*,*,#4481,.F.);
#4981 = ORIENTED_EDGE('',*,*,#4457,.T.);
#4982 = ORIENTED_EDGE('',*,*,#4965,.T.);
#4983 = ORIENTED_EDGE('',*,*,#4948,.T.);
#4984 = ORIENTED_EDGE('',*,*,#4925,.T.);
#4985 = ORIENTED_EDGE('',*,*,#4144,.F.);
#4986 = PLANE('',#4987);
#4987 = AXIS2_PLACEMENT_3D('',#4988,#4989,#4990);
#4988 = CARTESIAN_POINT('',(-29.9,-1.163860253502E+03,132.80086049584));
#4989 = DIRECTION('',(-1.,-0.,-0.));
#4990 = DIRECTION('',(0.,-1.,0.));
#4991 = ADVANCED_FACE('',(#4992),#5019,.T.);
#4992 = FACE_BOUND('',#4993,.T.);
#4993 = EDGE_LOOP('',(#4994,#4995,#4996,#5004,#5012,#5018));
#4994 = ORIENTED_EDGE('',*,*,#4488,.F.);
#4995 = ORIENTED_EDGE('',*,*,#4519,.T.);
#4996 = ORIENTED_EDGE('',*,*,#4997,.T.);
#4997 = EDGE_CURVE('',#4512,#4998,#5000,.T.);
#4998 = VERTEX_POINT('',#4999);
#4999 = CARTESIAN_POINT('',(-19.9,-1.163662554812E+03,123.86376214781));
#5000 = LINE('',#5001,#5002);
#5001 = CARTESIAN_POINT('',(-19.9,-1.160255084405E+03,137.94954479362));
#5002 = VECTOR('',#5003,1.);
#5003 = DIRECTION('',(0.,-0.235126529752,-0.971964770456));
#5004 = ORIENTED_EDGE('',*,*,#5005,.T.);
#5005 = EDGE_CURVE('',#4998,#5006,#5008,.T.);
#5006 = VERTEX_POINT('',#5007);
#5007 = CARTESIAN_POINT('',(-19.9,-1.167855516655E+03,138.15219926067));
#5008 = LINE('',#5009,#5010);
#5009 = CARTESIAN_POINT('',(-19.9,-1.163662554812E+03,123.86376214781));
#5010 = VECTOR('',#5011,1.);
#5011 = DIRECTION('',(0.,-0.281577878158,0.959538377832));
#5012 = ORIENTED_EDGE('',*,*,#5013,.T.);
#5013 = EDGE_CURVE('',#5006,#4121,#5014,.T.);
#5014 = LINE('',#5015,#5016);
#5015 = CARTESIAN_POINT('',(-19.9,-1.167855516655E+03,138.15219926067));
#5016 = VECTOR('',#5017,1.);
#5017 = DIRECTION('',(0.,0.959538377832,0.281577878158));
#5018 = ORIENTED_EDGE('',*,*,#4128,.F.);
#5019 = PLANE('',#5020);
#5020 = AXIS2_PLACEMENT_3D('',#5021,#5022,#5023);
#5021 = CARTESIAN_POINT('',(-19.9,-1.163860253502E+03,132.80086049584));
#5022 = DIRECTION('',(-1.,-0.,-0.));
#5023 = DIRECTION('',(0.,-1.,0.));
#5024 = ADVANCED_FACE('',(#5025),#5043,.T.);
#5025 = FACE_BOUND('',#5026,.T.);
#5026 = EDGE_LOOP('',(#5027,#5028,#5036,#5042));
#5027 = ORIENTED_EDGE('',*,*,#5013,.F.);
#5028 = ORIENTED_EDGE('',*,*,#5029,.T.);
#5029 = EDGE_CURVE('',#5006,#5030,#5032,.T.);
#5030 = VERTEX_POINT('',#5031);
#5031 = CARTESIAN_POINT('',(-9.9,-1.167855516655E+03,138.15219926067));
#5032 = LINE('',#5033,#5034);
#5033 = CARTESIAN_POINT('',(-19.9,-1.167855516655E+03,138.15219926067));
#5034 = VECTOR('',#5035,1.);
#5035 = DIRECTION('',(1.,0.,0.));
#5036 = ORIENTED_EDGE('',*,*,#5037,.T.);
#5037 = EDGE_CURVE('',#5030,#4113,#5038,.T.);
#5038 = LINE('',#5039,#5040);
#5039 = CARTESIAN_POINT('',(-9.9,-1.167855516655E+03,138.15219926067));
#5040 = VECTOR('',#5041,1.);
#5041 = DIRECTION('',(0.,0.959538377832,0.281577878158));
#5042 = ORIENTED_EDGE('',*,*,#4120,.F.);
#5043 = PLANE('',#5044);
#5044 = AXIS2_PLACEMENT_3D('',#5045,#5046,#5047);
#5045 = CARTESIAN_POINT('',(-19.9,-1.167855516655E+03,138.15219926067));
#5046 = DIRECTION('',(0.,-0.281577878158,0.959538377832));
#5047 = DIRECTION('',(0.,0.959538377832,0.281577878158));
#5048 = ADVANCED_FACE('',(#5049),#5069,.F.);
#5049 = FACE_BOUND('',#5050,.F.);
#5050 = EDGE_LOOP('',(#5051,#5052,#5053,#5061,#5067,#5068));
#5051 = ORIENTED_EDGE('',*,*,#4534,.F.);
#5052 = ORIENTED_EDGE('',*,*,#4503,.T.);
#5053 = ORIENTED_EDGE('',*,*,#5054,.T.);
#5054 = EDGE_CURVE('',#4504,#5055,#5057,.T.);
#5055 = VERTEX_POINT('',#5056);
#5056 = CARTESIAN_POINT('',(-9.9,-1.163662554812E+03,123.86376214781));
#5057 = LINE('',#5058,#5059);
#5058 = CARTESIAN_POINT('',(-9.9,-1.160255084405E+03,137.94954479362));
#5059 = VECTOR('',#5060,1.);
#5060 = DIRECTION('',(0.,-0.235126529752,-0.971964770456));
#5061 = ORIENTED_EDGE('',*,*,#5062,.T.);
#5062 = EDGE_CURVE('',#5055,#5030,#5063,.T.);
#5063 = LINE('',#5064,#5065);
#5064 = CARTESIAN_POINT('',(-9.9,-1.163662554812E+03,123.86376214781));
#5065 = VECTOR('',#5066,1.);
#5066 = DIRECTION('',(0.,-0.281577878158,0.959538377832));
#5067 = ORIENTED_EDGE('',*,*,#5037,.T.);
#5068 = ORIENTED_EDGE('',*,*,#4112,.F.);
#5069 = PLANE('',#5070);
#5070 = AXIS2_PLACEMENT_3D('',#5071,#5072,#5073);
#5071 = CARTESIAN_POINT('',(-9.9,-1.163860253502E+03,132.80086049584));
#5072 = DIRECTION('',(-1.,-0.,-0.));
#5073 = DIRECTION('',(0.,-1.,0.));
#5074 = ADVANCED_FACE('',(#5075),#5102,.T.);
#5075 = FACE_BOUND('',#5076,.T.);
#5076 = EDGE_LOOP('',(#5077,#5078,#5079,#5087,#5095,#5101));
#5077 = ORIENTED_EDGE('',*,*,#4541,.F.);
#5078 = ORIENTED_EDGE('',*,*,#4572,.T.);
#5079 = ORIENTED_EDGE('',*,*,#5080,.T.);
#5080 = EDGE_CURVE('',#4565,#5081,#5083,.T.);
#5081 = VERTEX_POINT('',#5082);
#5082 = CARTESIAN_POINT('',(0.1,-1.163662554812E+03,123.86376214781));
#5083 = LINE('',#5084,#5085);
#5084 = CARTESIAN_POINT('',(0.1,-1.160255084405E+03,137.94954479362));
#5085 = VECTOR('',#5086,1.);
#5086 = DIRECTION('',(0.,-0.235126529752,-0.971964770456));
#5087 = ORIENTED_EDGE('',*,*,#5088,.T.);
#5088 = EDGE_CURVE('',#5081,#5089,#5091,.T.);
#5089 = VERTEX_POINT('',#5090);
#5090 = CARTESIAN_POINT('',(0.1,-1.167855516655E+03,138.15219926067));
#5091 = LINE('',#5092,#5093);
#5092 = CARTESIAN_POINT('',(0.1,-1.163662554812E+03,123.86376214781));
#5093 = VECTOR('',#5094,1.);
#5094 = DIRECTION('',(0.,-0.281577878158,0.959538377832));
#5095 = ORIENTED_EDGE('',*,*,#5096,.T.);
#5096 = EDGE_CURVE('',#5089,#4089,#5097,.T.);
#5097 = LINE('',#5098,#5099);
#5098 = CARTESIAN_POINT('',(0.1,-1.167855516655E+03,138.15219926067));
#5099 = VECTOR('',#5100,1.);
#5100 = DIRECTION('',(0.,0.959538377832,0.281577878158));
#5101 = ORIENTED_EDGE('',*,*,#4096,.F.);
#5102 = PLANE('',#5103);
#5103 = AXIS2_PLACEMENT_3D('',#5104,#5105,#5106);
#5104 = CARTESIAN_POINT('',(0.1,-1.163860253502E+03,132.80086049584));
#5105 = DIRECTION('',(-1.,-0.,-0.));
#5106 = DIRECTION('',(0.,-1.,0.));
#5107 = ADVANCED_FACE('',(#5108),#5126,.T.);
#5108 = FACE_BOUND('',#5109,.T.);
#5109 = EDGE_LOOP('',(#5110,#5111,#5119,#5125));
#5110 = ORIENTED_EDGE('',*,*,#5096,.F.);
#5111 = ORIENTED_EDGE('',*,*,#5112,.T.);
#5112 = EDGE_CURVE('',#5089,#5113,#5115,.T.);
#5113 = VERTEX_POINT('',#5114);
#5114 = CARTESIAN_POINT('',(10.1,-1.167855516655E+03,138.15219926067));
#5115 = LINE('',#5116,#5117);
#5116 = CARTESIAN_POINT('',(0.1,-1.167855516655E+03,138.15219926067));
#5117 = VECTOR('',#5118,1.);
#5118 = DIRECTION('',(1.,0.,0.));
#5119 = ORIENTED_EDGE('',*,*,#5120,.T.);
#5120 = EDGE_CURVE('',#5113,#4081,#5121,.T.);
#5121 = LINE('',#5122,#5123);
#5122 = CARTESIAN_POINT('',(10.1,-1.167855516655E+03,138.15219926067));
#5123 = VECTOR('',#5124,1.);
#5124 = DIRECTION('',(0.,0.959538377832,0.281577878158));
#5125 = ORIENTED_EDGE('',*,*,#4088,.F.);
#5126 = PLANE('',#5127);
#5127 = AXIS2_PLACEMENT_3D('',#5128,#5129,#5130);
#5128 = CARTESIAN_POINT('',(0.1,-1.167855516655E+03,138.15219926067));
#5129 = DIRECTION('',(0.,-0.281577878158,0.959538377832));
#5130 = DIRECTION('',(0.,0.959538377832,0.281577878158));
#5131 = ADVANCED_FACE('',(#5132),#5152,.F.);
#5132 = FACE_BOUND('',#5133,.F.);
#5133 = EDGE_LOOP('',(#5134,#5135,#5136,#5144,#5150,#5151));
#5134 = ORIENTED_EDGE('',*,*,#4587,.F.);
#5135 = ORIENTED_EDGE('',*,*,#4556,.T.);
#5136 = ORIENTED_EDGE('',*,*,#5137,.T.);
#5137 = EDGE_CURVE('',#4557,#5138,#5140,.T.);
#5138 = VERTEX_POINT('',#5139);
#5139 = CARTESIAN_POINT('',(10.1,-1.163662554812E+03,123.86376214781));
#5140 = LINE('',#5141,#5142);
#5141 = CARTESIAN_POINT('',(10.1,-1.160255084405E+03,137.94954479362));
#5142 = VECTOR('',#5143,1.);
#5143 = DIRECTION('',(0.,-0.235126529752,-0.971964770456));
#5144 = ORIENTED_EDGE('',*,*,#5145,.T.);
#5145 = EDGE_CURVE('',#5138,#5113,#5146,.T.);
#5146 = LINE('',#5147,#5148);
#5147 = CARTESIAN_POINT('',(10.1,-1.163662554812E+03,123.86376214781));
#5148 = VECTOR('',#5149,1.);
#5149 = DIRECTION('',(0.,-0.281577878158,0.959538377832));
#5150 = ORIENTED_EDGE('',*,*,#5120,.T.);
#5151 = ORIENTED_EDGE('',*,*,#4080,.F.);
#5152 = PLANE('',#5153);
#5153 = AXIS2_PLACEMENT_3D('',#5154,#5155,#5156);
#5154 = CARTESIAN_POINT('',(10.1,-1.163860253502E+03,132.80086049584));
#5155 = DIRECTION('',(-1.,-0.,-0.));
#5156 = DIRECTION('',(0.,-1.,0.));
#5157 = ADVANCED_FACE('',(#5158),#5185,.T.);
#5158 = FACE_BOUND('',#5159,.T.);
#5159 = EDGE_LOOP('',(#5160,#5161,#5162,#5170,#5178,#5184));
#5160 = ORIENTED_EDGE('',*,*,#4594,.F.);
#5161 = ORIENTED_EDGE('',*,*,#4625,.T.);
#5162 = ORIENTED_EDGE('',*,*,#5163,.T.);
#5163 = EDGE_CURVE('',#4618,#5164,#5166,.T.);
#5164 = VERTEX_POINT('',#5165);
#5165 = CARTESIAN_POINT('',(20.1,-1.163662554812E+03,123.86376214781));
#5166 = LINE('',#5167,#5168);
#5167 = CARTESIAN_POINT('',(20.1,-1.160255084405E+03,137.94954479362));
#5168 = VECTOR('',#5169,1.);
#5169 = DIRECTION('',(0.,-0.235126529752,-0.971964770456));
#5170 = ORIENTED_EDGE('',*,*,#5171,.T.);
#5171 = EDGE_CURVE('',#5164,#5172,#5174,.T.);
#5172 = VERTEX_POINT('',#5173);
#5173 = CARTESIAN_POINT('',(20.1,-1.167855516655E+03,138.15219926067));
#5174 = LINE('',#5175,#5176);
#5175 = CARTESIAN_POINT('',(20.1,-1.163662554812E+03,123.86376214781));
#5176 = VECTOR('',#5177,1.);
#5177 = DIRECTION('',(0.,-0.281577878158,0.959538377832));
#5178 = ORIENTED_EDGE('',*,*,#5179,.T.);
#5179 = EDGE_CURVE('',#5172,#4057,#5180,.T.);
#5180 = LINE('',#5181,#5182);
#5181 = CARTESIAN_POINT('',(20.1,-1.167855516655E+03,138.15219926067));
#5182 = VECTOR('',#5183,1.);
#5183 = DIRECTION('',(0.,0.959538377832,0.281577878158));
#5184 = ORIENTED_EDGE('',*,*,#4064,.F.);
#5185 = PLANE('',#5186);
#5186 = AXIS2_PLACEMENT_3D('',#5187,#5188,#5189);
#5187 = CARTESIAN_POINT('',(20.1,-1.163860253502E+03,132.80086049584));
#5188 = DIRECTION('',(-1.,-0.,-0.));
#5189 = DIRECTION('',(0.,-1.,0.));
#5190 = ADVANCED_FACE('',(#5191),#5209,.T.);
#5191 = FACE_BOUND('',#5192,.T.);
#5192 = EDGE_LOOP('',(#5193,#5194,#5202,#5208));
#5193 = ORIENTED_EDGE('',*,*,#5179,.F.);
#5194 = ORIENTED_EDGE('',*,*,#5195,.T.);
#5195 = EDGE_CURVE('',#5172,#5196,#5198,.T.);
#5196 = VERTEX_POINT('',#5197);
#5197 = CARTESIAN_POINT('',(30.1,-1.167855516655E+03,138.15219926067));
#5198 = LINE('',#5199,#5200);
#5199 = CARTESIAN_POINT('',(20.1,-1.167855516655E+03,138.15219926067));
#5200 = VECTOR('',#5201,1.);
#5201 = DIRECTION('',(1.,0.,0.));
#5202 = ORIENTED_EDGE('',*,*,#5203,.T.);
#5203 = EDGE_CURVE('',#5196,#4049,#5204,.T.);
#5204 = LINE('',#5205,#5206);
#5205 = CARTESIAN_POINT('',(30.1,-1.167855516655E+03,138.15219926067));
#5206 = VECTOR('',#5207,1.);
#5207 = DIRECTION('',(0.,0.959538377832,0.281577878158));
#5208 = ORIENTED_EDGE('',*,*,#4056,.F.);
#5209 = PLANE('',#5210);
#5210 = AXIS2_PLACEMENT_3D('',#5211,#5212,#5213);
#5211 = CARTESIAN_POINT('',(20.1,-1.167855516655E+03,138.15219926067));
#5212 = DIRECTION('',(0.,-0.281577878158,0.959538377832));
#5213 = DIRECTION('',(0.,0.959538377832,0.281577878158));
#5214 = ADVANCED_FACE('',(#5215),#5235,.F.);
#5215 = FACE_BOUND('',#5216,.F.);
#5216 = EDGE_LOOP('',(#5217,#5218,#5219,#5227,#5233,#5234));
#5217 = ORIENTED_EDGE('',*,*,#4640,.F.);
#5218 = ORIENTED_EDGE('',*,*,#4609,.T.);
#5219 = ORIENTED_EDGE('',*,*,#5220,.T.);
#5220 = EDGE_CURVE('',#4610,#5221,#5223,.T.);
#5221 = VERTEX_POINT('',#5222);
#5222 = CARTESIAN_POINT('',(30.1,-1.163662554812E+03,123.86376214781));
#5223 = LINE('',#5224,#5225);
#5224 = CARTESIAN_POINT('',(30.1,-1.160255084405E+03,137.94954479362));
#5225 = VECTOR('',#5226,1.);
#5226 = DIRECTION('',(0.,-0.235126529752,-0.971964770456));
#5227 = ORIENTED_EDGE('',*,*,#5228,.T.);
#5228 = EDGE_CURVE('',#5221,#5196,#5229,.T.);
#5229 = LINE('',#5230,#5231);
#5230 = CARTESIAN_POINT('',(30.1,-1.163662554812E+03,123.86376214781));
#5231 = VECTOR('',#5232,1.);
#5232 = DIRECTION('',(0.,-0.281577878158,0.959538377832));
#5233 = ORIENTED_EDGE('',*,*,#5203,.T.);
#5234 = ORIENTED_EDGE('',*,*,#4048,.F.);
#5235 = PLANE('',#5236);
#5236 = AXIS2_PLACEMENT_3D('',#5237,#5238,#5239);
#5237 = CARTESIAN_POINT('',(30.1,-1.163860253502E+03,132.80086049584));
#5238 = DIRECTION('',(-1.,-0.,-0.));
#5239 = DIRECTION('',(0.,-1.,0.));
#5240 = ADVANCED_FACE('',(#5241),#5268,.T.);
#5241 = FACE_BOUND('',#5242,.T.);
#5242 = EDGE_LOOP('',(#5243,#5244,#5245,#5253,#5261,#5267));
#5243 = ORIENTED_EDGE('',*,*,#4647,.F.);
#5244 = ORIENTED_EDGE('',*,*,#4678,.T.);
#5245 = ORIENTED_EDGE('',*,*,#5246,.T.);
#5246 = EDGE_CURVE('',#4671,#5247,#5249,.T.);
#5247 = VERTEX_POINT('',#5248);
#5248 = CARTESIAN_POINT('',(40.1,-1.163662554812E+03,123.86376214781));
#5249 = LINE('',#5250,#5251);
#5250 = CARTESIAN_POINT('',(40.1,-1.160255084405E+03,137.94954479362));
#5251 = VECTOR('',#5252,1.);
#5252 = DIRECTION('',(0.,-0.235126529752,-0.971964770456));
#5253 = ORIENTED_EDGE('',*,*,#5254,.T.);
#5254 = EDGE_CURVE('',#5247,#5255,#5257,.T.);
#5255 = VERTEX_POINT('',#5256);
#5256 = CARTESIAN_POINT('',(40.1,-1.167855516655E+03,138.15219926067));
#5257 = LINE('',#5258,#5259);
#5258 = CARTESIAN_POINT('',(40.1,-1.163662554812E+03,123.86376214781));
#5259 = VECTOR('',#5260,1.);
#5260 = DIRECTION('',(0.,-0.281577878158,0.959538377832));
#5261 = ORIENTED_EDGE('',*,*,#5262,.T.);
#5262 = EDGE_CURVE('',#5255,#4025,#5263,.T.);
#5263 = LINE('',#5264,#5265);
#5264 = CARTESIAN_POINT('',(40.1,-1.167855516655E+03,138.15219926067));
#5265 = VECTOR('',#5266,1.);
#5266 = DIRECTION('',(0.,0.959538377832,0.281577878158));
#5267 = ORIENTED_EDGE('',*,*,#4032,.F.);
#5268 = PLANE('',#5269);
#5269 = AXIS2_PLACEMENT_3D('',#5270,#5271,#5272);
#5270 = CARTESIAN_POINT('',(40.1,-1.163860253502E+03,132.80086049584));
#5271 = DIRECTION('',(-1.,-0.,-0.));
#5272 = DIRECTION('',(0.,-1.,0.));
#5273 = ADVANCED_FACE('',(#5274),#5292,.T.);
#5274 = FACE_BOUND('',#5275,.T.);
#5275 = EDGE_LOOP('',(#5276,#5277,#5285,#5291));
#5276 = ORIENTED_EDGE('',*,*,#5262,.F.);
#5277 = ORIENTED_EDGE('',*,*,#5278,.T.);
#5278 = EDGE_CURVE('',#5255,#5279,#5281,.T.);
#5279 = VERTEX_POINT('',#5280);
#5280 = CARTESIAN_POINT('',(50.1,-1.167855516655E+03,138.15219926067));
#5281 = LINE('',#5282,#5283);
#5282 = CARTESIAN_POINT('',(40.1,-1.167855516655E+03,138.15219926067));
#5283 = VECTOR('',#5284,1.);
#5284 = DIRECTION('',(1.,0.,0.));
#5285 = ORIENTED_EDGE('',*,*,#5286,.T.);
#5286 = EDGE_CURVE('',#5279,#4017,#5287,.T.);
#5287 = LINE('',#5288,#5289);
#5288 = CARTESIAN_POINT('',(50.1,-1.167855516655E+03,138.15219926067));
#5289 = VECTOR('',#5290,1.);
#5290 = DIRECTION('',(0.,0.959538377832,0.281577878158));
#5291 = ORIENTED_EDGE('',*,*,#4024,.F.);
#5292 = PLANE('',#5293);
#5293 = AXIS2_PLACEMENT_3D('',#5294,#5295,#5296);
#5294 = CARTESIAN_POINT('',(40.1,-1.167855516655E+03,138.15219926067));
#5295 = DIRECTION('',(0.,-0.281577878158,0.959538377832));
#5296 = DIRECTION('',(0.,0.959538377832,0.281577878158));
#5297 = ADVANCED_FACE('',(#5298),#5318,.F.);
#5298 = FACE_BOUND('',#5299,.F.);
#5299 = EDGE_LOOP('',(#5300,#5301,#5302,#5310,#5316,#5317));
#5300 = ORIENTED_EDGE('',*,*,#4693,.F.);
#5301 = ORIENTED_EDGE('',*,*,#4662,.T.);
#5302 = ORIENTED_EDGE('',*,*,#5303,.T.);
#5303 = EDGE_CURVE('',#4663,#5304,#5306,.T.);
#5304 = VERTEX_POINT('',#5305);
#5305 = CARTESIAN_POINT('',(50.1,-1.163662554812E+03,123.86376214781));
#5306 = LINE('',#5307,#5308);
#5307 = CARTESIAN_POINT('',(50.1,-1.160255084405E+03,137.94954479362));
#5308 = VECTOR('',#5309,1.);
#5309 = DIRECTION('',(0.,-0.235126529752,-0.971964770456));
#5310 = ORIENTED_EDGE('',*,*,#5311,.T.);
#5311 = EDGE_CURVE('',#5304,#5279,#5312,.T.);
#5312 = LINE('',#5313,#5314);
#5313 = CARTESIAN_POINT('',(50.1,-1.163662554812E+03,123.86376214781));
#5314 = VECTOR('',#5315,1.);
#5315 = DIRECTION('',(0.,-0.281577878158,0.959538377832));
#5316 = ORIENTED_EDGE('',*,*,#5286,.T.);
#5317 = ORIENTED_EDGE('',*,*,#4016,.F.);
#5318 = PLANE('',#5319);
#5319 = AXIS2_PLACEMENT_3D('',#5320,#5321,#5322);
#5320 = CARTESIAN_POINT('',(50.1,-1.163860253502E+03,132.80086049584));
#5321 = DIRECTION('',(-1.,-0.,-0.));
#5322 = DIRECTION('',(0.,-1.,0.));
#5323 = ADVANCED_FACE('',(#5324),#5343,.T.);
#5324 = FACE_BOUND('',#5325,.F.);
#5325 = EDGE_LOOP('',(#5326,#5334,#5335,#5336));
#5326 = ORIENTED_EDGE('',*,*,#5327,.T.);
#5327 = EDGE_CURVE('',#5328,#4701,#5330,.T.);
#5328 = VERTEX_POINT('',#5329);
#5329 = CARTESIAN_POINT('',(56.6,-1.186635384657E+03,214.02422421171));
#5330 = LINE('',#5331,#5332);
#5331 = CARTESIAN_POINT('',(56.6,-1.186635384657E+03,214.02422421171));
#5332 = VECTOR('',#5333,1.);
#5333 = DIRECTION('',(0.,0.281577578828,-0.95953846567));
#5334 = ORIENTED_EDGE('',*,*,#4700,.F.);
#5335 = ORIENTED_EDGE('',*,*,#4000,.F.);
#5336 = ORIENTED_EDGE('',*,*,#5337,.T.);
#5337 = EDGE_CURVE('',#3993,#5328,#5338,.T.);
#5338 = CIRCLE('',#5339,1.5);
#5339 = AXIS2_PLACEMENT_3D('',#5340,#5341,#5342);
#5340 = CARTESIAN_POINT('',(55.1,-1.186635384657E+03,214.02422421171));
#5341 = DIRECTION('',(0.,-0.281577578828,0.95953846567));
#5342 = DIRECTION('',(-0.,-0.95953846567,-0.281577578828));
#5343 = CYLINDRICAL_SURFACE('',#5344,1.5);
#5344 = AXIS2_PLACEMENT_3D('',#5345,#5346,#5347);
#5345 = CARTESIAN_POINT('',(55.1,-1.186635384657E+03,214.02422421171));
#5346 = DIRECTION('',(-5.E-16,0.281577578828,-0.95953846567));
#5347 = DIRECTION('',(-1.,-1.79530598053E-16,4.684004080656E-16));
#5348 = ADVANCED_FACE('',(#5349),#5376,.T.);
#5349 = FACE_BOUND('',#5350,.F.);
#5350 = EDGE_LOOP('',(#5351,#5361,#5368,#5369));
#5351 = ORIENTED_EDGE('',*,*,#5352,.T.);
#5352 = EDGE_CURVE('',#5353,#5355,#5357,.T.);
#5353 = VERTEX_POINT('',#5354);
#5354 = CARTESIAN_POINT('',(-44.9,-1.181801569624E+03,227.3079250436));
#5355 = VERTEX_POINT('',#5356);
#5356 = CARTESIAN_POINT('',(55.1,-1.181801569624E+03,227.3079250436));
#5357 = LINE('',#5358,#5359);
#5358 = CARTESIAN_POINT('',(-44.9,-1.181801569624E+03,227.3079250436));
#5359 = VECTOR('',#5360,1.);
#5360 = DIRECTION('',(1.,0.,0.));
#5361 = ORIENTED_EDGE('',*,*,#5362,.T.);
#5362 = EDGE_CURVE('',#5355,#3993,#5363,.T.);
#5363 = CIRCLE('',#5364,11.5);
#5364 = AXIS2_PLACEMENT_3D('',#5365,#5366,#5367);
#5365 = CARTESIAN_POINT('',(55.1,-1.17704E+03,216.84));
#5366 = DIRECTION('',(1.,0.,0.));
#5367 = DIRECTION('',(0.,1.,0.));
#5368 = ORIENTED_EDGE('',*,*,#3992,.F.);
#5369 = ORIENTED_EDGE('',*,*,#5370,.F.);
#5370 = EDGE_CURVE('',#5353,#3985,#5371,.T.);
#5371 = CIRCLE('',#5372,11.5);
#5372 = AXIS2_PLACEMENT_3D('',#5373,#5374,#5375);
#5373 = CARTESIAN_POINT('',(-44.9,-1.17704E+03,216.84));
#5374 = DIRECTION('',(1.,0.,0.));
#5375 = DIRECTION('',(0.,1.,0.));
#5376 = CYLINDRICAL_SURFACE('',#5377,11.5);
#5377 = AXIS2_PLACEMENT_3D('',#5378,#5379,#5380);
#5378 = CARTESIAN_POINT('',(-44.9,-1.17704E+03,216.84));
#5379 = DIRECTION('',(-1.,-0.,-0.));
#5380 = DIRECTION('',(0.,1.,0.));
#5381 = ADVANCED_FACE('',(#5382),#5394,.T.);
#5382 = FACE_BOUND('',#5383,.T.);
#5383 = EDGE_LOOP('',(#5384,#5385,#5392,#5393));
#5384 = ORIENTED_EDGE('',*,*,#5370,.F.);
#5385 = ORIENTED_EDGE('',*,*,#5386,.T.);
#5386 = EDGE_CURVE('',#5353,#4204,#5387,.T.);
#5387 = CIRCLE('',#5388,1.5);
#5388 = AXIS2_PLACEMENT_3D('',#5389,#5390,#5391);
#5389 = CARTESIAN_POINT('',(-44.9,-1.181180495325E+03,225.94254351617));
#5390 = DIRECTION('',(0.,-0.910254351618,-0.414049532497));
#5391 = DIRECTION('',(1.,0.,0.));
#5392 = ORIENTED_EDGE('',*,*,#4211,.T.);
#5393 = ORIENTED_EDGE('',*,*,#4178,.F.);
#5394 = TOROIDAL_SURFACE('',#5395,10.,1.5);
#5395 = AXIS2_PLACEMENT_3D('',#5396,#5397,#5398);
#5396 = CARTESIAN_POINT('',(-44.9,-1.17704E+03,216.84));
#5397 = DIRECTION('',(-1.,-0.,-0.));
#5398 = DIRECTION('',(0.,1.,0.));
#5399 = ADVANCED_FACE('',(#5400),#5427,.T.);
#5400 = FACE_BOUND('',#5401,.T.);
#5401 = EDGE_LOOP('',(#5402,#5412,#5419,#5420));
#5402 = ORIENTED_EDGE('',*,*,#5403,.F.);
#5403 = EDGE_CURVE('',#5404,#5406,#5408,.T.);
#5404 = VERTEX_POINT('',#5405);
#5405 = CARTESIAN_POINT('',(-44.9,-1.110192179364E+03,231.13269858292));
#5406 = VERTEX_POINT('',#5407);
#5407 = CARTESIAN_POINT('',(-44.9,-1.161692179364E+03,236.23269858292));
#5408 = LINE('',#5409,#5410);
#5409 = CARTESIAN_POINT('',(-44.9,-1.110192179364E+03,231.13269858292));
#5410 = VECTOR('',#5411,1.);
#5411 = DIRECTION('',(0.,-0.995132388616,9.85470909115E-02));
#5412 = ORIENTED_EDGE('',*,*,#5413,.T.);
#5413 = EDGE_CURVE('',#5404,#4194,#5414,.T.);
#5414 = CIRCLE('',#5415,1.5);
#5415 = AXIS2_PLACEMENT_3D('',#5416,#5417,#5418);
#5416 = CARTESIAN_POINT('',(-44.9,-1.11034E+03,229.64));
#5417 = DIRECTION('',(-8.3E-16,-0.995132388616,9.85470909115E-02));
#5418 = DIRECTION('',(1.,-8.241165962386E-16,1.004076629285E-16));
#5419 = ORIENTED_EDGE('',*,*,#4193,.T.);
#5420 = ORIENTED_EDGE('',*,*,#5421,.F.);
#5421 = EDGE_CURVE('',#5406,#4196,#5422,.T.);
#5422 = CIRCLE('',#5423,1.5);
#5423 = AXIS2_PLACEMENT_3D('',#5424,#5425,#5426);
#5424 = CARTESIAN_POINT('',(-44.9,-1.16184E+03,234.74));
#5425 = DIRECTION('',(-8.3E-16,-0.995132388616,9.85470909115E-02));
#5426 = DIRECTION('',(1.,-8.241165962386E-16,1.004076629285E-16));
#5427 = CYLINDRICAL_SURFACE('',#5428,1.5);
#5428 = AXIS2_PLACEMENT_3D('',#5429,#5430,#5431);
#5429 = CARTESIAN_POINT('',(-44.9,-1.11034E+03,229.64));
#5430 = DIRECTION('',(-8.3E-16,-0.995132388616,9.85470909115E-02));
#5431 = DIRECTION('',(1.,-8.241165962386E-16,1.004076629285E-16));
#5432 = ADVANCED_FACE('',(#5433),#5452,.T.);
#5433 = FACE_BOUND('',#5434,.T.);
#5434 = EDGE_LOOP('',(#5435,#5443,#5450,#5451));
#5435 = ORIENTED_EDGE('',*,*,#5436,.F.);
#5436 = EDGE_CURVE('',#5437,#5353,#5439,.T.);
#5437 = VERTEX_POINT('',#5438);
#5438 = CARTESIAN_POINT('',(-44.9,-1.162461074299E+03,236.10538152742));
#5439 = LINE('',#5440,#5441);
#5440 = CARTESIAN_POINT('',(-44.9,-1.162461074299E+03,236.10538152742));
#5441 = VECTOR('',#5442,1.);
#5442 = DIRECTION('',(0.,-0.910254351618,-0.414049532497));
#5443 = ORIENTED_EDGE('',*,*,#5444,.T.);
#5444 = EDGE_CURVE('',#5437,#4196,#5445,.T.);
#5445 = CIRCLE('',#5446,1.5);
#5446 = AXIS2_PLACEMENT_3D('',#5447,#5448,#5449);
#5447 = CARTESIAN_POINT('',(-44.9,-1.16184E+03,234.74));
#5448 = DIRECTION('',(0.,-0.910254351618,-0.414049532497));
#5449 = DIRECTION('',(1.,0.,0.));
#5450 = ORIENTED_EDGE('',*,*,#4203,.T.);
#5451 = ORIENTED_EDGE('',*,*,#5386,.F.);
#5452 = CYLINDRICAL_SURFACE('',#5453,1.5);
#5453 = AXIS2_PLACEMENT_3D('',#5454,#5455,#5456);
#5454 = CARTESIAN_POINT('',(-44.9,-1.16184E+03,234.74));
#5455 = DIRECTION('',(0.,-0.910254351618,-0.414049532497));
#5456 = DIRECTION('',(1.,0.,0.));
#5457 = ADVANCED_FACE('',(#5458),#5469,.T.);
#5458 = FACE_BOUND('',#5459,.T.);
#5459 = EDGE_LOOP('',(#5460,#5467,#5468));
#5460 = ORIENTED_EDGE('',*,*,#5461,.F.);
#5461 = EDGE_CURVE('',#4236,#5404,#5462,.T.);
#5462 = CIRCLE('',#5463,1.5);
#5463 = AXIS2_PLACEMENT_3D('',#5464,#5465,#5466);
#5464 = CARTESIAN_POINT('',(-44.9,-1.11034E+03,229.64));
#5465 = DIRECTION('',(1.,-0.,0.));
#5466 = DIRECTION('',(0.,0.29314935841,-0.956066657542));
#5467 = ORIENTED_EDGE('',*,*,#4235,.T.);
#5468 = ORIENTED_EDGE('',*,*,#5413,.F.);
#5469 = SPHERICAL_SURFACE('',#5470,1.5);
#5470 = AXIS2_PLACEMENT_3D('',#5471,#5472,#5473);
#5471 = CARTESIAN_POINT('',(-44.9,-1.11034E+03,229.64));
#5472 = DIRECTION('',(-0.609242933207,0.232462644377,-0.758145215184));
#5473 = DIRECTION('',(0.584952990716,-0.51376326958,-0.627596447953));
#5474 = ADVANCED_FACE('',(#5475),#5486,.T.);
#5475 = FACE_BOUND('',#5476,.T.);
#5476 = EDGE_LOOP('',(#5477,#5478,#5479,#5485));
#5477 = ORIENTED_EDGE('',*,*,#4268,.F.);
#5478 = ORIENTED_EDGE('',*,*,#5461,.T.);
#5479 = ORIENTED_EDGE('',*,*,#5480,.T.);
#5480 = EDGE_CURVE('',#5404,#4320,#5481,.T.);
#5481 = LINE('',#5482,#5483);
#5482 = CARTESIAN_POINT('',(-44.9,-1.110192179364E+03,231.13269858292));
#5483 = VECTOR('',#5484,1.);
#5484 = DIRECTION('',(1.,0.,0.));
#5485 = ORIENTED_EDGE('',*,*,#4327,.F.);
#5486 = CYLINDRICAL_SURFACE('',#5487,1.5);
#5487 = AXIS2_PLACEMENT_3D('',#5488,#5489,#5490);
#5488 = CARTESIAN_POINT('',(-44.9,-1.11034E+03,229.64));
#5489 = DIRECTION('',(1.,0.,0.));
#5490 = DIRECTION('',(0.,0.29314935841,-0.956066657542));
#5491 = ADVANCED_FACE('',(#5492),#5558,.F.);
#5492 = FACE_BOUND('',#5493,.F.);
#5493 = EDGE_LOOP('',(#5494,#5495,#5496,#5497,#5503,#5504,#5512,#5520,
    #5528,#5536,#5544,#5552));
#5494 = ORIENTED_EDGE('',*,*,#5403,.F.);
#5495 = ORIENTED_EDGE('',*,*,#5480,.T.);
#5496 = ORIENTED_EDGE('',*,*,#4319,.T.);
#5497 = ORIENTED_EDGE('',*,*,#5498,.F.);
#5498 = EDGE_CURVE('',#4810,#4312,#5499,.T.);
#5499 = LINE('',#5500,#5501);
#5500 = CARTESIAN_POINT('',(-27.4,-1.156973095081E+03,235.76537178991));
#5501 = VECTOR('',#5502,1.);
#5502 = DIRECTION('',(-1.,0.,0.));
#5503 = ORIENTED_EDGE('',*,*,#4817,.F.);
#5504 = ORIENTED_EDGE('',*,*,#5505,.T.);
#5505 = EDGE_CURVE('',#4818,#5506,#5508,.T.);
#5506 = VERTEX_POINT('',#5507);
#5507 = CARTESIAN_POINT('',(20.1,-1.110192179364E+03,231.13269858292));
#5508 = LINE('',#5509,#5510);
#5509 = CARTESIAN_POINT('',(-44.9,-1.110192179364E+03,231.13269858292));
#5510 = VECTOR('',#5511,1.);
#5511 = DIRECTION('',(1.,0.,0.));
#5512 = ORIENTED_EDGE('',*,*,#5513,.T.);
#5513 = EDGE_CURVE('',#5506,#5514,#5516,.T.);
#5514 = VERTEX_POINT('',#5515);
#5515 = CARTESIAN_POINT('',(20.1,-1.156973095081E+03,235.76537178991));
#5516 = LINE('',#5517,#5518);
#5517 = CARTESIAN_POINT('',(20.1,-1.111788015875E+03,231.29073287826));
#5518 = VECTOR('',#5519,1.);
#5519 = DIRECTION('',(0.,-0.995132388616,9.85470909115E-02));
#5520 = ORIENTED_EDGE('',*,*,#5521,.T.);
#5521 = EDGE_CURVE('',#5514,#5522,#5524,.T.);
#5522 = VERTEX_POINT('',#5523);
#5523 = CARTESIAN_POINT('',(24.1,-1.156973095081E+03,235.76537178991));
#5524 = LINE('',#5525,#5526);
#5525 = CARTESIAN_POINT('',(-12.4,-1.156973095081E+03,235.76537178991));
#5526 = VECTOR('',#5527,1.);
#5527 = DIRECTION('',(1.,0.,0.));
#5528 = ORIENTED_EDGE('',*,*,#5529,.F.);
#5529 = EDGE_CURVE('',#5530,#5522,#5532,.T.);
#5530 = VERTEX_POINT('',#5531);
#5531 = CARTESIAN_POINT('',(24.1,-1.110192179364E+03,231.13269858292));
#5532 = LINE('',#5533,#5534);
#5533 = CARTESIAN_POINT('',(24.1,-1.111788015875E+03,231.29073287826));
#5534 = VECTOR('',#5535,1.);
#5535 = DIRECTION('',(0.,-0.995132388616,9.85470909115E-02));
#5536 = ORIENTED_EDGE('',*,*,#5537,.T.);
#5537 = EDGE_CURVE('',#5530,#5538,#5540,.T.);
#5538 = VERTEX_POINT('',#5539);
#5539 = CARTESIAN_POINT('',(55.1,-1.110192179364E+03,231.13269858292));
#5540 = LINE('',#5541,#5542);
#5541 = CARTESIAN_POINT('',(-44.9,-1.110192179364E+03,231.13269858292));
#5542 = VECTOR('',#5543,1.);
#5543 = DIRECTION('',(1.,0.,0.));
#5544 = ORIENTED_EDGE('',*,*,#5545,.T.);
#5545 = EDGE_CURVE('',#5538,#5546,#5548,.T.);
#5546 = VERTEX_POINT('',#5547);
#5547 = CARTESIAN_POINT('',(55.1,-1.161692179364E+03,236.23269858292));
#5548 = LINE('',#5549,#5550);
#5549 = CARTESIAN_POINT('',(55.1,-1.110192179364E+03,231.13269858292));
#5550 = VECTOR('',#5551,1.);
#5551 = DIRECTION('',(0.,-0.995132388616,9.85470909115E-02));
#5552 = ORIENTED_EDGE('',*,*,#5553,.F.);
#5553 = EDGE_CURVE('',#5406,#5546,#5554,.T.);
#5554 = LINE('',#5555,#5556);
#5555 = CARTESIAN_POINT('',(-44.9,-1.161692179364E+03,236.23269858292));
#5556 = VECTOR('',#5557,1.);
#5557 = DIRECTION('',(1.,0.,0.));
#5558 = PLANE('',#5559);
#5559 = AXIS2_PLACEMENT_3D('',#5560,#5561,#5562);
#5560 = CARTESIAN_POINT('',(-44.9,-1.110192179364E+03,231.13269858292));
#5561 = DIRECTION('',(0.,-9.85470909115E-02,-0.995132388616));
#5562 = DIRECTION('',(0.,-0.995132388616,9.85470909115E-02));
#5563 = ADVANCED_FACE('',(#5564),#5575,.T.);
#5564 = FACE_BOUND('',#5565,.T.);
#5565 = EDGE_LOOP('',(#5566,#5567,#5573,#5574));
#5566 = ORIENTED_EDGE('',*,*,#4809,.F.);
#5567 = ORIENTED_EDGE('',*,*,#5568,.T.);
#5568 = EDGE_CURVE('',#4801,#4303,#5569,.T.);
#5569 = LINE('',#5570,#5571);
#5570 = CARTESIAN_POINT('',(-9.9,-1.099423892855E+03,247.88998270397));
#5571 = VECTOR('',#5572,1.);
#5572 = DIRECTION('',(-1.,-0.,-0.));
#5573 = ORIENTED_EDGE('',*,*,#4311,.T.);
#5574 = ORIENTED_EDGE('',*,*,#5498,.F.);
#5575 = PLANE('',#5576);
#5576 = AXIS2_PLACEMENT_3D('',#5577,#5578,#5579);
#5577 = CARTESIAN_POINT('',(-9.9,-1.099423892855E+03,247.88998270397));
#5578 = DIRECTION('',(0.,-0.206156840008,0.978518961144));
#5579 = DIRECTION('',(0.,-0.978518961144,-0.206156840008));
#5580 = ADVANCED_FACE('',(#5581),#5592,.T.);
#5581 = FACE_BOUND('',#5582,.T.);
#5582 = EDGE_LOOP('',(#5583,#5589,#5590,#5591));
#5583 = ORIENTED_EDGE('',*,*,#5584,.T.);
#5584 = EDGE_CURVE('',#4793,#4295,#5585,.T.);
#5585 = LINE('',#5586,#5587);
#5586 = CARTESIAN_POINT('',(-9.9,-1.092220341577E+03,242.42138678066));
#5587 = VECTOR('',#5588,1.);
#5588 = DIRECTION('',(-1.,-0.,-0.));
#5589 = ORIENTED_EDGE('',*,*,#4302,.T.);
#5590 = ORIENTED_EDGE('',*,*,#5568,.F.);
#5591 = ORIENTED_EDGE('',*,*,#4800,.F.);
#5592 = CYLINDRICAL_SURFACE('',#5593,7.5);
#5593 = AXIS2_PLACEMENT_3D('',#5594,#5595,#5596);
#5594 = CARTESIAN_POINT('',(-9.9,-1.09944E+03,240.39));
#5595 = DIRECTION('',(1.,0.,0.));
#5596 = DIRECTION('',(0.,1.,0.));
#5597 = ADVANCED_FACE('',(#5598),#5604,.F.);
#5598 = FACE_BOUND('',#5599,.F.);
#5599 = EDGE_LOOP('',(#5600,#5601,#5602,#5603));
#5600 = ORIENTED_EDGE('',*,*,#5584,.T.);
#5601 = ORIENTED_EDGE('',*,*,#4294,.T.);
#5602 = ORIENTED_EDGE('',*,*,#4759,.F.);
#5603 = ORIENTED_EDGE('',*,*,#4792,.F.);
#5604 = PLANE('',#5605);
#5605 = AXIS2_PLACEMENT_3D('',#5606,#5607,#5608);
#5606 = CARTESIAN_POINT('',(-9.9,-1.092220341577E+03,242.42138678066));
#5607 = DIRECTION('',(0.,-0.96262112309,-0.270851570755));
#5608 = DIRECTION('',(0.,0.270851570755,-0.96262112309));
#5609 = ADVANCED_FACE('',(#5610),#5621,.F.);
#5610 = FACE_BOUND('',#5611,.F.);
#5611 = EDGE_LOOP('',(#5612,#5618,#5619,#5620));
#5612 = ORIENTED_EDGE('',*,*,#5613,.T.);
#5613 = EDGE_CURVE('',#4843,#4338,#5614,.T.);
#5614 = LINE('',#5615,#5616);
#5615 = CARTESIAN_POINT('',(-9.9,-1.08434E+03,200.94));
#5616 = VECTOR('',#5617,1.);
#5617 = DIRECTION('',(-1.,-0.,-0.));
#5618 = ORIENTED_EDGE('',*,*,#4337,.T.);
#5619 = ORIENTED_EDGE('',*,*,#5613,.F.);
#5620 = ORIENTED_EDGE('',*,*,#4842,.F.);
#5621 = CYLINDRICAL_SURFACE('',#5622,4.);
#5622 = AXIS2_PLACEMENT_3D('',#5623,#5624,#5625);
#5623 = CARTESIAN_POINT('',(-9.9,-1.08834E+03,200.94));
#5624 = DIRECTION('',(1.,0.,0.));
#5625 = DIRECTION('',(0.,1.,0.));
#5626 = ADVANCED_FACE('',(#5627),#5638,.F.);
#5627 = FACE_BOUND('',#5628,.F.);
#5628 = EDGE_LOOP('',(#5629,#5635,#5636,#5637));
#5629 = ORIENTED_EDGE('',*,*,#5630,.T.);
#5630 = EDGE_CURVE('',#4854,#4349,#5631,.T.);
#5631 = LINE('',#5632,#5633);
#5632 = CARTESIAN_POINT('',(-9.9,-1.09544E+03,240.39));
#5633 = VECTOR('',#5634,1.);
#5634 = DIRECTION('',(-1.,-0.,-0.));
#5635 = ORIENTED_EDGE('',*,*,#4348,.T.);
#5636 = ORIENTED_EDGE('',*,*,#5630,.F.);
#5637 = ORIENTED_EDGE('',*,*,#4853,.F.);
#5638 = CYLINDRICAL_SURFACE('',#5639,4.);
#5639 = AXIS2_PLACEMENT_3D('',#5640,#5641,#5642);
#5640 = CARTESIAN_POINT('',(-9.9,-1.09944E+03,240.39));
#5641 = DIRECTION('',(1.,0.,0.));
#5642 = DIRECTION('',(0.,1.,0.));
#5643 = ADVANCED_FACE('',(#5644),#5650,.T.);
#5644 = FACE_BOUND('',#5645,.T.);
#5645 = EDGE_LOOP('',(#5646,#5647,#5648,#5649));
#5646 = ORIENTED_EDGE('',*,*,#4871,.T.);
#5647 = ORIENTED_EDGE('',*,*,#4742,.T.);
#5648 = ORIENTED_EDGE('',*,*,#4430,.T.);
#5649 = ORIENTED_EDGE('',*,*,#4407,.F.);
#5650 = PLANE('',#5651);
#5651 = AXIS2_PLACEMENT_3D('',#5652,#5653,#5654);
#5652 = CARTESIAN_POINT('',(-44.9,-1.10154E+03,200.94));
#5653 = DIRECTION('',(0.,-0.956066657542,-0.29314935841));
#5654 = DIRECTION('',(0.,-0.29314935841,0.956066657542));
#5655 = ADVANCED_FACE('',(#5656),#5667,.T.);
#5656 = FACE_BOUND('',#5657,.T.);
#5657 = EDGE_LOOP('',(#5658,#5659,#5660,#5666));
#5658 = ORIENTED_EDGE('',*,*,#4511,.T.);
#5659 = ORIENTED_EDGE('',*,*,#5054,.T.);
#5660 = ORIENTED_EDGE('',*,*,#5661,.F.);
#5661 = EDGE_CURVE('',#4998,#5055,#5662,.T.);
#5662 = LINE('',#5663,#5664);
#5663 = CARTESIAN_POINT('',(-19.9,-1.163662554812E+03,123.86376214781));
#5664 = VECTOR('',#5665,1.);
#5665 = DIRECTION('',(1.,0.,0.));
#5666 = ORIENTED_EDGE('',*,*,#4997,.F.);
#5667 = PLANE('',#5668);
#5668 = AXIS2_PLACEMENT_3D('',#5669,#5670,#5671);
#5669 = CARTESIAN_POINT('',(-19.9,-1.160255084405E+03,137.94954479362));
#5670 = DIRECTION('',(0.,0.971964770456,-0.235126529752));
#5671 = DIRECTION('',(0.,-0.235126529752,-0.971964770456));
#5672 = ADVANCED_FACE('',(#5673),#5684,.T.);
#5673 = FACE_BOUND('',#5674,.T.);
#5674 = EDGE_LOOP('',(#5675,#5676,#5677,#5683));
#5675 = ORIENTED_EDGE('',*,*,#4564,.T.);
#5676 = ORIENTED_EDGE('',*,*,#5137,.T.);
#5677 = ORIENTED_EDGE('',*,*,#5678,.F.);
#5678 = EDGE_CURVE('',#5081,#5138,#5679,.T.);
#5679 = LINE('',#5680,#5681);
#5680 = CARTESIAN_POINT('',(0.1,-1.163662554812E+03,123.86376214781));
#5681 = VECTOR('',#5682,1.);
#5682 = DIRECTION('',(1.,0.,0.));
#5683 = ORIENTED_EDGE('',*,*,#5080,.F.);
#5684 = PLANE('',#5685);
#5685 = AXIS2_PLACEMENT_3D('',#5686,#5687,#5688);
#5686 = CARTESIAN_POINT('',(0.1,-1.160255084405E+03,137.94954479362));
#5687 = DIRECTION('',(0.,0.971964770456,-0.235126529752));
#5688 = DIRECTION('',(0.,-0.235126529752,-0.971964770456));
#5689 = ADVANCED_FACE('',(#5690),#5701,.T.);
#5690 = FACE_BOUND('',#5691,.T.);
#5691 = EDGE_LOOP('',(#5692,#5693,#5694,#5700));
#5692 = ORIENTED_EDGE('',*,*,#4617,.T.);
#5693 = ORIENTED_EDGE('',*,*,#5220,.T.);
#5694 = ORIENTED_EDGE('',*,*,#5695,.F.);
#5695 = EDGE_CURVE('',#5164,#5221,#5696,.T.);
#5696 = LINE('',#5697,#5698);
#5697 = CARTESIAN_POINT('',(20.1,-1.163662554812E+03,123.86376214781));
#5698 = VECTOR('',#5699,1.);
#5699 = DIRECTION('',(1.,0.,0.));
#5700 = ORIENTED_EDGE('',*,*,#5163,.F.);
#5701 = PLANE('',#5702);
#5702 = AXIS2_PLACEMENT_3D('',#5703,#5704,#5705);
#5703 = CARTESIAN_POINT('',(20.1,-1.160255084405E+03,137.94954479362));
#5704 = DIRECTION('',(0.,0.971964770456,-0.235126529752));
#5705 = DIRECTION('',(0.,-0.235126529752,-0.971964770456));
#5706 = ADVANCED_FACE('',(#5707),#5718,.T.);
#5707 = FACE_BOUND('',#5708,.T.);
#5708 = EDGE_LOOP('',(#5709,#5710,#5711,#5717));
#5709 = ORIENTED_EDGE('',*,*,#4670,.T.);
#5710 = ORIENTED_EDGE('',*,*,#5303,.T.);
#5711 = ORIENTED_EDGE('',*,*,#5712,.F.);
#5712 = EDGE_CURVE('',#5247,#5304,#5713,.T.);
#5713 = LINE('',#5714,#5715);
#5714 = CARTESIAN_POINT('',(40.1,-1.163662554812E+03,123.86376214781));
#5715 = VECTOR('',#5716,1.);
#5716 = DIRECTION('',(1.,0.,0.));
#5717 = ORIENTED_EDGE('',*,*,#5246,.F.);
#5718 = PLANE('',#5719);
#5719 = AXIS2_PLACEMENT_3D('',#5720,#5721,#5722);
#5720 = CARTESIAN_POINT('',(40.1,-1.160255084405E+03,137.94954479362));
#5721 = DIRECTION('',(0.,0.971964770456,-0.235126529752));
#5722 = DIRECTION('',(0.,-0.235126529752,-0.971964770456));
#5723 = ADVANCED_FACE('',(#5724,#5783,#5794),#5805,.T.);
#5724 = FACE_BOUND('',#5725,.T.);
#5725 = EDGE_LOOP('',(#5726,#5727,#5735,#5744,#5752,#5761,#5767,#5768,
    #5777));
#5726 = ORIENTED_EDGE('',*,*,#4734,.F.);
#5727 = ORIENTED_EDGE('',*,*,#5728,.T.);
#5728 = EDGE_CURVE('',#4735,#5729,#5731,.T.);
#5729 = VERTEX_POINT('',#5730);
#5730 = CARTESIAN_POINT('',(24.1,-1.092601363636E+03,194.76822716242));
#5731 = LINE('',#5732,#5733);
#5732 = CARTESIAN_POINT('',(24.1,-1.10154E+03,200.94));
#5733 = VECTOR('',#5734,1.);
#5734 = DIRECTION('',(0.,0.822903045011,-0.568181818182));
#5735 = ORIENTED_EDGE('',*,*,#5736,.T.);
#5736 = EDGE_CURVE('',#5729,#5737,#5739,.T.);
#5737 = VERTEX_POINT('',#5738);
#5738 = CARTESIAN_POINT('',(24.1,-1.081120341577E+03,202.97138678066));
#5739 = CIRCLE('',#5740,7.5);
#5740 = AXIS2_PLACEMENT_3D('',#5741,#5742,#5743);
#5741 = CARTESIAN_POINT('',(24.1,-1.08834E+03,200.94));
#5742 = DIRECTION('',(1.,0.,0.));
#5743 = DIRECTION('',(0.,1.,0.));
#5744 = ORIENTED_EDGE('',*,*,#5745,.F.);
#5745 = EDGE_CURVE('',#5746,#5737,#5748,.T.);
#5746 = VERTEX_POINT('',#5747);
#5747 = CARTESIAN_POINT('',(24.1,-1.092220341577E+03,242.42138678066));
#5748 = LINE('',#5749,#5750);
#5749 = CARTESIAN_POINT('',(24.1,-1.092220341577E+03,242.42138678066));
#5750 = VECTOR('',#5751,1.);
#5751 = DIRECTION('',(0.,0.270851570755,-0.96262112309));
#5752 = ORIENTED_EDGE('',*,*,#5753,.T.);
#5753 = EDGE_CURVE('',#5746,#5754,#5756,.T.);
#5754 = VERTEX_POINT('',#5755);
#5755 = CARTESIAN_POINT('',(24.1,-1.099423892855E+03,247.88998270397));
#5756 = CIRCLE('',#5757,7.5);
#5757 = AXIS2_PLACEMENT_3D('',#5758,#5759,#5760);
#5758 = CARTESIAN_POINT('',(24.1,-1.09944E+03,240.39));
#5759 = DIRECTION('',(1.,0.,0.));
#5760 = DIRECTION('',(0.,1.,0.));
#5761 = ORIENTED_EDGE('',*,*,#5762,.T.);
#5762 = EDGE_CURVE('',#5754,#5522,#5763,.T.);
#5763 = LINE('',#5764,#5765);
#5764 = CARTESIAN_POINT('',(24.1,-1.099423892855E+03,247.88998270397));
#5765 = VECTOR('',#5766,1.);
#5766 = DIRECTION('',(0.,-0.978518961144,-0.206156840008));
#5767 = ORIENTED_EDGE('',*,*,#5529,.F.);
#5768 = ORIENTED_EDGE('',*,*,#5769,.F.);
#5769 = EDGE_CURVE('',#5770,#5530,#5772,.T.);
#5770 = VERTEX_POINT('',#5771);
#5771 = CARTESIAN_POINT('',(24.1,-1.108905900014E+03,230.07972403761));
#5772 = CIRCLE('',#5773,1.5);
#5773 = AXIS2_PLACEMENT_3D('',#5774,#5775,#5776);
#5774 = CARTESIAN_POINT('',(24.1,-1.11034E+03,229.64));
#5775 = DIRECTION('',(1.,-0.,0.));
#5776 = DIRECTION('',(0.,0.29314935841,-0.956066657542));
#5777 = ORIENTED_EDGE('',*,*,#5778,.F.);
#5778 = EDGE_CURVE('',#4727,#5770,#5779,.T.);
#5779 = LINE('',#5780,#5781);
#5780 = CARTESIAN_POINT('',(24.1,-1.104270189936E+03,214.96098776003));
#5781 = VECTOR('',#5782,1.);
#5782 = DIRECTION('',(0.,-0.29314935841,0.956066657542));
#5783 = FACE_BOUND('',#5784,.T.);
#5784 = EDGE_LOOP('',(#5785));
#5785 = ORIENTED_EDGE('',*,*,#5786,.F.);
#5786 = EDGE_CURVE('',#5787,#5787,#5789,.T.);
#5787 = VERTEX_POINT('',#5788);
#5788 = CARTESIAN_POINT('',(24.1,-1.08434E+03,200.94));
#5789 = CIRCLE('',#5790,4.);
#5790 = AXIS2_PLACEMENT_3D('',#5791,#5792,#5793);
#5791 = CARTESIAN_POINT('',(24.1,-1.08834E+03,200.94));
#5792 = DIRECTION('',(1.,0.,0.));
#5793 = DIRECTION('',(0.,1.,0.));
#5794 = FACE_BOUND('',#5795,.T.);
#5795 = EDGE_LOOP('',(#5796));
#5796 = ORIENTED_EDGE('',*,*,#5797,.F.);
#5797 = EDGE_CURVE('',#5798,#5798,#5800,.T.);
#5798 = VERTEX_POINT('',#5799);
#5799 = CARTESIAN_POINT('',(24.1,-1.09544E+03,240.39));
#5800 = CIRCLE('',#5801,4.);
#5801 = AXIS2_PLACEMENT_3D('',#5802,#5803,#5804);
#5802 = CARTESIAN_POINT('',(24.1,-1.09944E+03,240.39));
#5803 = DIRECTION('',(1.,0.,0.));
#5804 = DIRECTION('',(0.,1.,0.));
#5805 = PLANE('',#5806);
#5806 = AXIS2_PLACEMENT_3D('',#5807,#5808,#5809);
#5807 = CARTESIAN_POINT('',(24.1,-1.113835686113E+03,226.88613249116));
#5808 = DIRECTION('',(1.,0.,0.));
#5809 = DIRECTION('',(0.,1.,0.));
#5810 = ADVANCED_FACE('',(#5811),#5829,.F.);
#5811 = FACE_BOUND('',#5812,.F.);
#5812 = EDGE_LOOP('',(#5813,#5814,#5822,#5828));
#5813 = ORIENTED_EDGE('',*,*,#4726,.F.);
#5814 = ORIENTED_EDGE('',*,*,#5815,.T.);
#5815 = EDGE_CURVE('',#4718,#5816,#5818,.T.);
#5816 = VERTEX_POINT('',#5817);
#5817 = CARTESIAN_POINT('',(55.1,-1.108905900014E+03,230.07972403761));
#5818 = LINE('',#5819,#5820);
#5819 = CARTESIAN_POINT('',(55.1,-1.100105900014E+03,201.37972403761));
#5820 = VECTOR('',#5821,1.);
#5821 = DIRECTION('',(0.,-0.29314935841,0.956066657542));
#5822 = ORIENTED_EDGE('',*,*,#5823,.F.);
#5823 = EDGE_CURVE('',#5770,#5816,#5824,.T.);
#5824 = LINE('',#5825,#5826);
#5825 = CARTESIAN_POINT('',(-44.9,-1.108905900014E+03,230.07972403761));
#5826 = VECTOR('',#5827,1.);
#5827 = DIRECTION('',(1.,0.,0.));
#5828 = ORIENTED_EDGE('',*,*,#5778,.F.);
#5829 = PLANE('',#5830);
#5830 = AXIS2_PLACEMENT_3D('',#5831,#5832,#5833);
#5831 = CARTESIAN_POINT('',(-44.9,-1.100105900014E+03,201.37972403761));
#5832 = DIRECTION('',(0.,-0.956066657542,-0.29314935841));
#5833 = DIRECTION('',(0.,-0.29314935841,0.956066657542));
#5834 = ADVANCED_FACE('',(#5835),#5854,.T.);
#5835 = FACE_BOUND('',#5836,.F.);
#5836 = EDGE_LOOP('',(#5837,#5845,#5852,#5853));
#5837 = ORIENTED_EDGE('',*,*,#5838,.T.);
#5838 = EDGE_CURVE('',#4710,#5839,#5841,.T.);
#5839 = VERTEX_POINT('',#5840);
#5840 = CARTESIAN_POINT('',(56.6,-1.11034E+03,229.64));
#5841 = LINE('',#5842,#5843);
#5842 = CARTESIAN_POINT('',(56.6,-1.10154E+03,200.94));
#5843 = VECTOR('',#5844,1.);
#5844 = DIRECTION('',(0.,-0.29314935841,0.956066657542));
#5845 = ORIENTED_EDGE('',*,*,#5846,.F.);
#5846 = EDGE_CURVE('',#5816,#5839,#5847,.T.);
#5847 = CIRCLE('',#5848,1.5);
#5848 = AXIS2_PLACEMENT_3D('',#5849,#5850,#5851);
#5849 = CARTESIAN_POINT('',(55.1,-1.11034E+03,229.64));
#5850 = DIRECTION('',(-6.E-17,0.29314935841,-0.956066657542));
#5851 = DIRECTION('',(-1.,2.945186501321E-17,7.178766751374E-17));
#5852 = ORIENTED_EDGE('',*,*,#5815,.F.);
#5853 = ORIENTED_EDGE('',*,*,#4717,.F.);
#5854 = CYLINDRICAL_SURFACE('',#5855,1.5);
#5855 = AXIS2_PLACEMENT_3D('',#5856,#5857,#5858);
#5856 = CARTESIAN_POINT('',(55.1,-1.10154E+03,200.94));
#5857 = DIRECTION('',(6.E-17,-0.29314935841,0.956066657542));
#5858 = DIRECTION('',(-1.,2.031123047657E-17,6.898496424118E-17));
#5859 = ADVANCED_FACE('',(#5860),#5888,.T.);
#5860 = FACE_BOUND('',#5861,.T.);
#5861 = EDGE_LOOP('',(#5862,#5870,#5878,#5885,#5886,#5887));
#5862 = ORIENTED_EDGE('',*,*,#5863,.T.);
#5863 = EDGE_CURVE('',#5839,#5864,#5866,.T.);
#5864 = VERTEX_POINT('',#5865);
#5865 = CARTESIAN_POINT('',(56.6,-1.16184E+03,234.74));
#5866 = LINE('',#5867,#5868);
#5867 = CARTESIAN_POINT('',(56.6,-1.11034E+03,229.64));
#5868 = VECTOR('',#5869,1.);
#5869 = DIRECTION('',(0.,-0.995132388616,9.85470909115E-02));
#5870 = ORIENTED_EDGE('',*,*,#5871,.T.);
#5871 = EDGE_CURVE('',#5864,#5872,#5874,.T.);
#5872 = VERTEX_POINT('',#5873);
#5873 = CARTESIAN_POINT('',(56.6,-1.181180495325E+03,225.94254351617));
#5874 = LINE('',#5875,#5876);
#5875 = CARTESIAN_POINT('',(56.6,-1.16184E+03,234.74));
#5876 = VECTOR('',#5877,1.);
#5877 = DIRECTION('',(0.,-0.910254351618,-0.414049532497));
#5878 = ORIENTED_EDGE('',*,*,#5879,.T.);
#5879 = EDGE_CURVE('',#5872,#5328,#5880,.T.);
#5880 = CIRCLE('',#5881,10.);
#5881 = AXIS2_PLACEMENT_3D('',#5882,#5883,#5884);
#5882 = CARTESIAN_POINT('',(56.6,-1.17704E+03,216.84));
#5883 = DIRECTION('',(1.,0.,0.));
#5884 = DIRECTION('',(0.,1.,0.));
#5885 = ORIENTED_EDGE('',*,*,#5327,.T.);
#5886 = ORIENTED_EDGE('',*,*,#4709,.T.);
#5887 = ORIENTED_EDGE('',*,*,#5838,.T.);
#5888 = PLANE('',#5889);
#5889 = AXIS2_PLACEMENT_3D('',#5890,#5891,#5892);
#5890 = CARTESIAN_POINT('',(56.6,-1.147896717874E+03,193.1785020231));
#5891 = DIRECTION('',(1.,0.,0.));
#5892 = DIRECTION('',(0.,1.,0.));
#5893 = ADVANCED_FACE('',(#5894),#5912,.F.);
#5894 = FACE_BOUND('',#5895,.F.);
#5895 = EDGE_LOOP('',(#5896,#5897,#5905,#5911));
#5896 = ORIENTED_EDGE('',*,*,#4902,.F.);
#5897 = ORIENTED_EDGE('',*,*,#5898,.T.);
#5898 = EDGE_CURVE('',#4895,#5899,#5901,.T.);
#5899 = VERTEX_POINT('',#5900);
#5900 = CARTESIAN_POINT('',(20.1,-1.108905900014E+03,230.07972403761));
#5901 = LINE('',#5902,#5903);
#5902 = CARTESIAN_POINT('',(20.1,-1.104270189936E+03,214.96098776003));
#5903 = VECTOR('',#5904,1.);
#5904 = DIRECTION('',(0.,-0.29314935841,0.956066657542));
#5905 = ORIENTED_EDGE('',*,*,#5906,.F.);
#5906 = EDGE_CURVE('',#4826,#5899,#5907,.T.);
#5907 = LINE('',#5908,#5909);
#5908 = CARTESIAN_POINT('',(-44.9,-1.108905900014E+03,230.07972403761));
#5909 = VECTOR('',#5910,1.);
#5910 = DIRECTION('',(1.,0.,0.));
#5911 = ORIENTED_EDGE('',*,*,#4834,.F.);
#5912 = PLANE('',#5913);
#5913 = AXIS2_PLACEMENT_3D('',#5914,#5915,#5916);
#5914 = CARTESIAN_POINT('',(-44.9,-1.100105900014E+03,201.37972403761));
#5915 = DIRECTION('',(0.,-0.956066657542,-0.29314935841));
#5916 = DIRECTION('',(0.,-0.29314935841,0.956066657542));
#5917 = ADVANCED_FACE('',(#5918),#5930,.T.);
#5918 = FACE_BOUND('',#5919,.T.);
#5919 = EDGE_LOOP('',(#5920,#5921,#5922,#5923));
#5920 = ORIENTED_EDGE('',*,*,#5906,.F.);
#5921 = ORIENTED_EDGE('',*,*,#4825,.T.);
#5922 = ORIENTED_EDGE('',*,*,#5505,.T.);
#5923 = ORIENTED_EDGE('',*,*,#5924,.F.);
#5924 = EDGE_CURVE('',#5899,#5506,#5925,.T.);
#5925 = CIRCLE('',#5926,1.5);
#5926 = AXIS2_PLACEMENT_3D('',#5927,#5928,#5929);
#5927 = CARTESIAN_POINT('',(20.1,-1.11034E+03,229.64));
#5928 = DIRECTION('',(1.,-0.,0.));
#5929 = DIRECTION('',(0.,0.29314935841,-0.956066657542));
#5930 = CYLINDRICAL_SURFACE('',#5931,1.5);
#5931 = AXIS2_PLACEMENT_3D('',#5932,#5933,#5934);
#5932 = CARTESIAN_POINT('',(-44.9,-1.11034E+03,229.64));
#5933 = DIRECTION('',(1.,0.,0.));
#5934 = DIRECTION('',(0.,0.29314935841,-0.956066657542));
#5935 = ADVANCED_FACE('',(#5936),#5954,.F.);
#5936 = FACE_BOUND('',#5937,.F.);
#5937 = EDGE_LOOP('',(#5938,#5939,#5940,#5948));
#5938 = ORIENTED_EDGE('',*,*,#4877,.T.);
#5939 = ORIENTED_EDGE('',*,*,#5728,.T.);
#5940 = ORIENTED_EDGE('',*,*,#5941,.F.);
#5941 = EDGE_CURVE('',#5942,#5729,#5944,.T.);
#5942 = VERTEX_POINT('',#5943);
#5943 = CARTESIAN_POINT('',(20.1,-1.092601363636E+03,194.76822716242));
#5944 = LINE('',#5945,#5946);
#5945 = CARTESIAN_POINT('',(20.1,-1.092601363636E+03,194.76822716242));
#5946 = VECTOR('',#5947,1.);
#5947 = DIRECTION('',(1.,0.,0.));
#5948 = ORIENTED_EDGE('',*,*,#5949,.F.);
#5949 = EDGE_CURVE('',#3908,#5942,#5950,.T.);
#5950 = LINE('',#5951,#5952);
#5951 = CARTESIAN_POINT('',(20.1,-1.10154E+03,200.94));
#5952 = VECTOR('',#5953,1.);
#5953 = DIRECTION('',(0.,0.822903045011,-0.568181818182));
#5954 = PLANE('',#5955);
#5955 = AXIS2_PLACEMENT_3D('',#5956,#5957,#5958);
#5956 = CARTESIAN_POINT('',(20.1,-1.10154E+03,200.94));
#5957 = DIRECTION('',(0.,0.568181818182,0.822903045011));
#5958 = DIRECTION('',(0.,0.822903045011,-0.568181818182));
#5959 = ADVANCED_FACE('',(#5960,#5999,#6010),#6021,.F.);
#5960 = FACE_BOUND('',#5961,.F.);
#5961 = EDGE_LOOP('',(#5962,#5963,#5964,#5973,#5981,#5990,#5996,#5997,
    #5998));
#5962 = ORIENTED_EDGE('',*,*,#4894,.F.);
#5963 = ORIENTED_EDGE('',*,*,#5949,.T.);
#5964 = ORIENTED_EDGE('',*,*,#5965,.T.);
#5965 = EDGE_CURVE('',#5942,#5966,#5968,.T.);
#5966 = VERTEX_POINT('',#5967);
#5967 = CARTESIAN_POINT('',(20.1,-1.081120341577E+03,202.97138678066));
#5968 = CIRCLE('',#5969,7.5);
#5969 = AXIS2_PLACEMENT_3D('',#5970,#5971,#5972);
#5970 = CARTESIAN_POINT('',(20.1,-1.08834E+03,200.94));
#5971 = DIRECTION('',(1.,0.,0.));
#5972 = DIRECTION('',(0.,1.,0.));
#5973 = ORIENTED_EDGE('',*,*,#5974,.F.);
#5974 = EDGE_CURVE('',#5975,#5966,#5977,.T.);
#5975 = VERTEX_POINT('',#5976);
#5976 = CARTESIAN_POINT('',(20.1,-1.092220341577E+03,242.42138678066));
#5977 = LINE('',#5978,#5979);
#5978 = CARTESIAN_POINT('',(20.1,-1.092220341577E+03,242.42138678066));
#5979 = VECTOR('',#5980,1.);
#5980 = DIRECTION('',(0.,0.270851570755,-0.96262112309));
#5981 = ORIENTED_EDGE('',*,*,#5982,.T.);
#5982 = EDGE_CURVE('',#5975,#5983,#5985,.T.);
#5983 = VERTEX_POINT('',#5984);
#5984 = CARTESIAN_POINT('',(20.1,-1.099423892855E+03,247.88998270397));
#5985 = CIRCLE('',#5986,7.5);
#5986 = AXIS2_PLACEMENT_3D('',#5987,#5988,#5989);
#5987 = CARTESIAN_POINT('',(20.1,-1.09944E+03,240.39));
#5988 = DIRECTION('',(1.,0.,0.));
#5989 = DIRECTION('',(0.,1.,0.));
#5990 = ORIENTED_EDGE('',*,*,#5991,.T.);
#5991 = EDGE_CURVE('',#5983,#5514,#5992,.T.);
#5992 = LINE('',#5993,#5994);
#5993 = CARTESIAN_POINT('',(20.1,-1.099423892855E+03,247.88998270397));
#5994 = VECTOR('',#5995,1.);
#5995 = DIRECTION('',(0.,-0.978518961144,-0.206156840008));
#5996 = ORIENTED_EDGE('',*,*,#5513,.F.);
#5997 = ORIENTED_EDGE('',*,*,#5924,.F.);
#5998 = ORIENTED_EDGE('',*,*,#5898,.F.);
#5999 = FACE_BOUND('',#6000,.F.);
#6000 = EDGE_LOOP('',(#6001));
#6001 = ORIENTED_EDGE('',*,*,#6002,.F.);
#6002 = EDGE_CURVE('',#6003,#6003,#6005,.T.);
#6003 = VERTEX_POINT('',#6004);
#6004 = CARTESIAN_POINT('',(20.1,-1.08434E+03,200.94));
#6005 = CIRCLE('',#6006,4.);
#6006 = AXIS2_PLACEMENT_3D('',#6007,#6008,#6009);
#6007 = CARTESIAN_POINT('',(20.1,-1.08834E+03,200.94));
#6008 = DIRECTION('',(1.,0.,0.));
#6009 = DIRECTION('',(0.,1.,0.));
#6010 = FACE_BOUND('',#6011,.F.);
#6011 = EDGE_LOOP('',(#6012));
#6012 = ORIENTED_EDGE('',*,*,#6013,.F.);
#6013 = EDGE_CURVE('',#6014,#6014,#6016,.T.);
#6014 = VERTEX_POINT('',#6015);
#6015 = CARTESIAN_POINT('',(20.1,-1.09544E+03,240.39));
#6016 = CIRCLE('',#6017,4.);
#6017 = AXIS2_PLACEMENT_3D('',#6018,#6019,#6020);
#6018 = CARTESIAN_POINT('',(20.1,-1.09944E+03,240.39));
#6019 = DIRECTION('',(1.,0.,0.));
#6020 = DIRECTION('',(0.,1.,0.));
#6021 = PLANE('',#6022);
#6022 = AXIS2_PLACEMENT_3D('',#6023,#6024,#6025);
#6023 = CARTESIAN_POINT('',(20.1,-1.113835686113E+03,226.88613249116));
#6024 = DIRECTION('',(1.,0.,0.));
#6025 = DIRECTION('',(0.,1.,0.));
#6026 = ADVANCED_FACE('',(#6027),#6033,.T.);
#6027 = FACE_BOUND('',#6028,.T.);
#6028 = EDGE_LOOP('',(#6029,#6030,#6031,#6032));
#6029 = ORIENTED_EDGE('',*,*,#5661,.T.);
#6030 = ORIENTED_EDGE('',*,*,#5062,.T.);
#6031 = ORIENTED_EDGE('',*,*,#5029,.F.);
#6032 = ORIENTED_EDGE('',*,*,#5005,.F.);
#6033 = PLANE('',#6034);
#6034 = AXIS2_PLACEMENT_3D('',#6035,#6036,#6037);
#6035 = CARTESIAN_POINT('',(-19.9,-1.163662554812E+03,123.86376214781));
#6036 = DIRECTION('',(0.,-0.959538377832,-0.281577878158));
#6037 = DIRECTION('',(0.,-0.281577878158,0.959538377832));
#6038 = ADVANCED_FACE('',(#6039),#6045,.T.);
#6039 = FACE_BOUND('',#6040,.T.);
#6040 = EDGE_LOOP('',(#6041,#6042,#6043,#6044));
#6041 = ORIENTED_EDGE('',*,*,#5678,.T.);
#6042 = ORIENTED_EDGE('',*,*,#5145,.T.);
#6043 = ORIENTED_EDGE('',*,*,#5112,.F.);
#6044 = ORIENTED_EDGE('',*,*,#5088,.F.);
#6045 = PLANE('',#6046);
#6046 = AXIS2_PLACEMENT_3D('',#6047,#6048,#6049);
#6047 = CARTESIAN_POINT('',(0.1,-1.163662554812E+03,123.86376214781));
#6048 = DIRECTION('',(0.,-0.959538377832,-0.281577878158));
#6049 = DIRECTION('',(0.,-0.281577878158,0.959538377832));
#6050 = ADVANCED_FACE('',(#6051),#6057,.T.);
#6051 = FACE_BOUND('',#6052,.T.);
#6052 = EDGE_LOOP('',(#6053,#6054,#6055,#6056));
#6053 = ORIENTED_EDGE('',*,*,#5695,.T.);
#6054 = ORIENTED_EDGE('',*,*,#5228,.T.);
#6055 = ORIENTED_EDGE('',*,*,#5195,.F.);
#6056 = ORIENTED_EDGE('',*,*,#5171,.F.);
#6057 = PLANE('',#6058);
#6058 = AXIS2_PLACEMENT_3D('',#6059,#6060,#6061);
#6059 = CARTESIAN_POINT('',(20.1,-1.163662554812E+03,123.86376214781));
#6060 = DIRECTION('',(0.,-0.959538377832,-0.281577878158));
#6061 = DIRECTION('',(0.,-0.281577878158,0.959538377832));
#6062 = ADVANCED_FACE('',(#6063),#6069,.T.);
#6063 = FACE_BOUND('',#6064,.T.);
#6064 = EDGE_LOOP('',(#6065,#6066,#6067,#6068));
#6065 = ORIENTED_EDGE('',*,*,#5712,.T.);
#6066 = ORIENTED_EDGE('',*,*,#5311,.T.);
#6067 = ORIENTED_EDGE('',*,*,#5278,.F.);
#6068 = ORIENTED_EDGE('',*,*,#5254,.F.);
#6069 = PLANE('',#6070);
#6070 = AXIS2_PLACEMENT_3D('',#6071,#6072,#6073);
#6071 = CARTESIAN_POINT('',(40.1,-1.163662554812E+03,123.86376214781));
#6072 = DIRECTION('',(0.,-0.959538377832,-0.281577878158));
#6073 = DIRECTION('',(0.,-0.281577878158,0.959538377832));
#6074 = ADVANCED_FACE('',(#6075),#6087,.T.);
#6075 = FACE_BOUND('',#6076,.F.);
#6076 = EDGE_LOOP('',(#6077,#6078,#6085,#6086));
#6077 = ORIENTED_EDGE('',*,*,#5362,.F.);
#6078 = ORIENTED_EDGE('',*,*,#6079,.T.);
#6079 = EDGE_CURVE('',#5355,#5872,#6080,.T.);
#6080 = CIRCLE('',#6081,1.5);
#6081 = AXIS2_PLACEMENT_3D('',#6082,#6083,#6084);
#6082 = CARTESIAN_POINT('',(55.1,-1.181180495325E+03,225.94254351617));
#6083 = DIRECTION('',(0.,0.910254351618,0.414049532497));
#6084 = DIRECTION('',(-1.,0.,0.));
#6085 = ORIENTED_EDGE('',*,*,#5879,.T.);
#6086 = ORIENTED_EDGE('',*,*,#5337,.F.);
#6087 = TOROIDAL_SURFACE('',#6088,10.,1.5);
#6088 = AXIS2_PLACEMENT_3D('',#6089,#6090,#6091);
#6089 = CARTESIAN_POINT('',(55.1,-1.17704E+03,216.84));
#6090 = DIRECTION('',(1.,0.,0.));
#6091 = DIRECTION('',(0.,1.,0.));
#6092 = ADVANCED_FACE('',(#6093),#6111,.F.);
#6093 = FACE_BOUND('',#6094,.F.);
#6094 = EDGE_LOOP('',(#6095,#6103,#6109,#6110));
#6095 = ORIENTED_EDGE('',*,*,#6096,.T.);
#6096 = EDGE_CURVE('',#5437,#6097,#6099,.T.);
#6097 = VERTEX_POINT('',#6098);
#6098 = CARTESIAN_POINT('',(55.1,-1.162461074299E+03,236.10538152742));
#6099 = LINE('',#6100,#6101);
#6100 = CARTESIAN_POINT('',(-44.9,-1.162461074299E+03,236.10538152742));
#6101 = VECTOR('',#6102,1.);
#6102 = DIRECTION('',(1.,0.,0.));
#6103 = ORIENTED_EDGE('',*,*,#6104,.T.);
#6104 = EDGE_CURVE('',#6097,#5355,#6105,.T.);
#6105 = LINE('',#6106,#6107);
#6106 = CARTESIAN_POINT('',(55.1,-1.162461074299E+03,236.10538152742));
#6107 = VECTOR('',#6108,1.);
#6108 = DIRECTION('',(0.,-0.910254351618,-0.414049532497));
#6109 = ORIENTED_EDGE('',*,*,#5352,.F.);
#6110 = ORIENTED_EDGE('',*,*,#5436,.F.);
#6111 = PLANE('',#6112);
#6112 = AXIS2_PLACEMENT_3D('',#6113,#6114,#6115);
#6113 = CARTESIAN_POINT('',(-44.9,-1.162461074299E+03,236.10538152742));
#6114 = DIRECTION('',(0.,0.414049532497,-0.910254351618));
#6115 = DIRECTION('',(0.,-0.910254351618,-0.414049532497));
#6116 = ADVANCED_FACE('',(#6117),#6128,.T.);
#6117 = FACE_BOUND('',#6118,.T.);
#6118 = EDGE_LOOP('',(#6119,#6126,#6127));
#6119 = ORIENTED_EDGE('',*,*,#6120,.F.);
#6120 = EDGE_CURVE('',#5406,#5437,#6121,.T.);
#6121 = CIRCLE('',#6122,1.5);
#6122 = AXIS2_PLACEMENT_3D('',#6123,#6124,#6125);
#6123 = CARTESIAN_POINT('',(-44.9,-1.16184E+03,234.74));
#6124 = DIRECTION('',(1.,-0.,0.));
#6125 = DIRECTION('',(0.,0.995132388616,-9.854709091149E-02));
#6126 = ORIENTED_EDGE('',*,*,#5421,.T.);
#6127 = ORIENTED_EDGE('',*,*,#5444,.F.);
#6128 = SPHERICAL_SURFACE('',#6129,1.5);
#6129 = AXIS2_PLACEMENT_3D('',#6130,#6131,#6132);
#6130 = CARTESIAN_POINT('',(-44.9,-1.16184E+03,234.74));
#6131 = DIRECTION('',(0.303356449152,0.867360573188,0.394538338868));
#6132 = DIRECTION('',(0.632235929056,0.126567461927,-0.764367979177));
#6133 = ADVANCED_FACE('',(#6134),#6146,.T.);
#6134 = FACE_BOUND('',#6135,.T.);
#6135 = EDGE_LOOP('',(#6136,#6137,#6138,#6139));
#6136 = ORIENTED_EDGE('',*,*,#5553,.F.);
#6137 = ORIENTED_EDGE('',*,*,#6120,.T.);
#6138 = ORIENTED_EDGE('',*,*,#6096,.T.);
#6139 = ORIENTED_EDGE('',*,*,#6140,.F.);
#6140 = EDGE_CURVE('',#5546,#6097,#6141,.T.);
#6141 = CIRCLE('',#6142,1.5);
#6142 = AXIS2_PLACEMENT_3D('',#6143,#6144,#6145);
#6143 = CARTESIAN_POINT('',(55.1,-1.16184E+03,234.74));
#6144 = DIRECTION('',(1.,-0.,0.));
#6145 = DIRECTION('',(0.,0.995132388616,-9.854709091149E-02));
#6146 = CYLINDRICAL_SURFACE('',#6147,1.5);
#6147 = AXIS2_PLACEMENT_3D('',#6148,#6149,#6150);
#6148 = CARTESIAN_POINT('',(-44.9,-1.16184E+03,234.74));
#6149 = DIRECTION('',(1.,0.,0.));
#6150 = DIRECTION('',(0.,0.995132388616,-9.854709091149E-02));
#6151 = ADVANCED_FACE('',(#6152),#6170,.T.);
#6152 = FACE_BOUND('',#6153,.F.);
#6153 = EDGE_LOOP('',(#6154,#6155,#6162,#6163));
#6154 = ORIENTED_EDGE('',*,*,#5545,.F.);
#6155 = ORIENTED_EDGE('',*,*,#6156,.T.);
#6156 = EDGE_CURVE('',#5538,#5839,#6157,.T.);
#6157 = CIRCLE('',#6158,1.5);
#6158 = AXIS2_PLACEMENT_3D('',#6159,#6160,#6161);
#6159 = CARTESIAN_POINT('',(55.1,-1.11034E+03,229.64));
#6160 = DIRECTION('',(-8.3E-16,0.995132388616,-9.85470909115E-02));
#6161 = DIRECTION('',(-1.,-8.241165962386E-16,1.004076629285E-16));
#6162 = ORIENTED_EDGE('',*,*,#5863,.T.);
#6163 = ORIENTED_EDGE('',*,*,#6164,.F.);
#6164 = EDGE_CURVE('',#5546,#5864,#6165,.T.);
#6165 = CIRCLE('',#6166,1.5);
#6166 = AXIS2_PLACEMENT_3D('',#6167,#6168,#6169);
#6167 = CARTESIAN_POINT('',(55.1,-1.16184E+03,234.74));
#6168 = DIRECTION('',(-8.3E-16,0.995132388616,-9.85470909115E-02));
#6169 = DIRECTION('',(-1.,-8.241165962386E-16,1.004076629285E-16));
#6170 = CYLINDRICAL_SURFACE('',#6171,1.5);
#6171 = AXIS2_PLACEMENT_3D('',#6172,#6173,#6174);
#6172 = CARTESIAN_POINT('',(55.1,-1.11034E+03,229.64));
#6173 = DIRECTION('',(8.3E-16,-0.995132388616,9.85470909115E-02));
#6174 = DIRECTION('',(-1.,-8.241165962386E-16,1.004076629285E-16));
#6175 = ADVANCED_FACE('',(#6176),#6188,.T.);
#6176 = FACE_BOUND('',#6177,.T.);
#6177 = EDGE_LOOP('',(#6178,#6179,#6180,#6181));
#6178 = ORIENTED_EDGE('',*,*,#5823,.F.);
#6179 = ORIENTED_EDGE('',*,*,#5769,.T.);
#6180 = ORIENTED_EDGE('',*,*,#5537,.T.);
#6181 = ORIENTED_EDGE('',*,*,#6182,.F.);
#6182 = EDGE_CURVE('',#5816,#5538,#6183,.T.);
#6183 = CIRCLE('',#6184,1.5);
#6184 = AXIS2_PLACEMENT_3D('',#6185,#6186,#6187);
#6185 = CARTESIAN_POINT('',(55.1,-1.11034E+03,229.64));
#6186 = DIRECTION('',(1.,-0.,0.));
#6187 = DIRECTION('',(0.,0.29314935841,-0.956066657542));
#6188 = CYLINDRICAL_SURFACE('',#6189,1.5);
#6189 = AXIS2_PLACEMENT_3D('',#6190,#6191,#6192);
#6190 = CARTESIAN_POINT('',(-44.9,-1.11034E+03,229.64));
#6191 = DIRECTION('',(1.,0.,0.));
#6192 = DIRECTION('',(0.,0.29314935841,-0.956066657542));
#6193 = ADVANCED_FACE('',(#6194),#6205,.F.);
#6194 = FACE_BOUND('',#6195,.F.);
#6195 = EDGE_LOOP('',(#6196,#6197,#6203,#6204));
#6196 = ORIENTED_EDGE('',*,*,#5991,.F.);
#6197 = ORIENTED_EDGE('',*,*,#6198,.T.);
#6198 = EDGE_CURVE('',#5983,#5754,#6199,.T.);
#6199 = LINE('',#6200,#6201);
#6200 = CARTESIAN_POINT('',(20.1,-1.099423892855E+03,247.88998270397));
#6201 = VECTOR('',#6202,1.);
#6202 = DIRECTION('',(1.,0.,0.));
#6203 = ORIENTED_EDGE('',*,*,#5762,.T.);
#6204 = ORIENTED_EDGE('',*,*,#5521,.F.);
#6205 = PLANE('',#6206);
#6206 = AXIS2_PLACEMENT_3D('',#6207,#6208,#6209);
#6207 = CARTESIAN_POINT('',(20.1,-1.099423892855E+03,247.88998270397));
#6208 = DIRECTION('',(0.,0.206156840008,-0.978518961144));
#6209 = DIRECTION('',(0.,-0.978518961144,-0.206156840008));
#6210 = ADVANCED_FACE('',(#6211),#6222,.T.);
#6211 = FACE_BOUND('',#6212,.F.);
#6212 = EDGE_LOOP('',(#6213,#6219,#6220,#6221));
#6213 = ORIENTED_EDGE('',*,*,#6214,.T.);
#6214 = EDGE_CURVE('',#5975,#5746,#6215,.T.);
#6215 = LINE('',#6216,#6217);
#6216 = CARTESIAN_POINT('',(20.1,-1.092220341577E+03,242.42138678066));
#6217 = VECTOR('',#6218,1.);
#6218 = DIRECTION('',(1.,0.,0.));
#6219 = ORIENTED_EDGE('',*,*,#5753,.T.);
#6220 = ORIENTED_EDGE('',*,*,#6198,.F.);
#6221 = ORIENTED_EDGE('',*,*,#5982,.F.);
#6222 = CYLINDRICAL_SURFACE('',#6223,7.5);
#6223 = AXIS2_PLACEMENT_3D('',#6224,#6225,#6226);
#6224 = CARTESIAN_POINT('',(20.1,-1.09944E+03,240.39));
#6225 = DIRECTION('',(-1.,-0.,-0.));
#6226 = DIRECTION('',(0.,1.,0.));
#6227 = ADVANCED_FACE('',(#6228),#6239,.T.);
#6228 = FACE_BOUND('',#6229,.T.);
#6229 = EDGE_LOOP('',(#6230,#6231,#6232,#6238));
#6230 = ORIENTED_EDGE('',*,*,#6214,.T.);
#6231 = ORIENTED_EDGE('',*,*,#5745,.T.);
#6232 = ORIENTED_EDGE('',*,*,#6233,.F.);
#6233 = EDGE_CURVE('',#5966,#5737,#6234,.T.);
#6234 = LINE('',#6235,#6236);
#6235 = CARTESIAN_POINT('',(20.1,-1.081120341577E+03,202.97138678066));
#6236 = VECTOR('',#6237,1.);
#6237 = DIRECTION('',(1.,0.,0.));
#6238 = ORIENTED_EDGE('',*,*,#5974,.F.);
#6239 = PLANE('',#6240);
#6240 = AXIS2_PLACEMENT_3D('',#6241,#6242,#6243);
#6241 = CARTESIAN_POINT('',(20.1,-1.092220341577E+03,242.42138678066));
#6242 = DIRECTION('',(0.,0.96262112309,0.270851570755));
#6243 = DIRECTION('',(0.,0.270851570755,-0.96262112309));
#6244 = ADVANCED_FACE('',(#6245),#6251,.T.);
#6245 = FACE_BOUND('',#6246,.F.);
#6246 = EDGE_LOOP('',(#6247,#6248,#6249,#6250));
#6247 = ORIENTED_EDGE('',*,*,#5941,.T.);
#6248 = ORIENTED_EDGE('',*,*,#5736,.T.);
#6249 = ORIENTED_EDGE('',*,*,#6233,.F.);
#6250 = ORIENTED_EDGE('',*,*,#5965,.F.);
#6251 = CYLINDRICAL_SURFACE('',#6252,7.5);
#6252 = AXIS2_PLACEMENT_3D('',#6253,#6254,#6255);
#6253 = CARTESIAN_POINT('',(20.1,-1.08834E+03,200.94));
#6254 = DIRECTION('',(-1.,-0.,-0.));
#6255 = DIRECTION('',(0.,1.,0.));
#6256 = ADVANCED_FACE('',(#6257),#6268,.F.);
#6257 = FACE_BOUND('',#6258,.T.);
#6258 = EDGE_LOOP('',(#6259,#6265,#6266,#6267));
#6259 = ORIENTED_EDGE('',*,*,#6260,.T.);
#6260 = EDGE_CURVE('',#6003,#5787,#6261,.T.);
#6261 = LINE('',#6262,#6263);
#6262 = CARTESIAN_POINT('',(20.1,-1.08434E+03,200.94));
#6263 = VECTOR('',#6264,1.);
#6264 = DIRECTION('',(1.,0.,0.));
#6265 = ORIENTED_EDGE('',*,*,#5786,.T.);
#6266 = ORIENTED_EDGE('',*,*,#6260,.F.);
#6267 = ORIENTED_EDGE('',*,*,#6002,.F.);
#6268 = CYLINDRICAL_SURFACE('',#6269,4.);
#6269 = AXIS2_PLACEMENT_3D('',#6270,#6271,#6272);
#6270 = CARTESIAN_POINT('',(20.1,-1.08834E+03,200.94));
#6271 = DIRECTION('',(-1.,-0.,-0.));
#6272 = DIRECTION('',(0.,1.,0.));
#6273 = ADVANCED_FACE('',(#6274),#6285,.F.);
#6274 = FACE_BOUND('',#6275,.T.);
#6275 = EDGE_LOOP('',(#6276,#6282,#6283,#6284));
#6276 = ORIENTED_EDGE('',*,*,#6277,.T.);
#6277 = EDGE_CURVE('',#6014,#5798,#6278,.T.);
#6278 = LINE('',#6279,#6280);
#6279 = CARTESIAN_POINT('',(20.1,-1.09544E+03,240.39));
#6280 = VECTOR('',#6281,1.);
#6281 = DIRECTION('',(1.,0.,0.));
#6282 = ORIENTED_EDGE('',*,*,#5797,.T.);
#6283 = ORIENTED_EDGE('',*,*,#6277,.F.);
#6284 = ORIENTED_EDGE('',*,*,#6013,.F.);
#6285 = CYLINDRICAL_SURFACE('',#6286,4.);
#6286 = AXIS2_PLACEMENT_3D('',#6287,#6288,#6289);
#6287 = CARTESIAN_POINT('',(20.1,-1.09944E+03,240.39));
#6288 = DIRECTION('',(-1.,-0.,-0.));
#6289 = DIRECTION('',(0.,1.,0.));
#6290 = ADVANCED_FACE('',(#6291),#6296,.T.);
#6291 = FACE_BOUND('',#6292,.T.);
#6292 = EDGE_LOOP('',(#6293,#6294,#6295));
#6293 = ORIENTED_EDGE('',*,*,#6182,.T.);
#6294 = ORIENTED_EDGE('',*,*,#6156,.T.);
#6295 = ORIENTED_EDGE('',*,*,#5846,.F.);
#6296 = SPHERICAL_SURFACE('',#6297,1.5);
#6297 = AXIS2_PLACEMENT_3D('',#6298,#6299,#6300);
#6298 = CARTESIAN_POINT('',(55.1,-1.11034E+03,229.64));
#6299 = DIRECTION('',(-0.609242933207,-0.232462644377,0.758145215184));
#6300 = DIRECTION('',(-0.584952990716,-0.51376326958,-0.627596447953));
#6301 = ADVANCED_FACE('',(#6302),#6314,.T.);
#6302 = FACE_BOUND('',#6303,.F.);
#6303 = EDGE_LOOP('',(#6304,#6305,#6312,#6313));
#6304 = ORIENTED_EDGE('',*,*,#6104,.F.);
#6305 = ORIENTED_EDGE('',*,*,#6306,.T.);
#6306 = EDGE_CURVE('',#6097,#5864,#6307,.T.);
#6307 = CIRCLE('',#6308,1.5);
#6308 = AXIS2_PLACEMENT_3D('',#6309,#6310,#6311);
#6309 = CARTESIAN_POINT('',(55.1,-1.16184E+03,234.74));
#6310 = DIRECTION('',(0.,0.910254351618,0.414049532497));
#6311 = DIRECTION('',(-1.,0.,0.));
#6312 = ORIENTED_EDGE('',*,*,#5871,.T.);
#6313 = ORIENTED_EDGE('',*,*,#6079,.F.);
#6314 = CYLINDRICAL_SURFACE('',#6315,1.5);
#6315 = AXIS2_PLACEMENT_3D('',#6316,#6317,#6318);
#6316 = CARTESIAN_POINT('',(55.1,-1.16184E+03,234.74));
#6317 = DIRECTION('',(0.,-0.910254351618,-0.414049532497));
#6318 = DIRECTION('',(-1.,0.,0.));
#6319 = ADVANCED_FACE('',(#6320),#6325,.T.);
#6320 = FACE_BOUND('',#6321,.T.);
#6321 = EDGE_LOOP('',(#6322,#6323,#6324));
#6322 = ORIENTED_EDGE('',*,*,#6140,.T.);
#6323 = ORIENTED_EDGE('',*,*,#6306,.T.);
#6324 = ORIENTED_EDGE('',*,*,#6164,.F.);
#6325 = SPHERICAL_SURFACE('',#6326,1.5);
#6326 = AXIS2_PLACEMENT_3D('',#6327,#6328,#6329);
#6327 = CARTESIAN_POINT('',(55.1,-1.16184E+03,234.74));
#6328 = DIRECTION('',(0.303356449152,-0.867360573188,-0.394538338868));
#6329 = DIRECTION('',(-0.632235929056,0.126567461927,-0.764367979177));
#6330 = ( GEOMETRIC_REPRESENTATION_CONTEXT(3) 
GLOBAL_UNCERTAINTY_ASSIGNED_CONTEXT((#6334)) 
GLOBAL_UNIT_ASSIGNED_CONTEXT((#6331,#6332,#6333)) REPRESENTATION_CONTEXT
('Context #1','3D Context with UNIT and UNCERTAINTY') );
#6331 = ( LENGTH_UNIT() NAMED_UNIT(*) SI_UNIT(.MILLI.,.METRE.) );
#6332 = ( NAMED_UNIT(*) PLANE_ANGLE_UNIT() SI_UNIT($,.RADIAN.) );
#6333 = ( NAMED_UNIT(*) SI_UNIT($,.STERADIAN.) SOLID_ANGLE_UNIT() );
#6334 = UNCERTAINTY_MEASURE_WITH_UNIT(LENGTH_MEASURE(2.E-05),#6331,
  'distance_accuracy_value','confusion accuracy');
#6335 = CONTEXT_DEPENDENT_SHAPE_REPRESENTATION(#6336,#6338);
#6336 = ( REPRESENTATION_RELATIONSHIP('','',#3456,#10) 
REPRESENTATION_RELATIONSHIP_WITH_TRANSFORMATION(#6337) 
SHAPE_REPRESENTATION_RELATIONSHIP() );
#6337 = ITEM_DEFINED_TRANSFORMATION('','',#11,#31);
#6338 = PRODUCT_DEFINITION_SHAPE('Placement','Placement of an item',
  #6339);
#6339 = NEXT_ASSEMBLY_USAGE_OCCURRENCE('5','Bucket001','',#5,#3451,$);
#6340 = PRODUCT_RELATED_PRODUCT_CATEGORY('part',$,(#3453));
#6341 = SHAPE_DEFINITION_REPRESENTATION(#6342,#6348);
#6342 = PRODUCT_DEFINITION_SHAPE('','',#6343);
#6343 = PRODUCT_DEFINITION('design','',#6344,#6347);
#6344 = PRODUCT_DEFINITION_FORMATION('','',#6345);
#6345 = PRODUCT('BucketLink2','BucketLink2','',(#6346));
#6346 = PRODUCT_CONTEXT('',#2,'mechanical');
#6347 = PRODUCT_DEFINITION_CONTEXT('part definition',#2,'design');
#6348 = ADVANCED_BREP_SHAPE_REPRESENTATION('',(#11,#6349),#7050);
#6349 = MANIFOLD_SOLID_BREP('',#6350);
#6350 = CLOSED_SHELL('',(#6351,#6413,#6445,#6477,#6519,#6563,#6625,#6657
    ,#6689,#6731,#6775,#6784,#6804,#6829,#6841,#6885,#6905,#6925,#6941,
    #6950,#6994,#7014,#7034));
#6351 = ADVANCED_FACE('',(#6352),#6408,.F.);
#6352 = FACE_BOUND('',#6353,.F.);
#6353 = EDGE_LOOP('',(#6354,#6365,#6374,#6383,#6392,#6401));
#6354 = ORIENTED_EDGE('',*,*,#6355,.F.);
#6355 = EDGE_CURVE('',#6356,#6358,#6360,.T.);
#6356 = VERTEX_POINT('',#6357);
#6357 = CARTESIAN_POINT('',(19.781083518149,-990.3913577687,
    197.54633551117));
#6358 = VERTEX_POINT('',#6359);
#6359 = CARTESIAN_POINT('',(19.781083518149,-1.042471360483E+03,
    183.26634541013));
#6360 = CIRCLE('',#6361,41.999999999996);
#6361 = AXIS2_PLACEMENT_3D('',#6362,#6363,#6364);
#6362 = CARTESIAN_POINT('',(19.781083518149,-1.007924421428E+03,
    159.38101514403));
#6363 = DIRECTION('',(1.,-4.254871108656E-15,-5.771262587054E-15));
#6364 = DIRECTION('',(5.771263395787E-15,1.900722892334E-07,1.));
#6365 = ORIENTED_EDGE('',*,*,#6366,.T.);
#6366 = EDGE_CURVE('',#6356,#6367,#6369,.T.);
#6367 = VERTEX_POINT('',#6368);
#6368 = CARTESIAN_POINT('',(19.781083518149,-987.0517250749,
    212.81592034301));
#6369 = CIRCLE('',#6370,8.);
#6370 = AXIS2_PLACEMENT_3D('',#6371,#6372,#6373);
#6371 = CARTESIAN_POINT('',(19.781083518149,-987.0517265955,
    204.81592034301));
#6372 = DIRECTION('',(-1.,4.25E-15,5.77E-15));
#6373 = DIRECTION('',(5.770000807807E-15,1.9007228924E-07,1.));
#6374 = ORIENTED_EDGE('',*,*,#6375,.T.);
#6375 = EDGE_CURVE('',#6367,#6376,#6378,.T.);
#6376 = VERTEX_POINT('',#6377);
#6377 = CARTESIAN_POINT('',(19.781083518149,-983.7120954224,
    212.08550517484));
#6378 = CIRCLE('',#6379,8.);
#6379 = AXIS2_PLACEMENT_3D('',#6380,#6381,#6382);
#6380 = CARTESIAN_POINT('',(19.781083518149,-987.0517265955,
    204.81592034301));
#6381 = DIRECTION('',(-1.,4.25E-15,5.77E-15));
#6382 = DIRECTION('',(5.770000807807E-15,1.9007228924E-07,1.));
#6383 = ORIENTED_EDGE('',*,*,#6384,.T.);
#6384 = EDGE_CURVE('',#6376,#6385,#6387,.T.);
#6385 = VERTEX_POINT('',#6386);
#6386 = CARTESIAN_POINT('',(19.781083518149,-1.055632099171E+03,
    192.36551884484));
#6387 = CIRCLE('',#6388,58.);
#6388 = AXIS2_PLACEMENT_3D('',#6389,#6390,#6391);
#6389 = CARTESIAN_POINT('',(19.781083518149,-1.007924421428E+03,
    159.38101514403));
#6390 = DIRECTION('',(1.,-4.254871108656E-15,-5.771262587054E-15));
#6391 = DIRECTION('',(5.771263395787E-15,1.900722892334E-07,1.));
#6392 = ORIENTED_EDGE('',*,*,#6393,.T.);
#6393 = EDGE_CURVE('',#6385,#6394,#6396,.T.);
#6394 = VERTEX_POINT('',#6395);
#6395 = CARTESIAN_POINT('',(19.781083518149,-1.049051728306E+03,
    195.81593212749));
#6396 = CIRCLE('',#6397,8.);
#6397 = AXIS2_PLACEMENT_3D('',#6398,#6399,#6400);
#6398 = CARTESIAN_POINT('',(19.781083518149,-1.049051729827E+03,
    187.81593212749));
#6399 = DIRECTION('',(-1.,4.25E-15,5.77E-15));
#6400 = DIRECTION('',(5.770000807807E-15,1.9007228924E-07,1.));
#6401 = ORIENTED_EDGE('',*,*,#6402,.T.);
#6402 = EDGE_CURVE('',#6394,#6358,#6403,.T.);
#6403 = CIRCLE('',#6404,8.);
#6404 = AXIS2_PLACEMENT_3D('',#6405,#6406,#6407);
#6405 = CARTESIAN_POINT('',(19.781083518149,-1.049051729827E+03,
    187.81593212749));
#6406 = DIRECTION('',(-1.,4.25E-15,5.77E-15));
#6407 = DIRECTION('',(5.770000807807E-15,1.9007228924E-07,1.));
#6408 = PLANE('',#6409);
#6409 = AXIS2_PLACEMENT_3D('',#6410,#6411,#6412);
#6410 = CARTESIAN_POINT('',(19.781083518149,-1.019431905347E+03,
    201.34951718971));
#6411 = DIRECTION('',(1.,-4.254871108656E-15,-5.771262587054E-15));
#6412 = DIRECTION('',(5.771263395787E-15,1.900722892334E-07,1.));
#6413 = ADVANCED_FACE('',(#6414),#6440,.F.);
#6414 = FACE_BOUND('',#6415,.T.);
#6415 = EDGE_LOOP('',(#6416,#6424,#6433,#6439));
#6416 = ORIENTED_EDGE('',*,*,#6417,.T.);
#6417 = EDGE_CURVE('',#6356,#6418,#6420,.T.);
#6418 = VERTEX_POINT('',#6419);
#6419 = CARTESIAN_POINT('',(24.781083518149,-990.3913577687,
    197.54633551117));
#6420 = LINE('',#6421,#6422);
#6421 = CARTESIAN_POINT('',(19.781083518149,-990.3913577687,
    197.54633551117));
#6422 = VECTOR('',#6423,1.);
#6423 = DIRECTION('',(1.,-4.25E-15,-5.77E-15));
#6424 = ORIENTED_EDGE('',*,*,#6425,.T.);
#6425 = EDGE_CURVE('',#6418,#6426,#6428,.T.);
#6426 = VERTEX_POINT('',#6427);
#6427 = CARTESIAN_POINT('',(24.781083518149,-1.042471360483E+03,
    183.26634541013));
#6428 = CIRCLE('',#6429,41.999999999996);
#6429 = AXIS2_PLACEMENT_3D('',#6430,#6431,#6432);
#6430 = CARTESIAN_POINT('',(24.781083518149,-1.007924421428E+03,
    159.38101514403));
#6431 = DIRECTION('',(1.,-4.254871108656E-15,-5.771262587054E-15));
#6432 = DIRECTION('',(5.771263395787E-15,1.900722892334E-07,1.));
#6433 = ORIENTED_EDGE('',*,*,#6434,.F.);
#6434 = EDGE_CURVE('',#6358,#6426,#6435,.T.);
#6435 = LINE('',#6436,#6437);
#6436 = CARTESIAN_POINT('',(19.781083518149,-1.042471360483E+03,
    183.26634541013));
#6437 = VECTOR('',#6438,1.);
#6438 = DIRECTION('',(1.,-4.25E-15,-5.77E-15));
#6439 = ORIENTED_EDGE('',*,*,#6355,.F.);
#6440 = CYLINDRICAL_SURFACE('',#6441,41.999999999996);
#6441 = AXIS2_PLACEMENT_3D('',#6442,#6443,#6444);
#6442 = CARTESIAN_POINT('',(19.781083518149,-1.007924421428E+03,
    159.38101514403));
#6443 = DIRECTION('',(-1.,4.254871108656E-15,5.771262587054E-15));
#6444 = DIRECTION('',(5.771263395787E-15,1.900722892334E-07,1.));
#6445 = ADVANCED_FACE('',(#6446),#6472,.T.);
#6446 = FACE_BOUND('',#6447,.F.);
#6447 = EDGE_LOOP('',(#6448,#6456,#6465,#6471));
#6448 = ORIENTED_EDGE('',*,*,#6449,.T.);
#6449 = EDGE_CURVE('',#6376,#6450,#6452,.T.);
#6450 = VERTEX_POINT('',#6451);
#6451 = CARTESIAN_POINT('',(24.781083518149,-983.7120954224,
    212.08550517484));
#6452 = LINE('',#6453,#6454);
#6453 = CARTESIAN_POINT('',(19.781083518149,-983.7120954224,
    212.08550517484));
#6454 = VECTOR('',#6455,1.);
#6455 = DIRECTION('',(1.,-4.25E-15,-5.77E-15));
#6456 = ORIENTED_EDGE('',*,*,#6457,.T.);
#6457 = EDGE_CURVE('',#6450,#6458,#6460,.T.);
#6458 = VERTEX_POINT('',#6459);
#6459 = CARTESIAN_POINT('',(24.781083518149,-1.055632099171E+03,
    192.36551884484));
#6460 = CIRCLE('',#6461,58.);
#6461 = AXIS2_PLACEMENT_3D('',#6462,#6463,#6464);
#6462 = CARTESIAN_POINT('',(24.781083518149,-1.007924421428E+03,
    159.38101514403));
#6463 = DIRECTION('',(1.,-4.254871108656E-15,-5.771262587054E-15));
#6464 = DIRECTION('',(5.771263395787E-15,1.900722892334E-07,1.));
#6465 = ORIENTED_EDGE('',*,*,#6466,.F.);
#6466 = EDGE_CURVE('',#6385,#6458,#6467,.T.);
#6467 = LINE('',#6468,#6469);
#6468 = CARTESIAN_POINT('',(19.781083518149,-1.055632099171E+03,
    192.36551884484));
#6469 = VECTOR('',#6470,1.);
#6470 = DIRECTION('',(1.,-4.25E-15,-5.77E-15));
#6471 = ORIENTED_EDGE('',*,*,#6384,.F.);
#6472 = CYLINDRICAL_SURFACE('',#6473,58.);
#6473 = AXIS2_PLACEMENT_3D('',#6474,#6475,#6476);
#6474 = CARTESIAN_POINT('',(19.781083518149,-1.007924421428E+03,
    159.38101514403));
#6475 = DIRECTION('',(-1.,4.254871108656E-15,5.771262587054E-15));
#6476 = DIRECTION('',(5.771263395787E-15,1.900722892334E-07,1.));
#6477 = ADVANCED_FACE('',(#6478),#6514,.T.);
#6478 = FACE_BOUND('',#6479,.T.);
#6479 = EDGE_LOOP('',(#6480,#6481,#6490,#6497,#6498,#6507));
#6480 = ORIENTED_EDGE('',*,*,#6425,.F.);
#6481 = ORIENTED_EDGE('',*,*,#6482,.F.);
#6482 = EDGE_CURVE('',#6483,#6418,#6485,.T.);
#6483 = VERTEX_POINT('',#6484);
#6484 = CARTESIAN_POINT('',(24.781083518149,-987.0517250749,
    212.81592034301));
#6485 = CIRCLE('',#6486,8.);
#6486 = AXIS2_PLACEMENT_3D('',#6487,#6488,#6489);
#6487 = CARTESIAN_POINT('',(24.781083518149,-987.0517265955,
    204.81592034301));
#6488 = DIRECTION('',(1.,-4.25E-15,-5.77E-15));
#6489 = DIRECTION('',(5.770000807807E-15,1.9007228924E-07,1.));
#6490 = ORIENTED_EDGE('',*,*,#6491,.F.);
#6491 = EDGE_CURVE('',#6450,#6483,#6492,.T.);
#6492 = CIRCLE('',#6493,8.);
#6493 = AXIS2_PLACEMENT_3D('',#6494,#6495,#6496);
#6494 = CARTESIAN_POINT('',(24.781083518149,-987.0517265955,
    204.81592034301));
#6495 = DIRECTION('',(1.,-4.25E-15,-5.77E-15));
#6496 = DIRECTION('',(5.770000807807E-15,1.9007228924E-07,1.));
#6497 = ORIENTED_EDGE('',*,*,#6457,.T.);
#6498 = ORIENTED_EDGE('',*,*,#6499,.F.);
#6499 = EDGE_CURVE('',#6500,#6458,#6502,.T.);
#6500 = VERTEX_POINT('',#6501);
#6501 = CARTESIAN_POINT('',(24.781083518149,-1.049051728306E+03,
    195.81593212749));
#6502 = CIRCLE('',#6503,8.);
#6503 = AXIS2_PLACEMENT_3D('',#6504,#6505,#6506);
#6504 = CARTESIAN_POINT('',(24.781083518149,-1.049051729827E+03,
    187.81593212749));
#6505 = DIRECTION('',(1.,-4.25E-15,-5.77E-15));
#6506 = DIRECTION('',(5.770000807807E-15,1.9007228924E-07,1.));
#6507 = ORIENTED_EDGE('',*,*,#6508,.F.);
#6508 = EDGE_CURVE('',#6426,#6500,#6509,.T.);
#6509 = CIRCLE('',#6510,8.);
#6510 = AXIS2_PLACEMENT_3D('',#6511,#6512,#6513);
#6511 = CARTESIAN_POINT('',(24.781083518149,-1.049051729827E+03,
    187.81593212749));
#6512 = DIRECTION('',(1.,-4.25E-15,-5.77E-15));
#6513 = DIRECTION('',(5.770000807807E-15,1.9007228924E-07,1.));
#6514 = PLANE('',#6515);
#6515 = AXIS2_PLACEMENT_3D('',#6516,#6517,#6518);
#6516 = CARTESIAN_POINT('',(24.781083518149,-1.019431905347E+03,
    201.34951718971));
#6517 = DIRECTION('',(1.,-4.254871108656E-15,-5.771262587054E-15));
#6518 = DIRECTION('',(5.771263395787E-15,1.900722892334E-07,1.));
#6519 = ADVANCED_FACE('',(#6520),#6558,.T.);
#6520 = FACE_BOUND('',#6521,.F.);
#6521 = EDGE_LOOP('',(#6522,#6523,#6524,#6525,#6532,#6539,#6540,#6541,
    #6542,#6543,#6550,#6557));
#6522 = ORIENTED_EDGE('',*,*,#6508,.F.);
#6523 = ORIENTED_EDGE('',*,*,#6434,.F.);
#6524 = ORIENTED_EDGE('',*,*,#6402,.F.);
#6525 = ORIENTED_EDGE('',*,*,#6526,.F.);
#6526 = EDGE_CURVE('',#6527,#6394,#6529,.T.);
#6527 = VERTEX_POINT('',#6528);
#6528 = CARTESIAN_POINT('',(17.781083518149,-1.049051728306E+03,
    195.81593212749));
#6529 = B_SPLINE_CURVE_WITH_KNOTS('',1,(#6530,#6531),.UNSPECIFIED.,.F.,
  .F.,(2,2),(-2.,0.),.PIECEWISE_BEZIER_KNOTS.);
#6530 = CARTESIAN_POINT('',(17.781083518149,-1.049051728306E+03,
    195.81593212749));
#6531 = CARTESIAN_POINT('',(19.781083518149,-1.049051728306E+03,
    195.81593212749));
#6532 = ORIENTED_EDGE('',*,*,#6533,.T.);
#6533 = EDGE_CURVE('',#6527,#6527,#6534,.T.);
#6534 = CIRCLE('',#6535,8.);
#6535 = AXIS2_PLACEMENT_3D('',#6536,#6537,#6538);
#6536 = CARTESIAN_POINT('',(17.781083518149,-1.049051729827E+03,
    187.81593212749));
#6537 = DIRECTION('',(-1.,4.25E-15,5.77E-15));
#6538 = DIRECTION('',(5.770000807807E-15,1.9007228924E-07,1.));
#6539 = ORIENTED_EDGE('',*,*,#6526,.T.);
#6540 = ORIENTED_EDGE('',*,*,#6393,.F.);
#6541 = ORIENTED_EDGE('',*,*,#6466,.T.);
#6542 = ORIENTED_EDGE('',*,*,#6499,.F.);
#6543 = ORIENTED_EDGE('',*,*,#6544,.T.);
#6544 = EDGE_CURVE('',#6500,#6545,#6547,.T.);
#6545 = VERTEX_POINT('',#6546);
#6546 = CARTESIAN_POINT('',(26.781083518149,-1.049051728306E+03,
    195.81593212749));
#6547 = B_SPLINE_CURVE_WITH_KNOTS('',1,(#6548,#6549),.UNSPECIFIED.,.F.,
  .F.,(2,2),(5.,7.),.PIECEWISE_BEZIER_KNOTS.);
#6548 = CARTESIAN_POINT('',(24.781083518149,-1.049051728306E+03,
    195.81593212749));
#6549 = CARTESIAN_POINT('',(26.781083518149,-1.049051728306E+03,
    195.81593212749));
#6550 = ORIENTED_EDGE('',*,*,#6551,.T.);
#6551 = EDGE_CURVE('',#6545,#6545,#6552,.T.);
#6552 = CIRCLE('',#6553,8.);
#6553 = AXIS2_PLACEMENT_3D('',#6554,#6555,#6556);
#6554 = CARTESIAN_POINT('',(26.781083518149,-1.049051729827E+03,
    187.81593212749));
#6555 = DIRECTION('',(1.,-4.25E-15,-5.77E-15));
#6556 = DIRECTION('',(5.770000807807E-15,1.9007228924E-07,1.));
#6557 = ORIENTED_EDGE('',*,*,#6544,.F.);
#6558 = CYLINDRICAL_SURFACE('',#6559,8.);
#6559 = AXIS2_PLACEMENT_3D('',#6560,#6561,#6562);
#6560 = CARTESIAN_POINT('',(19.781083518149,-1.049051729827E+03,
    187.81593212749));
#6561 = DIRECTION('',(1.,-4.25E-15,-5.77E-15));
#6562 = DIRECTION('',(5.770000807807E-15,1.9007228924E-07,1.));
#6563 = ADVANCED_FACE('',(#6564),#6620,.F.);
#6564 = FACE_BOUND('',#6565,.F.);
#6565 = EDGE_LOOP('',(#6566,#6577,#6586,#6595,#6604,#6613));
#6566 = ORIENTED_EDGE('',*,*,#6567,.F.);
#6567 = EDGE_CURVE('',#6568,#6570,#6572,.T.);
#6568 = VERTEX_POINT('',#6569);
#6569 = CARTESIAN_POINT('',(-19.21891648184,-990.3913763734,
    197.54635820058));
#6570 = VERTEX_POINT('',#6571);
#6571 = CARTESIAN_POINT('',(-19.21891648184,-1.042471372992E+03,
    183.26634586719));
#6572 = CIRCLE('',#6573,41.999999999996);
#6573 = AXIS2_PLACEMENT_3D('',#6574,#6575,#6576);
#6574 = CARTESIAN_POINT('',(-19.21891648184,-1.00792442374E+03,
    159.38103034879));
#6575 = DIRECTION('',(1.,0.,0.));
#6576 = DIRECTION('',(0.,-2.368162443614E-07,1.));
#6577 = ORIENTED_EDGE('',*,*,#6578,.T.);
#6578 = EDGE_CURVE('',#6568,#6579,#6581,.T.);
#6579 = VERTEX_POINT('',#6580);
#6580 = CARTESIAN_POINT('',(-19.21891648184,-987.051750198,
    212.81594445807));
#6581 = CIRCLE('',#6582,8.);
#6582 = AXIS2_PLACEMENT_3D('',#6583,#6584,#6585);
#6583 = CARTESIAN_POINT('',(-19.21891648184,-987.0517483035,
    204.81594445807));
#6584 = DIRECTION('',(-1.,0.,0.));
#6585 = DIRECTION('',(0.,-2.3681624434E-07,1.));
#6586 = ORIENTED_EDGE('',*,*,#6587,.T.);
#6587 = EDGE_CURVE('',#6579,#6588,#6590,.T.);
#6588 = VERTEX_POINT('',#6589);
#6589 = CARTESIAN_POINT('',(-19.21891648184,-983.7121202336,
    212.08553071555));
#6590 = CIRCLE('',#6591,8.);
#6591 = AXIS2_PLACEMENT_3D('',#6592,#6593,#6594);
#6592 = CARTESIAN_POINT('',(-19.21891648184,-987.0517483035,
    204.81594445807));
#6593 = DIRECTION('',(-1.,0.,0.));
#6594 = DIRECTION('',(0.,-2.3681624434E-07,1.));
#6595 = ORIENTED_EDGE('',*,*,#6596,.T.);
#6596 = EDGE_CURVE('',#6588,#6597,#6599,.T.);
#6597 = VERTEX_POINT('',#6598);
#6598 = CARTESIAN_POINT('',(-19.21891648184,-1.055632115564E+03,
    192.36551368373));
#6599 = CIRCLE('',#6600,58.);
#6600 = AXIS2_PLACEMENT_3D('',#6601,#6602,#6603);
#6601 = CARTESIAN_POINT('',(-19.21891648184,-1.00792442374E+03,
    159.38103034879));
#6602 = DIRECTION('',(1.,0.,0.));
#6603 = DIRECTION('',(0.,-2.368162443614E-07,1.));
#6604 = ORIENTED_EDGE('',*,*,#6605,.T.);
#6605 = EDGE_CURVE('',#6597,#6606,#6608,.T.);
#6606 = VERTEX_POINT('',#6607);
#6607 = CARTESIAN_POINT('',(-19.21891648184,-1.049051746172E+03,
    195.81592977546));
#6608 = CIRCLE('',#6609,8.);
#6609 = AXIS2_PLACEMENT_3D('',#6610,#6611,#6612);
#6610 = CARTESIAN_POINT('',(-19.21891648184,-1.049051744278E+03,
    187.81592977546));
#6611 = DIRECTION('',(-1.,0.,0.));
#6612 = DIRECTION('',(0.,-2.3681624434E-07,1.));
#6613 = ORIENTED_EDGE('',*,*,#6614,.T.);
#6614 = EDGE_CURVE('',#6606,#6570,#6615,.T.);
#6615 = CIRCLE('',#6616,8.);
#6616 = AXIS2_PLACEMENT_3D('',#6617,#6618,#6619);
#6617 = CARTESIAN_POINT('',(-19.21891648184,-1.049051744278E+03,
    187.81592977546));
#6618 = DIRECTION('',(-1.,0.,0.));
#6619 = DIRECTION('',(0.,-2.3681624434E-07,1.));
#6620 = PLANE('',#6621);
#6621 = AXIS2_PLACEMENT_3D('',#6622,#6623,#6624);
#6622 = CARTESIAN_POINT('',(-19.21891648184,-1.019431925576E+03,
    201.34952748205));
#6623 = DIRECTION('',(1.,0.,0.));
#6624 = DIRECTION('',(0.,-2.368162443614E-07,1.));
#6625 = ADVANCED_FACE('',(#6626),#6652,.F.);
#6626 = FACE_BOUND('',#6627,.T.);
#6627 = EDGE_LOOP('',(#6628,#6636,#6645,#6651));
#6628 = ORIENTED_EDGE('',*,*,#6629,.T.);
#6629 = EDGE_CURVE('',#6568,#6630,#6632,.T.);
#6630 = VERTEX_POINT('',#6631);
#6631 = CARTESIAN_POINT('',(-14.21891648184,-990.3913763734,
    197.54635820058));
#6632 = LINE('',#6633,#6634);
#6633 = CARTESIAN_POINT('',(-19.21891648184,-990.3913763734,
    197.54635820058));
#6634 = VECTOR('',#6635,1.);
#6635 = DIRECTION('',(1.,0.,0.));
#6636 = ORIENTED_EDGE('',*,*,#6637,.T.);
#6637 = EDGE_CURVE('',#6630,#6638,#6640,.T.);
#6638 = VERTEX_POINT('',#6639);
#6639 = CARTESIAN_POINT('',(-14.21891648184,-1.042471372992E+03,
    183.26634586719));
#6640 = CIRCLE('',#6641,41.999999999996);
#6641 = AXIS2_PLACEMENT_3D('',#6642,#6643,#6644);
#6642 = CARTESIAN_POINT('',(-14.21891648184,-1.00792442374E+03,
    159.38103034879));
#6643 = DIRECTION('',(1.,0.,0.));
#6644 = DIRECTION('',(0.,-2.368162443614E-07,1.));
#6645 = ORIENTED_EDGE('',*,*,#6646,.F.);
#6646 = EDGE_CURVE('',#6570,#6638,#6647,.T.);
#6647 = LINE('',#6648,#6649);
#6648 = CARTESIAN_POINT('',(-19.21891648184,-1.042471372992E+03,
    183.26634586719));
#6649 = VECTOR('',#6650,1.);
#6650 = DIRECTION('',(1.,0.,0.));
#6651 = ORIENTED_EDGE('',*,*,#6567,.F.);
#6652 = CYLINDRICAL_SURFACE('',#6653,41.999999999996);
#6653 = AXIS2_PLACEMENT_3D('',#6654,#6655,#6656);
#6654 = CARTESIAN_POINT('',(-19.21891648184,-1.00792442374E+03,
    159.38103034879));
#6655 = DIRECTION('',(-1.,0.,0.));
#6656 = DIRECTION('',(0.,-2.368162443614E-07,1.));
#6657 = ADVANCED_FACE('',(#6658),#6684,.T.);
#6658 = FACE_BOUND('',#6659,.F.);
#6659 = EDGE_LOOP('',(#6660,#6668,#6677,#6683));
#6660 = ORIENTED_EDGE('',*,*,#6661,.T.);
#6661 = EDGE_CURVE('',#6588,#6662,#6664,.T.);
#6662 = VERTEX_POINT('',#6663);
#6663 = CARTESIAN_POINT('',(-14.21891648184,-983.7121202336,
    212.08553071555));
#6664 = LINE('',#6665,#6666);
#6665 = CARTESIAN_POINT('',(-19.21891648184,-983.7121202336,
    212.08553071555));
#6666 = VECTOR('',#6667,1.);
#6667 = DIRECTION('',(1.,0.,0.));
#6668 = ORIENTED_EDGE('',*,*,#6669,.T.);
#6669 = EDGE_CURVE('',#6662,#6670,#6672,.T.);
#6670 = VERTEX_POINT('',#6671);
#6671 = CARTESIAN_POINT('',(-14.21891648184,-1.055632115564E+03,
    192.36551368373));
#6672 = CIRCLE('',#6673,58.);
#6673 = AXIS2_PLACEMENT_3D('',#6674,#6675,#6676);
#6674 = CARTESIAN_POINT('',(-14.21891648184,-1.00792442374E+03,
    159.38103034879));
#6675 = DIRECTION('',(1.,0.,0.));
#6676 = DIRECTION('',(0.,-2.368162443614E-07,1.));
#6677 = ORIENTED_EDGE('',*,*,#6678,.F.);
#6678 = EDGE_CURVE('',#6597,#6670,#6679,.T.);
#6679 = LINE('',#6680,#6681);
#6680 = CARTESIAN_POINT('',(-19.21891648184,-1.055632115564E+03,
    192.36551368373));
#6681 = VECTOR('',#6682,1.);
#6682 = DIRECTION('',(1.,0.,0.));
#6683 = ORIENTED_EDGE('',*,*,#6596,.F.);
#6684 = CYLINDRICAL_SURFACE('',#6685,58.);
#6685 = AXIS2_PLACEMENT_3D('',#6686,#6687,#6688);
#6686 = CARTESIAN_POINT('',(-19.21891648184,-1.00792442374E+03,
    159.38103034879));
#6687 = DIRECTION('',(-1.,0.,0.));
#6688 = DIRECTION('',(0.,-2.368162443614E-07,1.));
#6689 = ADVANCED_FACE('',(#6690),#6726,.T.);
#6690 = FACE_BOUND('',#6691,.T.);
#6691 = EDGE_LOOP('',(#6692,#6693,#6702,#6709,#6710,#6719));
#6692 = ORIENTED_EDGE('',*,*,#6637,.F.);
#6693 = ORIENTED_EDGE('',*,*,#6694,.F.);
#6694 = EDGE_CURVE('',#6695,#6630,#6697,.T.);
#6695 = VERTEX_POINT('',#6696);
#6696 = CARTESIAN_POINT('',(-14.21891648184,-987.051750198,
    212.81594445807));
#6697 = CIRCLE('',#6698,8.);
#6698 = AXIS2_PLACEMENT_3D('',#6699,#6700,#6701);
#6699 = CARTESIAN_POINT('',(-14.21891648184,-987.0517483035,
    204.81594445807));
#6700 = DIRECTION('',(1.,0.,0.));
#6701 = DIRECTION('',(0.,-2.3681624434E-07,1.));
#6702 = ORIENTED_EDGE('',*,*,#6703,.F.);
#6703 = EDGE_CURVE('',#6662,#6695,#6704,.T.);
#6704 = CIRCLE('',#6705,8.);
#6705 = AXIS2_PLACEMENT_3D('',#6706,#6707,#6708);
#6706 = CARTESIAN_POINT('',(-14.21891648184,-987.0517483035,
    204.81594445807));
#6707 = DIRECTION('',(1.,0.,0.));
#6708 = DIRECTION('',(0.,-2.3681624434E-07,1.));
#6709 = ORIENTED_EDGE('',*,*,#6669,.T.);
#6710 = ORIENTED_EDGE('',*,*,#6711,.F.);
#6711 = EDGE_CURVE('',#6712,#6670,#6714,.T.);
#6712 = VERTEX_POINT('',#6713);
#6713 = CARTESIAN_POINT('',(-14.21891648184,-1.049051746172E+03,
    195.81592977546));
#6714 = CIRCLE('',#6715,8.);
#6715 = AXIS2_PLACEMENT_3D('',#6716,#6717,#6718);
#6716 = CARTESIAN_POINT('',(-14.21891648184,-1.049051744278E+03,
    187.81592977546));
#6717 = DIRECTION('',(1.,0.,0.));
#6718 = DIRECTION('',(0.,-2.3681624434E-07,1.));
#6719 = ORIENTED_EDGE('',*,*,#6720,.F.);
#6720 = EDGE_CURVE('',#6638,#6712,#6721,.T.);
#6721 = CIRCLE('',#6722,8.);
#6722 = AXIS2_PLACEMENT_3D('',#6723,#6724,#6725);
#6723 = CARTESIAN_POINT('',(-14.21891648184,-1.049051744278E+03,
    187.81592977546));
#6724 = DIRECTION('',(1.,0.,0.));
#6725 = DIRECTION('',(0.,-2.3681624434E-07,1.));
#6726 = PLANE('',#6727);
#6727 = AXIS2_PLACEMENT_3D('',#6728,#6729,#6730);
#6728 = CARTESIAN_POINT('',(-14.21891648184,-1.019431925576E+03,
    201.34952748205));
#6729 = DIRECTION('',(1.,0.,0.));
#6730 = DIRECTION('',(0.,-2.368162443614E-07,1.));
#6731 = ADVANCED_FACE('',(#6732),#6770,.T.);
#6732 = FACE_BOUND('',#6733,.F.);
#6733 = EDGE_LOOP('',(#6734,#6735,#6736,#6737,#6744,#6751,#6752,#6753,
    #6754,#6755,#6762,#6769));
#6734 = ORIENTED_EDGE('',*,*,#6720,.F.);
#6735 = ORIENTED_EDGE('',*,*,#6646,.F.);
#6736 = ORIENTED_EDGE('',*,*,#6614,.F.);
#6737 = ORIENTED_EDGE('',*,*,#6738,.F.);
#6738 = EDGE_CURVE('',#6739,#6606,#6741,.T.);
#6739 = VERTEX_POINT('',#6740);
#6740 = CARTESIAN_POINT('',(-21.21891648184,-1.049051746172E+03,
    195.81592977546));
#6741 = B_SPLINE_CURVE_WITH_KNOTS('',1,(#6742,#6743),.UNSPECIFIED.,.F.,
  .F.,(2,2),(-2.,0.),.PIECEWISE_BEZIER_KNOTS.);
#6742 = CARTESIAN_POINT('',(-21.21891648184,-1.049051746172E+03,
    195.81592977546));
#6743 = CARTESIAN_POINT('',(-19.21891648184,-1.049051746172E+03,
    195.81592977546));
#6744 = ORIENTED_EDGE('',*,*,#6745,.T.);
#6745 = EDGE_CURVE('',#6739,#6739,#6746,.T.);
#6746 = CIRCLE('',#6747,8.);
#6747 = AXIS2_PLACEMENT_3D('',#6748,#6749,#6750);
#6748 = CARTESIAN_POINT('',(-21.21891648184,-1.049051744278E+03,
    187.81592977546));
#6749 = DIRECTION('',(-1.,0.,0.));
#6750 = DIRECTION('',(0.,-2.3681624434E-07,1.));
#6751 = ORIENTED_EDGE('',*,*,#6738,.T.);
#6752 = ORIENTED_EDGE('',*,*,#6605,.F.);
#6753 = ORIENTED_EDGE('',*,*,#6678,.T.);
#6754 = ORIENTED_EDGE('',*,*,#6711,.F.);
#6755 = ORIENTED_EDGE('',*,*,#6756,.T.);
#6756 = EDGE_CURVE('',#6712,#6757,#6759,.T.);
#6757 = VERTEX_POINT('',#6758);
#6758 = CARTESIAN_POINT('',(-12.21891648184,-1.049051746172E+03,
    195.81592977546));
#6759 = B_SPLINE_CURVE_WITH_KNOTS('',1,(#6760,#6761),.UNSPECIFIED.,.F.,
  .F.,(2,2),(5.,7.),.PIECEWISE_BEZIER_KNOTS.);
#6760 = CARTESIAN_POINT('',(-14.21891648184,-1.049051746172E+03,
    195.81592977546));
#6761 = CARTESIAN_POINT('',(-12.21891648184,-1.049051746172E+03,
    195.81592977546));
#6762 = ORIENTED_EDGE('',*,*,#6763,.T.);
#6763 = EDGE_CURVE('',#6757,#6757,#6764,.T.);
#6764 = CIRCLE('',#6765,8.);
#6765 = AXIS2_PLACEMENT_3D('',#6766,#6767,#6768);
#6766 = CARTESIAN_POINT('',(-12.21891648184,-1.049051744278E+03,
    187.81592977546));
#6767 = DIRECTION('',(1.,0.,0.));
#6768 = DIRECTION('',(0.,-2.3681624434E-07,1.));
#6769 = ORIENTED_EDGE('',*,*,#6756,.F.);
#6770 = CYLINDRICAL_SURFACE('',#6771,8.);
#6771 = AXIS2_PLACEMENT_3D('',#6772,#6773,#6774);
#6772 = CARTESIAN_POINT('',(-19.21891648184,-1.049051744278E+03,
    187.81592977546));
#6773 = DIRECTION('',(1.,0.,0.));
#6774 = DIRECTION('',(0.,-2.3681624434E-07,1.));
#6775 = ADVANCED_FACE('',(#6776),#6779,.T.);
#6776 = FACE_BOUND('',#6777,.T.);
#6777 = EDGE_LOOP('',(#6778));
#6778 = ORIENTED_EDGE('',*,*,#6745,.T.);
#6779 = PLANE('',#6780);
#6780 = AXIS2_PLACEMENT_3D('',#6781,#6782,#6783);
#6781 = CARTESIAN_POINT('',(-21.21891648184,-1.049051744278E+03,
    187.81592977546));
#6782 = DIRECTION('',(-1.,0.,0.));
#6783 = DIRECTION('',(0.,2.368162443614E-07,-1.));
#6784 = ADVANCED_FACE('',(#6785,#6788),#6799,.T.);
#6785 = FACE_BOUND('',#6786,.T.);
#6786 = EDGE_LOOP('',(#6787));
#6787 = ORIENTED_EDGE('',*,*,#6763,.T.);
#6788 = FACE_BOUND('',#6789,.T.);
#6789 = EDGE_LOOP('',(#6790));
#6790 = ORIENTED_EDGE('',*,*,#6791,.T.);
#6791 = EDGE_CURVE('',#6792,#6792,#6794,.T.);
#6792 = VERTEX_POINT('',#6793);
#6793 = CARTESIAN_POINT('',(-12.21891648184,-1.044951744278E+03,
    187.81592977546));
#6794 = CIRCLE('',#6795,4.1);
#6795 = AXIS2_PLACEMENT_3D('',#6796,#6797,#6798);
#6796 = CARTESIAN_POINT('',(-12.21891648184,-1.049051744278E+03,
    187.81592977546));
#6797 = DIRECTION('',(-1.,0.,0.));
#6798 = DIRECTION('',(0.,1.,0.));
#6799 = PLANE('',#6800);
#6800 = AXIS2_PLACEMENT_3D('',#6801,#6802,#6803);
#6801 = CARTESIAN_POINT('',(-12.21891648184,-1.049051744278E+03,
    187.81592977546));
#6802 = DIRECTION('',(1.,0.,0.));
#6803 = DIRECTION('',(0.,-2.368162443614E-07,1.));
#6804 = ADVANCED_FACE('',(#6805),#6824,.T.);
#6805 = FACE_BOUND('',#6806,.F.);
#6806 = EDGE_LOOP('',(#6807,#6808,#6816,#6823));
#6807 = ORIENTED_EDGE('',*,*,#6791,.T.);
#6808 = ORIENTED_EDGE('',*,*,#6809,.T.);
#6809 = EDGE_CURVE('',#6792,#6810,#6812,.T.);
#6810 = VERTEX_POINT('',#6811);
#6811 = CARTESIAN_POINT('',(17.781083518149,-1.044951744278E+03,
    187.81592977546));
#6812 = LINE('',#6813,#6814);
#6813 = CARTESIAN_POINT('',(-21.21891648184,-1.044951744278E+03,
    187.81592977546));
#6814 = VECTOR('',#6815,1.);
#6815 = DIRECTION('',(1.,0.,0.));
#6816 = ORIENTED_EDGE('',*,*,#6817,.F.);
#6817 = EDGE_CURVE('',#6810,#6810,#6818,.T.);
#6818 = CIRCLE('',#6819,4.1);
#6819 = AXIS2_PLACEMENT_3D('',#6820,#6821,#6822);
#6820 = CARTESIAN_POINT('',(17.781083518149,-1.049051744278E+03,
    187.81592977546));
#6821 = DIRECTION('',(-1.,0.,0.));
#6822 = DIRECTION('',(0.,1.,0.));
#6823 = ORIENTED_EDGE('',*,*,#6809,.F.);
#6824 = CYLINDRICAL_SURFACE('',#6825,4.1);
#6825 = AXIS2_PLACEMENT_3D('',#6826,#6827,#6828);
#6826 = CARTESIAN_POINT('',(-21.21891648184,-1.049051744278E+03,
    187.81592977546));
#6827 = DIRECTION('',(-1.,-0.,-0.));
#6828 = DIRECTION('',(0.,1.,0.));
#6829 = ADVANCED_FACE('',(#6830,#6833),#6836,.T.);
#6830 = FACE_BOUND('',#6831,.T.);
#6831 = EDGE_LOOP('',(#6832));
#6832 = ORIENTED_EDGE('',*,*,#6533,.T.);
#6833 = FACE_BOUND('',#6834,.T.);
#6834 = EDGE_LOOP('',(#6835));
#6835 = ORIENTED_EDGE('',*,*,#6817,.F.);
#6836 = PLANE('',#6837);
#6837 = AXIS2_PLACEMENT_3D('',#6838,#6839,#6840);
#6838 = CARTESIAN_POINT('',(17.781083518149,-1.049051729827E+03,
    187.81593212749));
#6839 = DIRECTION('',(-1.,4.254871108656E-15,5.771262587054E-15));
#6840 = DIRECTION('',(-5.771263395787E-15,-1.900722892334E-07,-1.));
#6841 = ADVANCED_FACE('',(#6842),#6880,.T.);
#6842 = FACE_BOUND('',#6843,.F.);
#6843 = EDGE_LOOP('',(#6844,#6845,#6846,#6847,#6854,#6861,#6862,#6863,
    #6864,#6865,#6872,#6879));
#6844 = ORIENTED_EDGE('',*,*,#6703,.F.);
#6845 = ORIENTED_EDGE('',*,*,#6661,.F.);
#6846 = ORIENTED_EDGE('',*,*,#6587,.F.);
#6847 = ORIENTED_EDGE('',*,*,#6848,.F.);
#6848 = EDGE_CURVE('',#6849,#6579,#6851,.T.);
#6849 = VERTEX_POINT('',#6850);
#6850 = CARTESIAN_POINT('',(-21.21891648184,-987.051750198,
    212.81594445807));
#6851 = B_SPLINE_CURVE_WITH_KNOTS('',1,(#6852,#6853),.UNSPECIFIED.,.F.,
  .F.,(2,2),(-2.,0.),.PIECEWISE_BEZIER_KNOTS.);
#6852 = CARTESIAN_POINT('',(-21.21891648184,-987.051750198,
    212.81594445807));
#6853 = CARTESIAN_POINT('',(-19.21891648184,-987.051750198,
    212.81594445807));
#6854 = ORIENTED_EDGE('',*,*,#6855,.T.);
#6855 = EDGE_CURVE('',#6849,#6849,#6856,.T.);
#6856 = CIRCLE('',#6857,8.);
#6857 = AXIS2_PLACEMENT_3D('',#6858,#6859,#6860);
#6858 = CARTESIAN_POINT('',(-21.21891648184,-987.0517483035,
    204.81594445807));
#6859 = DIRECTION('',(-1.,0.,0.));
#6860 = DIRECTION('',(0.,-2.3681624434E-07,1.));
#6861 = ORIENTED_EDGE('',*,*,#6848,.T.);
#6862 = ORIENTED_EDGE('',*,*,#6578,.F.);
#6863 = ORIENTED_EDGE('',*,*,#6629,.T.);
#6864 = ORIENTED_EDGE('',*,*,#6694,.F.);
#6865 = ORIENTED_EDGE('',*,*,#6866,.T.);
#6866 = EDGE_CURVE('',#6695,#6867,#6869,.T.);
#6867 = VERTEX_POINT('',#6868);
#6868 = CARTESIAN_POINT('',(-12.21891648184,-987.051750198,
    212.81594445807));
#6869 = B_SPLINE_CURVE_WITH_KNOTS('',1,(#6870,#6871),.UNSPECIFIED.,.F.,
  .F.,(2,2),(5.,7.),.PIECEWISE_BEZIER_KNOTS.);
#6870 = CARTESIAN_POINT('',(-14.21891648184,-987.051750198,
    212.81594445807));
#6871 = CARTESIAN_POINT('',(-12.21891648184,-987.051750198,
    212.81594445807));
#6872 = ORIENTED_EDGE('',*,*,#6873,.T.);
#6873 = EDGE_CURVE('',#6867,#6867,#6874,.T.);
#6874 = CIRCLE('',#6875,8.);
#6875 = AXIS2_PLACEMENT_3D('',#6876,#6877,#6878);
#6876 = CARTESIAN_POINT('',(-12.21891648184,-987.0517483035,
    204.81594445807));
#6877 = DIRECTION('',(1.,0.,0.));
#6878 = DIRECTION('',(0.,-2.3681624434E-07,1.));
#6879 = ORIENTED_EDGE('',*,*,#6866,.F.);
#6880 = CYLINDRICAL_SURFACE('',#6881,8.);
#6881 = AXIS2_PLACEMENT_3D('',#6882,#6883,#6884);
#6882 = CARTESIAN_POINT('',(-19.21891648184,-987.0517483035,
    204.81594445807));
#6883 = DIRECTION('',(1.,0.,0.));
#6884 = DIRECTION('',(0.,-2.3681624434E-07,1.));
#6885 = ADVANCED_FACE('',(#6886,#6889),#6900,.T.);
#6886 = FACE_BOUND('',#6887,.T.);
#6887 = EDGE_LOOP('',(#6888));
#6888 = ORIENTED_EDGE('',*,*,#6855,.T.);
#6889 = FACE_BOUND('',#6890,.T.);
#6890 = EDGE_LOOP('',(#6891));
#6891 = ORIENTED_EDGE('',*,*,#6892,.F.);
#6892 = EDGE_CURVE('',#6893,#6893,#6895,.T.);
#6893 = VERTEX_POINT('',#6894);
#6894 = CARTESIAN_POINT('',(-21.21891648184,-987.0517492508,
    208.81594445807));
#6895 = CIRCLE('',#6896,4.);
#6896 = AXIS2_PLACEMENT_3D('',#6897,#6898,#6899);
#6897 = CARTESIAN_POINT('',(-21.21891648184,-987.0517483035,
    204.81594445807));
#6898 = DIRECTION('',(-1.,0.,0.));
#6899 = DIRECTION('',(0.,-2.3681624434E-07,1.));
#6900 = PLANE('',#6901);
#6901 = AXIS2_PLACEMENT_3D('',#6902,#6903,#6904);
#6902 = CARTESIAN_POINT('',(-21.21891648184,-987.0517483035,
    204.81594445807));
#6903 = DIRECTION('',(-1.,0.,0.));
#6904 = DIRECTION('',(0.,2.368162443614E-07,-1.));
#6905 = ADVANCED_FACE('',(#6906,#6909),#6920,.T.);
#6906 = FACE_BOUND('',#6907,.T.);
#6907 = EDGE_LOOP('',(#6908));
#6908 = ORIENTED_EDGE('',*,*,#6873,.T.);
#6909 = FACE_BOUND('',#6910,.T.);
#6910 = EDGE_LOOP('',(#6911));
#6911 = ORIENTED_EDGE('',*,*,#6912,.F.);
#6912 = EDGE_CURVE('',#6913,#6913,#6915,.T.);
#6913 = VERTEX_POINT('',#6914);
#6914 = CARTESIAN_POINT('',(-12.21891648184,-987.0517492508,
    208.81594445807));
#6915 = CIRCLE('',#6916,4.);
#6916 = AXIS2_PLACEMENT_3D('',#6917,#6918,#6919);
#6917 = CARTESIAN_POINT('',(-12.21891648184,-987.0517483035,
    204.81594445807));
#6918 = DIRECTION('',(1.,0.,0.));
#6919 = DIRECTION('',(0.,-2.3681624434E-07,1.));
#6920 = PLANE('',#6921);
#6921 = AXIS2_PLACEMENT_3D('',#6922,#6923,#6924);
#6922 = CARTESIAN_POINT('',(-12.21891648184,-987.0517483035,
    204.81594445807));
#6923 = DIRECTION('',(1.,0.,0.));
#6924 = DIRECTION('',(0.,-2.368162443614E-07,1.));
#6925 = ADVANCED_FACE('',(#6926),#6936,.F.);
#6926 = FACE_BOUND('',#6927,.T.);
#6927 = EDGE_LOOP('',(#6928,#6929,#6934,#6935));
#6928 = ORIENTED_EDGE('',*,*,#6912,.T.);
#6929 = ORIENTED_EDGE('',*,*,#6930,.F.);
#6930 = EDGE_CURVE('',#6893,#6913,#6931,.T.);
#6931 = B_SPLINE_CURVE_WITH_KNOTS('',1,(#6932,#6933),.UNSPECIFIED.,.F.,
  .F.,(2,2),(-2.,7.),.PIECEWISE_BEZIER_KNOTS.);
#6932 = CARTESIAN_POINT('',(-21.21891648184,-987.0517492508,
    208.81594445807));
#6933 = CARTESIAN_POINT('',(-12.21891648184,-987.0517492508,
    208.81594445807));
#6934 = ORIENTED_EDGE('',*,*,#6892,.T.);
#6935 = ORIENTED_EDGE('',*,*,#6930,.T.);
#6936 = CYLINDRICAL_SURFACE('',#6937,4.);
#6937 = AXIS2_PLACEMENT_3D('',#6938,#6939,#6940);
#6938 = CARTESIAN_POINT('',(-19.21891648184,-987.0517483035,
    204.81594445807));
#6939 = DIRECTION('',(1.,0.,0.));
#6940 = DIRECTION('',(0.,-2.3681624434E-07,1.));
#6941 = ADVANCED_FACE('',(#6942),#6945,.T.);
#6942 = FACE_BOUND('',#6943,.T.);
#6943 = EDGE_LOOP('',(#6944));
#6944 = ORIENTED_EDGE('',*,*,#6551,.T.);
#6945 = PLANE('',#6946);
#6946 = AXIS2_PLACEMENT_3D('',#6947,#6948,#6949);
#6947 = CARTESIAN_POINT('',(26.781083518149,-1.049051729827E+03,
    187.81593212749));
#6948 = DIRECTION('',(1.,-4.254871108656E-15,-5.771262587054E-15));
#6949 = DIRECTION('',(5.771263395787E-15,1.900722892334E-07,1.));
#6950 = ADVANCED_FACE('',(#6951),#6989,.T.);
#6951 = FACE_BOUND('',#6952,.F.);
#6952 = EDGE_LOOP('',(#6953,#6954,#6955,#6956,#6963,#6970,#6971,#6972,
    #6973,#6974,#6981,#6988));
#6953 = ORIENTED_EDGE('',*,*,#6491,.F.);
#6954 = ORIENTED_EDGE('',*,*,#6449,.F.);
#6955 = ORIENTED_EDGE('',*,*,#6375,.F.);
#6956 = ORIENTED_EDGE('',*,*,#6957,.F.);
#6957 = EDGE_CURVE('',#6958,#6367,#6960,.T.);
#6958 = VERTEX_POINT('',#6959);
#6959 = CARTESIAN_POINT('',(17.781083518149,-987.0517250749,
    212.81592034301));
#6960 = B_SPLINE_CURVE_WITH_KNOTS('',1,(#6961,#6962),.UNSPECIFIED.,.F.,
  .F.,(2,2),(-2.,0.),.PIECEWISE_BEZIER_KNOTS.);
#6961 = CARTESIAN_POINT('',(17.781083518149,-987.0517250749,
    212.81592034301));
#6962 = CARTESIAN_POINT('',(19.781083518149,-987.0517250749,
    212.81592034301));
#6963 = ORIENTED_EDGE('',*,*,#6964,.T.);
#6964 = EDGE_CURVE('',#6958,#6958,#6965,.T.);
#6965 = CIRCLE('',#6966,8.);
#6966 = AXIS2_PLACEMENT_3D('',#6967,#6968,#6969);
#6967 = CARTESIAN_POINT('',(17.781083518149,-987.0517265955,
    204.81592034301));
#6968 = DIRECTION('',(-1.,4.25E-15,5.77E-15));
#6969 = DIRECTION('',(5.770000807807E-15,1.9007228924E-07,1.));
#6970 = ORIENTED_EDGE('',*,*,#6957,.T.);
#6971 = ORIENTED_EDGE('',*,*,#6366,.F.);
#6972 = ORIENTED_EDGE('',*,*,#6417,.T.);
#6973 = ORIENTED_EDGE('',*,*,#6482,.F.);
#6974 = ORIENTED_EDGE('',*,*,#6975,.T.);
#6975 = EDGE_CURVE('',#6483,#6976,#6978,.T.);
#6976 = VERTEX_POINT('',#6977);
#6977 = CARTESIAN_POINT('',(26.781083518149,-987.0517250749,
    212.81592034301));
#6978 = B_SPLINE_CURVE_WITH_KNOTS('',1,(#6979,#6980),.UNSPECIFIED.,.F.,
  .F.,(2,2),(5.,7.),.PIECEWISE_BEZIER_KNOTS.);
#6979 = CARTESIAN_POINT('',(24.781083518149,-987.0517250749,
    212.81592034301));
#6980 = CARTESIAN_POINT('',(26.781083518149,-987.0517250749,
    212.81592034301));
#6981 = ORIENTED_EDGE('',*,*,#6982,.T.);
#6982 = EDGE_CURVE('',#6976,#6976,#6983,.T.);
#6983 = CIRCLE('',#6984,8.);
#6984 = AXIS2_PLACEMENT_3D('',#6985,#6986,#6987);
#6985 = CARTESIAN_POINT('',(26.781083518149,-987.0517265955,
    204.81592034301));
#6986 = DIRECTION('',(1.,-4.25E-15,-5.77E-15));
#6987 = DIRECTION('',(5.770000807807E-15,1.9007228924E-07,1.));
#6988 = ORIENTED_EDGE('',*,*,#6975,.F.);
#6989 = CYLINDRICAL_SURFACE('',#6990,8.);
#6990 = AXIS2_PLACEMENT_3D('',#6991,#6992,#6993);
#6991 = CARTESIAN_POINT('',(19.781083518149,-987.0517265955,
    204.81592034301));
#6992 = DIRECTION('',(1.,-4.25E-15,-5.77E-15));
#6993 = DIRECTION('',(5.770000807807E-15,1.9007228924E-07,1.));
#6994 = ADVANCED_FACE('',(#6995,#6998),#7009,.T.);
#6995 = FACE_BOUND('',#6996,.T.);
#6996 = EDGE_LOOP('',(#6997));
#6997 = ORIENTED_EDGE('',*,*,#6964,.T.);
#6998 = FACE_BOUND('',#6999,.T.);
#6999 = EDGE_LOOP('',(#7000));
#7000 = ORIENTED_EDGE('',*,*,#7001,.F.);
#7001 = EDGE_CURVE('',#7002,#7002,#7004,.T.);
#7002 = VERTEX_POINT('',#7003);
#7003 = CARTESIAN_POINT('',(17.781083518149,-987.0517258352,
    208.81592034301));
#7004 = CIRCLE('',#7005,4.);
#7005 = AXIS2_PLACEMENT_3D('',#7006,#7007,#7008);
#7006 = CARTESIAN_POINT('',(17.781083518149,-987.0517265955,
    204.81592034301));
#7007 = DIRECTION('',(-1.,4.25E-15,5.77E-15));
#7008 = DIRECTION('',(5.770000807807E-15,1.9007228924E-07,1.));
#7009 = PLANE('',#7010);
#7010 = AXIS2_PLACEMENT_3D('',#7011,#7012,#7013);
#7011 = CARTESIAN_POINT('',(17.781083518149,-987.0517265955,
    204.81592034301));
#7012 = DIRECTION('',(-1.,4.254871108656E-15,5.771262587054E-15));
#7013 = DIRECTION('',(-5.771263395787E-15,-1.900722892334E-07,-1.));
#7014 = ADVANCED_FACE('',(#7015,#7018),#7029,.T.);
#7015 = FACE_BOUND('',#7016,.T.);
#7016 = EDGE_LOOP('',(#7017));
#7017 = ORIENTED_EDGE('',*,*,#6982,.T.);
#7018 = FACE_BOUND('',#7019,.T.);
#7019 = EDGE_LOOP('',(#7020));
#7020 = ORIENTED_EDGE('',*,*,#7021,.F.);
#7021 = EDGE_CURVE('',#7022,#7022,#7024,.T.);
#7022 = VERTEX_POINT('',#7023);
#7023 = CARTESIAN_POINT('',(26.781083518149,-987.0517258352,
    208.81592034301));
#7024 = CIRCLE('',#7025,4.);
#7025 = AXIS2_PLACEMENT_3D('',#7026,#7027,#7028);
#7026 = CARTESIAN_POINT('',(26.781083518149,-987.0517265955,
    204.81592034301));
#7027 = DIRECTION('',(1.,-4.25E-15,-5.77E-15));
#7028 = DIRECTION('',(5.770000807807E-15,1.9007228924E-07,1.));
#7029 = PLANE('',#7030);
#7030 = AXIS2_PLACEMENT_3D('',#7031,#7032,#7033);
#7031 = CARTESIAN_POINT('',(26.781083518149,-987.0517265955,
    204.81592034301));
#7032 = DIRECTION('',(1.,-4.254871108656E-15,-5.771262587054E-15));
#7033 = DIRECTION('',(5.771263395787E-15,1.900722892334E-07,1.));
#7034 = ADVANCED_FACE('',(#7035),#7045,.F.);
#7035 = FACE_BOUND('',#7036,.T.);
#7036 = EDGE_LOOP('',(#7037,#7038,#7043,#7044));
#7037 = ORIENTED_EDGE('',*,*,#7021,.T.);
#7038 = ORIENTED_EDGE('',*,*,#7039,.F.);
#7039 = EDGE_CURVE('',#7002,#7022,#7040,.T.);
#7040 = B_SPLINE_CURVE_WITH_KNOTS('',1,(#7041,#7042),.UNSPECIFIED.,.F.,
  .F.,(2,2),(-2.,7.),.PIECEWISE_BEZIER_KNOTS.);
#7041 = CARTESIAN_POINT('',(17.781083518149,-987.0517258352,
    208.81592034301));
#7042 = CARTESIAN_POINT('',(26.781083518149,-987.0517258352,
    208.81592034301));
#7043 = ORIENTED_EDGE('',*,*,#7001,.T.);
#7044 = ORIENTED_EDGE('',*,*,#7039,.T.);
#7045 = CYLINDRICAL_SURFACE('',#7046,4.);
#7046 = AXIS2_PLACEMENT_3D('',#7047,#7048,#7049);
#7047 = CARTESIAN_POINT('',(19.781083518149,-987.0517265955,
    204.81592034301));
#7048 = DIRECTION('',(1.,-4.25E-15,-5.77E-15));
#7049 = DIRECTION('',(5.770000807807E-15,1.9007228924E-07,1.));
#7050 = ( GEOMETRIC_REPRESENTATION_CONTEXT(3) 
GLOBAL_UNCERTAINTY_ASSIGNED_CONTEXT((#7054)) 
GLOBAL_UNIT_ASSIGNED_CONTEXT((#7051,#7052,#7053)) REPRESENTATION_CONTEXT
('Context #1','3D Context with UNIT and UNCERTAINTY') );
#7051 = ( LENGTH_UNIT() NAMED_UNIT(*) SI_UNIT(.MILLI.,.METRE.) );
#7052 = ( NAMED_UNIT(*) PLANE_ANGLE_UNIT() SI_UNIT($,.RADIAN.) );
#7053 = ( NAMED_UNIT(*) SI_UNIT($,.STERADIAN.) SOLID_ANGLE_UNIT() );
#7054 = UNCERTAINTY_MEASURE_WITH_UNIT(LENGTH_MEASURE(2.E-05),#7051,
  'distance_accuracy_value','confusion accuracy');
#7055 = CONTEXT_DEPENDENT_SHAPE_REPRESENTATION(#7056,#7058);
#7056 = ( REPRESENTATION_RELATIONSHIP('','',#6348,#10) 
REPRESENTATION_RELATIONSHIP_WITH_TRANSFORMATION(#7057) 
SHAPE_REPRESENTATION_RELATIONSHIP() );
#7057 = ITEM_DEFINED_TRANSFORMATION('','',#11,#35);
#7058 = PRODUCT_DEFINITION_SHAPE('Placement','Placement of an item',
  #7059);
#7059 = NEXT_ASSEMBLY_USAGE_OCCURRENCE('6','BucketLink003','',#5,#6343,$
  );
#7060 = PRODUCT_RELATED_PRODUCT_CATEGORY('part',$,(#6345));
#7061 = SHAPE_DEFINITION_REPRESENTATION(#7062,#7068);
#7062 = PRODUCT_DEFINITION_SHAPE('','',#7063);
#7063 = PRODUCT_DEFINITION('design','',#7064,#7067);
#7064 = PRODUCT_DEFINITION_FORMATION('','',#7065);
#7065 = PRODUCT('BucketLink1','BucketLink1','',(#7066));
#7066 = PRODUCT_CONTEXT('',#2,'mechanical');
#7067 = PRODUCT_DEFINITION_CONTEXT('part definition',#2,'design');
#7068 = ADVANCED_BREP_SHAPE_REPRESENTATION('',(#11,#7069),#7733);
#7069 = MANIFOLD_SOLID_BREP('',#7070);
#7070 = CLOSED_SHELL('',(#7071,#7222,#7255,#7279,#7316,#7360,#7384,#7410
    ,#7430,#7447,#7464,#7484,#7525,#7538,#7563,#7590,#7615,#7642,#7659,
    #7679,#7696,#7721));
#7071 = ADVANCED_FACE('',(#7072),#7217,.T.);
#7072 = FACE_BOUND('',#7073,.F.);
#7073 = EDGE_LOOP('',(#7074,#7084,#7091,#7092,#7101,#7109,#7118,#7126,
    #7135,#7143,#7152,#7160,#7167,#7168,#7177,#7185,#7192,#7193,#7202,
    #7210));
#7074 = ORIENTED_EDGE('',*,*,#7075,.F.);
#7075 = EDGE_CURVE('',#7076,#7078,#7080,.T.);
#7076 = VERTEX_POINT('',#7077);
#7077 = CARTESIAN_POINT('',(-9.9,-1.01098E+03,112.2));
#7078 = VERTEX_POINT('',#7079);
#7079 = CARTESIAN_POINT('',(-7.9,-1.01098E+03,112.2));
#7080 = LINE('',#7081,#7082);
#7081 = CARTESIAN_POINT('',(-9.9,-1.01098E+03,112.2));
#7082 = VECTOR('',#7083,1.);
#7083 = DIRECTION('',(1.,0.,0.));
#7084 = ORIENTED_EDGE('',*,*,#7085,.F.);
#7085 = EDGE_CURVE('',#7076,#7076,#7086,.T.);
#7086 = CIRCLE('',#7087,8.);
#7087 = AXIS2_PLACEMENT_3D('',#7088,#7089,#7090);
#7088 = CARTESIAN_POINT('',(-9.9,-1.01898E+03,112.2));
#7089 = DIRECTION('',(1.,0.,0.));
#7090 = DIRECTION('',(0.,1.,0.));
#7091 = ORIENTED_EDGE('',*,*,#7075,.T.);
#7092 = ORIENTED_EDGE('',*,*,#7093,.T.);
#7093 = EDGE_CURVE('',#7078,#7094,#7096,.T.);
#7094 = VERTEX_POINT('',#7095);
#7095 = CARTESIAN_POINT('',(-7.9,-1.026559086896E+03,114.76075024664));
#7096 = CIRCLE('',#7097,8.);
#7097 = AXIS2_PLACEMENT_3D('',#7098,#7099,#7100);
#7098 = CARTESIAN_POINT('',(-7.9,-1.01898E+03,112.2));
#7099 = DIRECTION('',(1.,0.,0.));
#7100 = DIRECTION('',(0.,1.,0.));
#7101 = ORIENTED_EDGE('',*,*,#7102,.T.);
#7102 = EDGE_CURVE('',#7094,#7103,#7105,.T.);
#7103 = VERTEX_POINT('',#7104);
#7104 = CARTESIAN_POINT('',(-2.9,-1.026559086896E+03,114.76075024664));
#7105 = LINE('',#7106,#7107);
#7106 = CARTESIAN_POINT('',(-7.9,-1.026559086896E+03,114.76075024664));
#7107 = VECTOR('',#7108,1.);
#7108 = DIRECTION('',(1.,0.,0.));
#7109 = ORIENTED_EDGE('',*,*,#7110,.F.);
#7110 = EDGE_CURVE('',#7111,#7103,#7113,.T.);
#7111 = VERTEX_POINT('',#7112);
#7112 = CARTESIAN_POINT('',(-2.9,-1.01098E+03,112.2));
#7113 = CIRCLE('',#7114,8.);
#7114 = AXIS2_PLACEMENT_3D('',#7115,#7116,#7117);
#7115 = CARTESIAN_POINT('',(-2.9,-1.01898E+03,112.2));
#7116 = DIRECTION('',(1.,0.,0.));
#7117 = DIRECTION('',(0.,1.,0.));
#7118 = ORIENTED_EDGE('',*,*,#7119,.T.);
#7119 = EDGE_CURVE('',#7111,#7120,#7122,.T.);
#7120 = VERTEX_POINT('',#7121);
#7121 = CARTESIAN_POINT('',(13.1,-1.01098E+03,112.2));
#7122 = LINE('',#7123,#7124);
#7123 = CARTESIAN_POINT('',(-9.9,-1.01098E+03,112.2));
#7124 = VECTOR('',#7125,1.);
#7125 = DIRECTION('',(1.,0.,0.));
#7126 = ORIENTED_EDGE('',*,*,#7127,.T.);
#7127 = EDGE_CURVE('',#7120,#7128,#7130,.T.);
#7128 = VERTEX_POINT('',#7129);
#7129 = CARTESIAN_POINT('',(13.1,-1.026559086896E+03,114.76075024664));
#7130 = CIRCLE('',#7131,8.);
#7131 = AXIS2_PLACEMENT_3D('',#7132,#7133,#7134);
#7132 = CARTESIAN_POINT('',(13.1,-1.01898E+03,112.2));
#7133 = DIRECTION('',(1.,0.,0.));
#7134 = DIRECTION('',(0.,1.,0.));
#7135 = ORIENTED_EDGE('',*,*,#7136,.T.);
#7136 = EDGE_CURVE('',#7128,#7137,#7139,.T.);
#7137 = VERTEX_POINT('',#7138);
#7138 = CARTESIAN_POINT('',(18.1,-1.026559086896E+03,114.76075024664));
#7139 = LINE('',#7140,#7141);
#7140 = CARTESIAN_POINT('',(13.1,-1.026559086896E+03,114.76075024664));
#7141 = VECTOR('',#7142,1.);
#7142 = DIRECTION('',(1.,0.,0.));
#7143 = ORIENTED_EDGE('',*,*,#7144,.F.);
#7144 = EDGE_CURVE('',#7145,#7137,#7147,.T.);
#7145 = VERTEX_POINT('',#7146);
#7146 = CARTESIAN_POINT('',(18.1,-1.01098E+03,112.2));
#7147 = CIRCLE('',#7148,8.);
#7148 = AXIS2_PLACEMENT_3D('',#7149,#7150,#7151);
#7149 = CARTESIAN_POINT('',(18.1,-1.01898E+03,112.2));
#7150 = DIRECTION('',(1.,0.,0.));
#7151 = DIRECTION('',(0.,1.,0.));
#7152 = ORIENTED_EDGE('',*,*,#7153,.T.);
#7153 = EDGE_CURVE('',#7145,#7154,#7156,.T.);
#7154 = VERTEX_POINT('',#7155);
#7155 = CARTESIAN_POINT('',(20.1,-1.01098E+03,112.2));
#7156 = LINE('',#7157,#7158);
#7157 = CARTESIAN_POINT('',(-9.9,-1.01098E+03,112.2));
#7158 = VECTOR('',#7159,1.);
#7159 = DIRECTION('',(1.,0.,0.));
#7160 = ORIENTED_EDGE('',*,*,#7161,.T.);
#7161 = EDGE_CURVE('',#7154,#7154,#7162,.T.);
#7162 = CIRCLE('',#7163,8.);
#7163 = AXIS2_PLACEMENT_3D('',#7164,#7165,#7166);
#7164 = CARTESIAN_POINT('',(20.1,-1.01898E+03,112.2));
#7165 = DIRECTION('',(1.,0.,0.));
#7166 = DIRECTION('',(0.,1.,0.));
#7167 = ORIENTED_EDGE('',*,*,#7153,.F.);
#7168 = ORIENTED_EDGE('',*,*,#7169,.F.);
#7169 = EDGE_CURVE('',#7170,#7145,#7172,.T.);
#7170 = VERTEX_POINT('',#7171);
#7171 = CARTESIAN_POINT('',(18.1,-1.011400913104E+03,109.63924975335));
#7172 = CIRCLE('',#7173,8.);
#7173 = AXIS2_PLACEMENT_3D('',#7174,#7175,#7176);
#7174 = CARTESIAN_POINT('',(18.1,-1.01898E+03,112.2));
#7175 = DIRECTION('',(1.,0.,0.));
#7176 = DIRECTION('',(0.,1.,0.));
#7177 = ORIENTED_EDGE('',*,*,#7178,.F.);
#7178 = EDGE_CURVE('',#7179,#7170,#7181,.T.);
#7179 = VERTEX_POINT('',#7180);
#7180 = CARTESIAN_POINT('',(13.1,-1.011400913104E+03,109.63924975335));
#7181 = LINE('',#7182,#7183);
#7182 = CARTESIAN_POINT('',(13.1,-1.011400913104E+03,109.63924975335));
#7183 = VECTOR('',#7184,1.);
#7184 = DIRECTION('',(1.,0.,0.));
#7185 = ORIENTED_EDGE('',*,*,#7186,.T.);
#7186 = EDGE_CURVE('',#7179,#7120,#7187,.T.);
#7187 = CIRCLE('',#7188,8.);
#7188 = AXIS2_PLACEMENT_3D('',#7189,#7190,#7191);
#7189 = CARTESIAN_POINT('',(13.1,-1.01898E+03,112.2));
#7190 = DIRECTION('',(1.,0.,0.));
#7191 = DIRECTION('',(0.,1.,0.));
#7192 = ORIENTED_EDGE('',*,*,#7119,.F.);
#7193 = ORIENTED_EDGE('',*,*,#7194,.F.);
#7194 = EDGE_CURVE('',#7195,#7111,#7197,.T.);
#7195 = VERTEX_POINT('',#7196);
#7196 = CARTESIAN_POINT('',(-2.9,-1.011400913104E+03,109.63924975335));
#7197 = CIRCLE('',#7198,8.);
#7198 = AXIS2_PLACEMENT_3D('',#7199,#7200,#7201);
#7199 = CARTESIAN_POINT('',(-2.9,-1.01898E+03,112.2));
#7200 = DIRECTION('',(1.,0.,0.));
#7201 = DIRECTION('',(0.,1.,0.));
#7202 = ORIENTED_EDGE('',*,*,#7203,.F.);
#7203 = EDGE_CURVE('',#7204,#7195,#7206,.T.);
#7204 = VERTEX_POINT('',#7205);
#7205 = CARTESIAN_POINT('',(-7.9,-1.011400913104E+03,109.63924975335));
#7206 = LINE('',#7207,#7208);
#7207 = CARTESIAN_POINT('',(-7.9,-1.011400913104E+03,109.63924975335));
#7208 = VECTOR('',#7209,1.);
#7209 = DIRECTION('',(1.,0.,0.));
#7210 = ORIENTED_EDGE('',*,*,#7211,.T.);
#7211 = EDGE_CURVE('',#7204,#7078,#7212,.T.);
#7212 = CIRCLE('',#7213,8.);
#7213 = AXIS2_PLACEMENT_3D('',#7214,#7215,#7216);
#7214 = CARTESIAN_POINT('',(-7.9,-1.01898E+03,112.2));
#7215 = DIRECTION('',(1.,0.,0.));
#7216 = DIRECTION('',(0.,1.,0.));
#7217 = CYLINDRICAL_SURFACE('',#7218,8.);
#7218 = AXIS2_PLACEMENT_3D('',#7219,#7220,#7221);
#7219 = CARTESIAN_POINT('',(-9.9,-1.01898E+03,112.2));
#7220 = DIRECTION('',(-1.,-0.,-0.));
#7221 = DIRECTION('',(0.,1.,0.));
#7222 = ADVANCED_FACE('',(#7223),#7250,.F.);
#7223 = FACE_BOUND('',#7224,.F.);
#7224 = EDGE_LOOP('',(#7225,#7226,#7234,#7243,#7249));
#7225 = ORIENTED_EDGE('',*,*,#7211,.F.);
#7226 = ORIENTED_EDGE('',*,*,#7227,.T.);
#7227 = EDGE_CURVE('',#7204,#7228,#7230,.T.);
#7228 = VERTEX_POINT('',#7229);
#7229 = CARTESIAN_POINT('',(-7.9,-996.0364116243,155.11377112823));
#7230 = LINE('',#7231,#7232);
#7231 = CARTESIAN_POINT('',(-7.9,-1.011400913104E+03,109.63924975335));
#7232 = VECTOR('',#7233,1.);
#7233 = DIRECTION('',(0.,0.320093780831,0.947385861977));
#7234 = ORIENTED_EDGE('',*,*,#7235,.T.);
#7235 = EDGE_CURVE('',#7228,#7236,#7238,.T.);
#7236 = VERTEX_POINT('',#7237);
#7237 = CARTESIAN_POINT('',(-7.9,-1.011194585416E+03,160.23527162153));
#7238 = CIRCLE('',#7239,8.);
#7239 = AXIS2_PLACEMENT_3D('',#7240,#7241,#7242);
#7240 = CARTESIAN_POINT('',(-7.9,-1.00361549852E+03,157.67452137488));
#7241 = DIRECTION('',(-1.,0.,0.));
#7242 = DIRECTION('',(0.,1.,0.));
#7243 = ORIENTED_EDGE('',*,*,#7244,.F.);
#7244 = EDGE_CURVE('',#7094,#7236,#7245,.T.);
#7245 = LINE('',#7246,#7247);
#7246 = CARTESIAN_POINT('',(-7.9,-1.026559086896E+03,114.76075024664));
#7247 = VECTOR('',#7248,1.);
#7248 = DIRECTION('',(0.,0.320093780831,0.947385861977));
#7249 = ORIENTED_EDGE('',*,*,#7093,.F.);
#7250 = PLANE('',#7251);
#7251 = AXIS2_PLACEMENT_3D('',#7252,#7253,#7254);
#7252 = CARTESIAN_POINT('',(-7.9,-1.010804932645E+03,136.39585664061));
#7253 = DIRECTION('',(1.,0.,0.));
#7254 = DIRECTION('',(0.,1.,0.));
#7255 = ADVANCED_FACE('',(#7256),#7274,.F.);
#7256 = FACE_BOUND('',#7257,.F.);
#7257 = EDGE_LOOP('',(#7258,#7259,#7267,#7273));
#7258 = ORIENTED_EDGE('',*,*,#7203,.T.);
#7259 = ORIENTED_EDGE('',*,*,#7260,.T.);
#7260 = EDGE_CURVE('',#7195,#7261,#7263,.T.);
#7261 = VERTEX_POINT('',#7262);
#7262 = CARTESIAN_POINT('',(-2.9,-996.0364116243,155.11377112823));
#7263 = LINE('',#7264,#7265);
#7264 = CARTESIAN_POINT('',(-2.9,-1.011400913104E+03,109.63924975335));
#7265 = VECTOR('',#7266,1.);
#7266 = DIRECTION('',(0.,0.320093780831,0.947385861977));
#7267 = ORIENTED_EDGE('',*,*,#7268,.F.);
#7268 = EDGE_CURVE('',#7228,#7261,#7269,.T.);
#7269 = LINE('',#7270,#7271);
#7270 = CARTESIAN_POINT('',(-7.9,-996.0364116243,155.11377112823));
#7271 = VECTOR('',#7272,1.);
#7272 = DIRECTION('',(1.,0.,0.));
#7273 = ORIENTED_EDGE('',*,*,#7227,.F.);
#7274 = PLANE('',#7275);
#7275 = AXIS2_PLACEMENT_3D('',#7276,#7277,#7278);
#7276 = CARTESIAN_POINT('',(-7.9,-1.011400913104E+03,109.63924975335));
#7277 = DIRECTION('',(0.,-0.947385861977,0.320093780831));
#7278 = DIRECTION('',(0.,0.320093780831,0.947385861977));
#7279 = ADVANCED_FACE('',(#7280,#7300),#7311,.T.);
#7280 = FACE_BOUND('',#7281,.T.);
#7281 = EDGE_LOOP('',(#7282,#7283,#7292,#7298,#7299));
#7282 = ORIENTED_EDGE('',*,*,#7260,.T.);
#7283 = ORIENTED_EDGE('',*,*,#7284,.T.);
#7284 = EDGE_CURVE('',#7261,#7285,#7287,.T.);
#7285 = VERTEX_POINT('',#7286);
#7286 = CARTESIAN_POINT('',(-2.9,-1.011194585416E+03,160.23527162153));
#7287 = CIRCLE('',#7288,8.);
#7288 = AXIS2_PLACEMENT_3D('',#7289,#7290,#7291);
#7289 = CARTESIAN_POINT('',(-2.9,-1.00361549852E+03,157.67452137488));
#7290 = DIRECTION('',(1.,0.,0.));
#7291 = DIRECTION('',(0.,1.,0.));
#7292 = ORIENTED_EDGE('',*,*,#7293,.F.);
#7293 = EDGE_CURVE('',#7103,#7285,#7294,.T.);
#7294 = LINE('',#7295,#7296);
#7295 = CARTESIAN_POINT('',(-2.9,-1.026559086896E+03,114.76075024664));
#7296 = VECTOR('',#7297,1.);
#7297 = DIRECTION('',(0.,0.320093780831,0.947385861977));
#7298 = ORIENTED_EDGE('',*,*,#7110,.F.);
#7299 = ORIENTED_EDGE('',*,*,#7194,.F.);
#7300 = FACE_BOUND('',#7301,.T.);
#7301 = EDGE_LOOP('',(#7302));
#7302 = ORIENTED_EDGE('',*,*,#7303,.F.);
#7303 = EDGE_CURVE('',#7304,#7304,#7306,.T.);
#7304 = VERTEX_POINT('',#7305);
#7305 = CARTESIAN_POINT('',(-2.9,-999.6154985201,157.67452137488));
#7306 = CIRCLE('',#7307,4.);
#7307 = AXIS2_PLACEMENT_3D('',#7308,#7309,#7310);
#7308 = CARTESIAN_POINT('',(-2.9,-1.00361549852E+03,157.67452137488));
#7309 = DIRECTION('',(1.,0.,0.));
#7310 = DIRECTION('',(0.,1.,0.));
#7311 = PLANE('',#7312);
#7312 = AXIS2_PLACEMENT_3D('',#7313,#7314,#7315);
#7313 = CARTESIAN_POINT('',(-2.9,-1.010804932645E+03,136.39585664061));
#7314 = DIRECTION('',(1.,0.,0.));
#7315 = DIRECTION('',(0.,1.,0.));
#7316 = ADVANCED_FACE('',(#7317,#7344),#7355,.F.);
#7317 = FACE_BOUND('',#7318,.F.);
#7318 = EDGE_LOOP('',(#7319,#7327,#7336,#7342,#7343));
#7319 = ORIENTED_EDGE('',*,*,#7320,.T.);
#7320 = EDGE_CURVE('',#7179,#7321,#7323,.T.);
#7321 = VERTEX_POINT('',#7322);
#7322 = CARTESIAN_POINT('',(13.1,-996.0364116243,155.11377112823));
#7323 = LINE('',#7324,#7325);
#7324 = CARTESIAN_POINT('',(13.1,-1.011400913104E+03,109.63924975335));
#7325 = VECTOR('',#7326,1.);
#7326 = DIRECTION('',(0.,0.320093780831,0.947385861977));
#7327 = ORIENTED_EDGE('',*,*,#7328,.T.);
#7328 = EDGE_CURVE('',#7321,#7329,#7331,.T.);
#7329 = VERTEX_POINT('',#7330);
#7330 = CARTESIAN_POINT('',(13.1,-1.011194585416E+03,160.23527162153));
#7331 = CIRCLE('',#7332,8.);
#7332 = AXIS2_PLACEMENT_3D('',#7333,#7334,#7335);
#7333 = CARTESIAN_POINT('',(13.1,-1.00361549852E+03,157.67452137488));
#7334 = DIRECTION('',(1.,0.,0.));
#7335 = DIRECTION('',(0.,1.,0.));
#7336 = ORIENTED_EDGE('',*,*,#7337,.F.);
#7337 = EDGE_CURVE('',#7128,#7329,#7338,.T.);
#7338 = LINE('',#7339,#7340);
#7339 = CARTESIAN_POINT('',(13.1,-1.026559086896E+03,114.76075024664));
#7340 = VECTOR('',#7341,1.);
#7341 = DIRECTION('',(0.,0.320093780831,0.947385861977));
#7342 = ORIENTED_EDGE('',*,*,#7127,.F.);
#7343 = ORIENTED_EDGE('',*,*,#7186,.F.);
#7344 = FACE_BOUND('',#7345,.F.);
#7345 = EDGE_LOOP('',(#7346));
#7346 = ORIENTED_EDGE('',*,*,#7347,.F.);
#7347 = EDGE_CURVE('',#7348,#7348,#7350,.T.);
#7348 = VERTEX_POINT('',#7349);
#7349 = CARTESIAN_POINT('',(13.1,-999.6154985201,157.67452137488));
#7350 = CIRCLE('',#7351,4.);
#7351 = AXIS2_PLACEMENT_3D('',#7352,#7353,#7354);
#7352 = CARTESIAN_POINT('',(13.1,-1.00361549852E+03,157.67452137488));
#7353 = DIRECTION('',(1.,0.,0.));
#7354 = DIRECTION('',(0.,1.,0.));
#7355 = PLANE('',#7356);
#7356 = AXIS2_PLACEMENT_3D('',#7357,#7358,#7359);
#7357 = CARTESIAN_POINT('',(13.1,-1.010804932645E+03,136.39585664061));
#7358 = DIRECTION('',(1.,0.,0.));
#7359 = DIRECTION('',(0.,1.,0.));
#7360 = ADVANCED_FACE('',(#7361),#7379,.F.);
#7361 = FACE_BOUND('',#7362,.F.);
#7362 = EDGE_LOOP('',(#7363,#7364,#7372,#7378));
#7363 = ORIENTED_EDGE('',*,*,#7178,.T.);
#7364 = ORIENTED_EDGE('',*,*,#7365,.T.);
#7365 = EDGE_CURVE('',#7170,#7366,#7368,.T.);
#7366 = VERTEX_POINT('',#7367);
#7367 = CARTESIAN_POINT('',(18.1,-996.0364116243,155.11377112823));
#7368 = LINE('',#7369,#7370);
#7369 = CARTESIAN_POINT('',(18.1,-1.011400913104E+03,109.63924975335));
#7370 = VECTOR('',#7371,1.);
#7371 = DIRECTION('',(0.,0.320093780831,0.947385861977));
#7372 = ORIENTED_EDGE('',*,*,#7373,.F.);
#7373 = EDGE_CURVE('',#7321,#7366,#7374,.T.);
#7374 = LINE('',#7375,#7376);
#7375 = CARTESIAN_POINT('',(13.1,-996.0364116243,155.11377112823));
#7376 = VECTOR('',#7377,1.);
#7377 = DIRECTION('',(1.,0.,0.));
#7378 = ORIENTED_EDGE('',*,*,#7320,.F.);
#7379 = PLANE('',#7380);
#7380 = AXIS2_PLACEMENT_3D('',#7381,#7382,#7383);
#7381 = CARTESIAN_POINT('',(13.1,-1.011400913104E+03,109.63924975335));
#7382 = DIRECTION('',(0.,-0.947385861977,0.320093780831));
#7383 = DIRECTION('',(0.,0.320093780831,0.947385861977));
#7384 = ADVANCED_FACE('',(#7385),#7405,.T.);
#7385 = FACE_BOUND('',#7386,.T.);
#7386 = EDGE_LOOP('',(#7387,#7388,#7389,#7398,#7404));
#7387 = ORIENTED_EDGE('',*,*,#7169,.F.);
#7388 = ORIENTED_EDGE('',*,*,#7365,.T.);
#7389 = ORIENTED_EDGE('',*,*,#7390,.F.);
#7390 = EDGE_CURVE('',#7391,#7366,#7393,.T.);
#7391 = VERTEX_POINT('',#7392);
#7392 = CARTESIAN_POINT('',(18.1,-1.011194585416E+03,160.23527162153));
#7393 = CIRCLE('',#7394,8.);
#7394 = AXIS2_PLACEMENT_3D('',#7395,#7396,#7397);
#7395 = CARTESIAN_POINT('',(18.1,-1.00361549852E+03,157.67452137488));
#7396 = DIRECTION('',(1.,0.,0.));
#7397 = DIRECTION('',(0.,1.,0.));
#7398 = ORIENTED_EDGE('',*,*,#7399,.F.);
#7399 = EDGE_CURVE('',#7137,#7391,#7400,.T.);
#7400 = LINE('',#7401,#7402);
#7401 = CARTESIAN_POINT('',(18.1,-1.026559086896E+03,114.76075024664));
#7402 = VECTOR('',#7403,1.);
#7403 = DIRECTION('',(0.,0.320093780831,0.947385861977));
#7404 = ORIENTED_EDGE('',*,*,#7144,.F.);
#7405 = PLANE('',#7406);
#7406 = AXIS2_PLACEMENT_3D('',#7407,#7408,#7409);
#7407 = CARTESIAN_POINT('',(18.1,-1.010804932645E+03,136.39585664061));
#7408 = DIRECTION('',(1.,0.,0.));
#7409 = DIRECTION('',(0.,1.,0.));
#7410 = ADVANCED_FACE('',(#7411,#7414),#7425,.T.);
#7411 = FACE_BOUND('',#7412,.T.);
#7412 = EDGE_LOOP('',(#7413));
#7413 = ORIENTED_EDGE('',*,*,#7161,.T.);
#7414 = FACE_BOUND('',#7415,.T.);
#7415 = EDGE_LOOP('',(#7416));
#7416 = ORIENTED_EDGE('',*,*,#7417,.F.);
#7417 = EDGE_CURVE('',#7418,#7418,#7420,.T.);
#7418 = VERTEX_POINT('',#7419);
#7419 = CARTESIAN_POINT('',(20.1,-1.01498E+03,112.2));
#7420 = CIRCLE('',#7421,4.);
#7421 = AXIS2_PLACEMENT_3D('',#7422,#7423,#7424);
#7422 = CARTESIAN_POINT('',(20.1,-1.01898E+03,112.2));
#7423 = DIRECTION('',(1.,0.,0.));
#7424 = DIRECTION('',(0.,1.,0.));
#7425 = PLANE('',#7426);
#7426 = AXIS2_PLACEMENT_3D('',#7427,#7428,#7429);
#7427 = CARTESIAN_POINT('',(20.1,-1.01898E+03,112.2));
#7428 = DIRECTION('',(1.,0.,0.));
#7429 = DIRECTION('',(0.,1.,0.));
#7430 = ADVANCED_FACE('',(#7431),#7442,.T.);
#7431 = FACE_BOUND('',#7432,.T.);
#7432 = EDGE_LOOP('',(#7433,#7434,#7435,#7441));
#7433 = ORIENTED_EDGE('',*,*,#7136,.T.);
#7434 = ORIENTED_EDGE('',*,*,#7399,.T.);
#7435 = ORIENTED_EDGE('',*,*,#7436,.F.);
#7436 = EDGE_CURVE('',#7329,#7391,#7437,.T.);
#7437 = LINE('',#7438,#7439);
#7438 = CARTESIAN_POINT('',(13.1,-1.011194585416E+03,160.23527162153));
#7439 = VECTOR('',#7440,1.);
#7440 = DIRECTION('',(1.,0.,0.));
#7441 = ORIENTED_EDGE('',*,*,#7337,.F.);
#7442 = PLANE('',#7443);
#7443 = AXIS2_PLACEMENT_3D('',#7444,#7445,#7446);
#7444 = CARTESIAN_POINT('',(13.1,-1.026559086896E+03,114.76075024664));
#7445 = DIRECTION('',(0.,-0.947385861977,0.320093780831));
#7446 = DIRECTION('',(0.,0.320093780831,0.947385861977));
#7447 = ADVANCED_FACE('',(#7448),#7459,.T.);
#7448 = FACE_BOUND('',#7449,.T.);
#7449 = EDGE_LOOP('',(#7450,#7451,#7452,#7458));
#7450 = ORIENTED_EDGE('',*,*,#7102,.T.);
#7451 = ORIENTED_EDGE('',*,*,#7293,.T.);
#7452 = ORIENTED_EDGE('',*,*,#7453,.F.);
#7453 = EDGE_CURVE('',#7236,#7285,#7454,.T.);
#7454 = LINE('',#7455,#7456);
#7455 = CARTESIAN_POINT('',(-7.9,-1.011194585416E+03,160.23527162153));
#7456 = VECTOR('',#7457,1.);
#7457 = DIRECTION('',(1.,0.,0.));
#7458 = ORIENTED_EDGE('',*,*,#7244,.F.);
#7459 = PLANE('',#7460);
#7460 = AXIS2_PLACEMENT_3D('',#7461,#7462,#7463);
#7461 = CARTESIAN_POINT('',(-7.9,-1.026559086896E+03,114.76075024664));
#7462 = DIRECTION('',(0.,-0.947385861977,0.320093780831));
#7463 = DIRECTION('',(0.,0.320093780831,0.947385861977));
#7464 = ADVANCED_FACE('',(#7465,#7468),#7479,.F.);
#7465 = FACE_BOUND('',#7466,.F.);
#7466 = EDGE_LOOP('',(#7467));
#7467 = ORIENTED_EDGE('',*,*,#7085,.T.);
#7468 = FACE_BOUND('',#7469,.F.);
#7469 = EDGE_LOOP('',(#7470));
#7470 = ORIENTED_EDGE('',*,*,#7471,.F.);
#7471 = EDGE_CURVE('',#7472,#7472,#7474,.T.);
#7472 = VERTEX_POINT('',#7473);
#7473 = CARTESIAN_POINT('',(-9.9,-1.01498E+03,112.2));
#7474 = CIRCLE('',#7475,4.);
#7475 = AXIS2_PLACEMENT_3D('',#7476,#7477,#7478);
#7476 = CARTESIAN_POINT('',(-9.9,-1.01898E+03,112.2));
#7477 = DIRECTION('',(1.,0.,0.));
#7478 = DIRECTION('',(0.,1.,0.));
#7479 = PLANE('',#7480);
#7480 = AXIS2_PLACEMENT_3D('',#7481,#7482,#7483);
#7481 = CARTESIAN_POINT('',(-9.9,-1.01898E+03,112.2));
#7482 = DIRECTION('',(1.,0.,0.));
#7483 = DIRECTION('',(0.,1.,0.));
#7484 = ADVANCED_FACE('',(#7485),#7520,.T.);
#7485 = FACE_BOUND('',#7486,.F.);
#7486 = EDGE_LOOP('',(#7487,#7496,#7504,#7511,#7512,#7519));
#7487 = ORIENTED_EDGE('',*,*,#7488,.T.);
#7488 = EDGE_CURVE('',#7228,#7489,#7491,.T.);
#7489 = VERTEX_POINT('',#7490);
#7490 = CARTESIAN_POINT('',(-7.9,-995.6154985201,157.67452137488));
#7491 = CIRCLE('',#7492,8.);
#7492 = AXIS2_PLACEMENT_3D('',#7493,#7494,#7495);
#7493 = CARTESIAN_POINT('',(-7.9,-1.00361549852E+03,157.67452137488));
#7494 = DIRECTION('',(1.,0.,0.));
#7495 = DIRECTION('',(0.,1.,0.));
#7496 = ORIENTED_EDGE('',*,*,#7497,.T.);
#7497 = EDGE_CURVE('',#7489,#7498,#7500,.T.);
#7498 = VERTEX_POINT('',#7499);
#7499 = CARTESIAN_POINT('',(-9.9,-995.6154985201,157.67452137488));
#7500 = LINE('',#7501,#7502);
#7501 = CARTESIAN_POINT('',(-7.9,-995.6154985201,157.67452137488));
#7502 = VECTOR('',#7503,1.);
#7503 = DIRECTION('',(-1.,0.,0.));
#7504 = ORIENTED_EDGE('',*,*,#7505,.T.);
#7505 = EDGE_CURVE('',#7498,#7498,#7506,.T.);
#7506 = CIRCLE('',#7507,8.);
#7507 = AXIS2_PLACEMENT_3D('',#7508,#7509,#7510);
#7508 = CARTESIAN_POINT('',(-9.9,-1.00361549852E+03,157.67452137488));
#7509 = DIRECTION('',(-1.,0.,0.));
#7510 = DIRECTION('',(0.,1.,0.));
#7511 = ORIENTED_EDGE('',*,*,#7497,.F.);
#7512 = ORIENTED_EDGE('',*,*,#7513,.T.);
#7513 = EDGE_CURVE('',#7489,#7236,#7514,.T.);
#7514 = CIRCLE('',#7515,8.);
#7515 = AXIS2_PLACEMENT_3D('',#7516,#7517,#7518);
#7516 = CARTESIAN_POINT('',(-7.9,-1.00361549852E+03,157.67452137488));
#7517 = DIRECTION('',(1.,0.,0.));
#7518 = DIRECTION('',(0.,1.,0.));
#7519 = ORIENTED_EDGE('',*,*,#7235,.F.);
#7520 = CYLINDRICAL_SURFACE('',#7521,8.);
#7521 = AXIS2_PLACEMENT_3D('',#7522,#7523,#7524);
#7522 = CARTESIAN_POINT('',(-7.9,-1.00361549852E+03,157.67452137488));
#7523 = DIRECTION('',(1.,0.,0.));
#7524 = DIRECTION('',(0.,1.,0.));
#7525 = ADVANCED_FACE('',(#7526),#7533,.T.);
#7526 = FACE_BOUND('',#7527,.F.);
#7527 = EDGE_LOOP('',(#7528,#7529,#7530,#7531,#7532));
#7528 = ORIENTED_EDGE('',*,*,#7268,.T.);
#7529 = ORIENTED_EDGE('',*,*,#7284,.T.);
#7530 = ORIENTED_EDGE('',*,*,#7453,.F.);
#7531 = ORIENTED_EDGE('',*,*,#7513,.F.);
#7532 = ORIENTED_EDGE('',*,*,#7488,.F.);
#7533 = CYLINDRICAL_SURFACE('',#7534,8.);
#7534 = AXIS2_PLACEMENT_3D('',#7535,#7536,#7537);
#7535 = CARTESIAN_POINT('',(-7.9,-1.00361549852E+03,157.67452137488));
#7536 = DIRECTION('',(-1.,-0.,-0.));
#7537 = DIRECTION('',(0.,1.,0.));
#7538 = ADVANCED_FACE('',(#7539),#7558,.F.);
#7539 = FACE_BOUND('',#7540,.T.);
#7540 = EDGE_LOOP('',(#7541,#7549,#7550,#7551));
#7541 = ORIENTED_EDGE('',*,*,#7542,.T.);
#7542 = EDGE_CURVE('',#7543,#7304,#7545,.T.);
#7543 = VERTEX_POINT('',#7544);
#7544 = CARTESIAN_POINT('',(-7.9,-999.6154985201,157.67452137488));
#7545 = LINE('',#7546,#7547);
#7546 = CARTESIAN_POINT('',(-7.9,-999.6154985201,157.67452137488));
#7547 = VECTOR('',#7548,1.);
#7548 = DIRECTION('',(1.,0.,0.));
#7549 = ORIENTED_EDGE('',*,*,#7303,.T.);
#7550 = ORIENTED_EDGE('',*,*,#7542,.F.);
#7551 = ORIENTED_EDGE('',*,*,#7552,.F.);
#7552 = EDGE_CURVE('',#7543,#7543,#7553,.T.);
#7553 = CIRCLE('',#7554,4.);
#7554 = AXIS2_PLACEMENT_3D('',#7555,#7556,#7557);
#7555 = CARTESIAN_POINT('',(-7.9,-1.00361549852E+03,157.67452137488));
#7556 = DIRECTION('',(1.,0.,0.));
#7557 = DIRECTION('',(0.,1.,0.));
#7558 = CYLINDRICAL_SURFACE('',#7559,4.);
#7559 = AXIS2_PLACEMENT_3D('',#7560,#7561,#7562);
#7560 = CARTESIAN_POINT('',(-7.9,-1.00361549852E+03,157.67452137488));
#7561 = DIRECTION('',(-1.,-0.,-0.));
#7562 = DIRECTION('',(0.,1.,0.));
#7563 = ADVANCED_FACE('',(#7564),#7585,.T.);
#7564 = FACE_BOUND('',#7565,.F.);
#7565 = EDGE_LOOP('',(#7566,#7567,#7576,#7583,#7584));
#7566 = ORIENTED_EDGE('',*,*,#7373,.T.);
#7567 = ORIENTED_EDGE('',*,*,#7568,.T.);
#7568 = EDGE_CURVE('',#7366,#7569,#7571,.T.);
#7569 = VERTEX_POINT('',#7570);
#7570 = CARTESIAN_POINT('',(18.1,-995.6154985201,157.67452137488));
#7571 = CIRCLE('',#7572,8.);
#7572 = AXIS2_PLACEMENT_3D('',#7573,#7574,#7575);
#7573 = CARTESIAN_POINT('',(18.1,-1.00361549852E+03,157.67452137488));
#7574 = DIRECTION('',(1.,0.,0.));
#7575 = DIRECTION('',(0.,1.,0.));
#7576 = ORIENTED_EDGE('',*,*,#7577,.T.);
#7577 = EDGE_CURVE('',#7569,#7391,#7578,.T.);
#7578 = CIRCLE('',#7579,8.);
#7579 = AXIS2_PLACEMENT_3D('',#7580,#7581,#7582);
#7580 = CARTESIAN_POINT('',(18.1,-1.00361549852E+03,157.67452137488));
#7581 = DIRECTION('',(1.,0.,0.));
#7582 = DIRECTION('',(0.,1.,0.));
#7583 = ORIENTED_EDGE('',*,*,#7436,.F.);
#7584 = ORIENTED_EDGE('',*,*,#7328,.F.);
#7585 = CYLINDRICAL_SURFACE('',#7586,8.);
#7586 = AXIS2_PLACEMENT_3D('',#7587,#7588,#7589);
#7587 = CARTESIAN_POINT('',(13.1,-1.00361549852E+03,157.67452137488));
#7588 = DIRECTION('',(-1.,-0.,-0.));
#7589 = DIRECTION('',(0.,1.,0.));
#7590 = ADVANCED_FACE('',(#7591),#7610,.F.);
#7591 = FACE_BOUND('',#7592,.T.);
#7592 = EDGE_LOOP('',(#7593,#7601,#7608,#7609));
#7593 = ORIENTED_EDGE('',*,*,#7594,.T.);
#7594 = EDGE_CURVE('',#7348,#7595,#7597,.T.);
#7595 = VERTEX_POINT('',#7596);
#7596 = CARTESIAN_POINT('',(18.1,-999.6154985201,157.67452137488));
#7597 = LINE('',#7598,#7599);
#7598 = CARTESIAN_POINT('',(13.1,-999.6154985201,157.67452137488));
#7599 = VECTOR('',#7600,1.);
#7600 = DIRECTION('',(1.,0.,0.));
#7601 = ORIENTED_EDGE('',*,*,#7602,.T.);
#7602 = EDGE_CURVE('',#7595,#7595,#7603,.T.);
#7603 = CIRCLE('',#7604,4.);
#7604 = AXIS2_PLACEMENT_3D('',#7605,#7606,#7607);
#7605 = CARTESIAN_POINT('',(18.1,-1.00361549852E+03,157.67452137488));
#7606 = DIRECTION('',(1.,0.,0.));
#7607 = DIRECTION('',(0.,1.,0.));
#7608 = ORIENTED_EDGE('',*,*,#7594,.F.);
#7609 = ORIENTED_EDGE('',*,*,#7347,.F.);
#7610 = CYLINDRICAL_SURFACE('',#7611,4.);
#7611 = AXIS2_PLACEMENT_3D('',#7612,#7613,#7614);
#7612 = CARTESIAN_POINT('',(13.1,-1.00361549852E+03,157.67452137488));
#7613 = DIRECTION('',(-1.,-0.,-0.));
#7614 = DIRECTION('',(0.,1.,0.));
#7615 = ADVANCED_FACE('',(#7616),#7637,.T.);
#7616 = FACE_BOUND('',#7617,.F.);
#7617 = EDGE_LOOP('',(#7618,#7619,#7627,#7634,#7635,#7636));
#7618 = ORIENTED_EDGE('',*,*,#7577,.F.);
#7619 = ORIENTED_EDGE('',*,*,#7620,.T.);
#7620 = EDGE_CURVE('',#7569,#7621,#7623,.T.);
#7621 = VERTEX_POINT('',#7622);
#7622 = CARTESIAN_POINT('',(20.1,-995.6154985201,157.67452137488));
#7623 = LINE('',#7624,#7625);
#7624 = CARTESIAN_POINT('',(18.1,-995.6154985201,157.67452137488));
#7625 = VECTOR('',#7626,1.);
#7626 = DIRECTION('',(1.,0.,0.));
#7627 = ORIENTED_EDGE('',*,*,#7628,.T.);
#7628 = EDGE_CURVE('',#7621,#7621,#7629,.T.);
#7629 = CIRCLE('',#7630,8.);
#7630 = AXIS2_PLACEMENT_3D('',#7631,#7632,#7633);
#7631 = CARTESIAN_POINT('',(20.1,-1.00361549852E+03,157.67452137488));
#7632 = DIRECTION('',(1.,0.,0.));
#7633 = DIRECTION('',(0.,1.,0.));
#7634 = ORIENTED_EDGE('',*,*,#7620,.F.);
#7635 = ORIENTED_EDGE('',*,*,#7568,.F.);
#7636 = ORIENTED_EDGE('',*,*,#7390,.F.);
#7637 = CYLINDRICAL_SURFACE('',#7638,8.);
#7638 = AXIS2_PLACEMENT_3D('',#7639,#7640,#7641);
#7639 = CARTESIAN_POINT('',(18.1,-1.00361549852E+03,157.67452137488));
#7640 = DIRECTION('',(-1.,-0.,-0.));
#7641 = DIRECTION('',(0.,1.,0.));
#7642 = ADVANCED_FACE('',(#7643),#7654,.F.);
#7643 = FACE_BOUND('',#7644,.T.);
#7644 = EDGE_LOOP('',(#7645,#7651,#7652,#7653));
#7645 = ORIENTED_EDGE('',*,*,#7646,.T.);
#7646 = EDGE_CURVE('',#7472,#7418,#7647,.T.);
#7647 = LINE('',#7648,#7649);
#7648 = CARTESIAN_POINT('',(-9.9,-1.01498E+03,112.2));
#7649 = VECTOR('',#7650,1.);
#7650 = DIRECTION('',(1.,0.,0.));
#7651 = ORIENTED_EDGE('',*,*,#7417,.T.);
#7652 = ORIENTED_EDGE('',*,*,#7646,.F.);
#7653 = ORIENTED_EDGE('',*,*,#7471,.F.);
#7654 = CYLINDRICAL_SURFACE('',#7655,4.);
#7655 = AXIS2_PLACEMENT_3D('',#7656,#7657,#7658);
#7656 = CARTESIAN_POINT('',(-9.9,-1.01898E+03,112.2));
#7657 = DIRECTION('',(-1.,-0.,-0.));
#7658 = DIRECTION('',(0.,1.,0.));
#7659 = ADVANCED_FACE('',(#7660,#7663),#7674,.T.);
#7660 = FACE_BOUND('',#7661,.T.);
#7661 = EDGE_LOOP('',(#7662));
#7662 = ORIENTED_EDGE('',*,*,#7505,.T.);
#7663 = FACE_BOUND('',#7664,.T.);
#7664 = EDGE_LOOP('',(#7665));
#7665 = ORIENTED_EDGE('',*,*,#7666,.F.);
#7666 = EDGE_CURVE('',#7667,#7667,#7669,.T.);
#7667 = VERTEX_POINT('',#7668);
#7668 = CARTESIAN_POINT('',(-9.9,-999.6154985201,157.67452137488));
#7669 = CIRCLE('',#7670,4.);
#7670 = AXIS2_PLACEMENT_3D('',#7671,#7672,#7673);
#7671 = CARTESIAN_POINT('',(-9.9,-1.00361549852E+03,157.67452137488));
#7672 = DIRECTION('',(-1.,0.,0.));
#7673 = DIRECTION('',(0.,1.,0.));
#7674 = PLANE('',#7675);
#7675 = AXIS2_PLACEMENT_3D('',#7676,#7677,#7678);
#7676 = CARTESIAN_POINT('',(-9.9,-1.00361549852E+03,157.67452137488));
#7677 = DIRECTION('',(-1.,-0.,-0.));
#7678 = DIRECTION('',(0.,-1.,0.));
#7679 = ADVANCED_FACE('',(#7680),#7691,.F.);
#7680 = FACE_BOUND('',#7681,.T.);
#7681 = EDGE_LOOP('',(#7682,#7688,#7689,#7690));
#7682 = ORIENTED_EDGE('',*,*,#7683,.T.);
#7683 = EDGE_CURVE('',#7543,#7667,#7684,.T.);
#7684 = LINE('',#7685,#7686);
#7685 = CARTESIAN_POINT('',(-7.9,-999.6154985201,157.67452137488));
#7686 = VECTOR('',#7687,1.);
#7687 = DIRECTION('',(-1.,0.,0.));
#7688 = ORIENTED_EDGE('',*,*,#7666,.T.);
#7689 = ORIENTED_EDGE('',*,*,#7683,.F.);
#7690 = ORIENTED_EDGE('',*,*,#7552,.T.);
#7691 = CYLINDRICAL_SURFACE('',#7692,4.);
#7692 = AXIS2_PLACEMENT_3D('',#7693,#7694,#7695);
#7693 = CARTESIAN_POINT('',(-7.9,-1.00361549852E+03,157.67452137488));
#7694 = DIRECTION('',(1.,0.,0.));
#7695 = DIRECTION('',(0.,1.,0.));
#7696 = ADVANCED_FACE('',(#7697),#7716,.F.);
#7697 = FACE_BOUND('',#7698,.T.);
#7698 = EDGE_LOOP('',(#7699,#7707,#7714,#7715));
#7699 = ORIENTED_EDGE('',*,*,#7700,.T.);
#7700 = EDGE_CURVE('',#7595,#7701,#7703,.T.);
#7701 = VERTEX_POINT('',#7702);
#7702 = CARTESIAN_POINT('',(20.1,-999.6154985201,157.67452137488));
#7703 = LINE('',#7704,#7705);
#7704 = CARTESIAN_POINT('',(18.1,-999.6154985201,157.67452137488));
#7705 = VECTOR('',#7706,1.);
#7706 = DIRECTION('',(1.,0.,0.));
#7707 = ORIENTED_EDGE('',*,*,#7708,.T.);
#7708 = EDGE_CURVE('',#7701,#7701,#7709,.T.);
#7709 = CIRCLE('',#7710,4.);
#7710 = AXIS2_PLACEMENT_3D('',#7711,#7712,#7713);
#7711 = CARTESIAN_POINT('',(20.1,-1.00361549852E+03,157.67452137488));
#7712 = DIRECTION('',(1.,0.,0.));
#7713 = DIRECTION('',(0.,1.,0.));
#7714 = ORIENTED_EDGE('',*,*,#7700,.F.);
#7715 = ORIENTED_EDGE('',*,*,#7602,.F.);
#7716 = CYLINDRICAL_SURFACE('',#7717,4.);
#7717 = AXIS2_PLACEMENT_3D('',#7718,#7719,#7720);
#7718 = CARTESIAN_POINT('',(18.1,-1.00361549852E+03,157.67452137488));
#7719 = DIRECTION('',(-1.,-0.,-0.));
#7720 = DIRECTION('',(0.,1.,0.));
#7721 = ADVANCED_FACE('',(#7722,#7725),#7728,.T.);
#7722 = FACE_BOUND('',#7723,.T.);
#7723 = EDGE_LOOP('',(#7724));
#7724 = ORIENTED_EDGE('',*,*,#7628,.T.);
#7725 = FACE_BOUND('',#7726,.T.);
#7726 = EDGE_LOOP('',(#7727));
#7727 = ORIENTED_EDGE('',*,*,#7708,.F.);
#7728 = PLANE('',#7729);
#7729 = AXIS2_PLACEMENT_3D('',#7730,#7731,#7732);
#7730 = CARTESIAN_POINT('',(20.1,-1.00361549852E+03,157.67452137488));
#7731 = DIRECTION('',(1.,0.,0.));
#7732 = DIRECTION('',(0.,1.,0.));
#7733 = ( GEOMETRIC_REPRESENTATION_CONTEXT(3) 
GLOBAL_UNCERTAINTY_ASSIGNED_CONTEXT((#7737)) 
GLOBAL_UNIT_ASSIGNED_CONTEXT((#7734,#7735,#7736)) REPRESENTATION_CONTEXT
('Context #1','3D Context with UNIT and UNCERTAINTY') );
#7734 = ( LENGTH_UNIT() NAMED_UNIT(*) SI_UNIT(.MILLI.,.METRE.) );
#7735 = ( NAMED_UNIT(*) PLANE_ANGLE_UNIT() SI_UNIT($,.RADIAN.) );
#7736 = ( NAMED_UNIT(*) SI_UNIT($,.STERADIAN.) SOLID_ANGLE_UNIT() );
#7737 = UNCERTAINTY_MEASURE_WITH_UNIT(LENGTH_MEASURE(1.E-07),#7734,
  'distance_accuracy_value','confusion accuracy');
#7738 = CONTEXT_DEPENDENT_SHAPE_REPRESENTATION(#7739,#7741);
#7739 = ( REPRESENTATION_RELATIONSHIP('','',#7068,#10) 
REPRESENTATION_RELATIONSHIP_WITH_TRANSFORMATION(#7740) 
SHAPE_REPRESENTATION_RELATIONSHIP() );
#7740 = ITEM_DEFINED_TRANSFORMATION('','',#11,#39);
#7741 = PRODUCT_DEFINITION_SHAPE('Placement','Placement of an item',
  #7742);
#7742 = NEXT_ASSEMBLY_USAGE_OCCURRENCE('7','BucketLink004','',#5,#7063,$
  );
#7743 = PRODUCT_RELATED_PRODUCT_CATEGORY('part',$,(#7065));
#7744 = SHAPE_DEFINITION_REPRESENTATION(#7745,#7751);
#7745 = PRODUCT_DEFINITION_SHAPE('','',#7746);
#7746 = PRODUCT_DEFINITION('design','',#7747,#7750);
#7747 = PRODUCT_DEFINITION_FORMATION('','',#7748);
#7748 = PRODUCT('BoomCylinderOuter','BoomCylinderOuter','',(#7749));
#7749 = PRODUCT_CONTEXT('',#2,'mechanical');
#7750 = PRODUCT_DEFINITION_CONTEXT('part definition',#2,'design');
#7751 = ADVANCED_BREP_SHAPE_REPRESENTATION('',(#11,#7752),#8157);
#7752 = MANIFOLD_SOLID_BREP('',#7753);
#7753 = CLOSED_SHELL('',(#7754,#7910,#7946,#7966,#7986,#8006,#8131,#8148
    ));
#7754 = ADVANCED_FACE('',(#7755),#7905,.T.);
#7755 = FACE_BOUND('',#7756,.T.);
#7756 = EDGE_LOOP('',(#7757,#7767,#7774,#7775));
#7757 = ORIENTED_EDGE('',*,*,#7758,.T.);
#7758 = EDGE_CURVE('',#7759,#7761,#7763,.T.);
#7759 = VERTEX_POINT('',#7760);
#7760 = CARTESIAN_POINT('',(-7.24,-154.8563850798,154.85638507985));
#7761 = VERTEX_POINT('',#7762);
#7762 = CARTESIAN_POINT('',(-7.24,-265.1650429449,265.16504294495));
#7763 = LINE('',#7764,#7765);
#7764 = CARTESIAN_POINT('',(-7.24,-150.6137443927,150.61374439273));
#7765 = VECTOR('',#7766,1.);
#7766 = DIRECTION('',(-1.E-15,-0.707106781187,0.707106781187));
#7767 = ORIENTED_EDGE('',*,*,#7768,.F.);
#7768 = EDGE_CURVE('',#7761,#7761,#7769,.T.);
#7769 = CIRCLE('',#7770,10.);
#7770 = AXIS2_PLACEMENT_3D('',#7771,#7772,#7773);
#7771 = CARTESIAN_POINT('',(2.76,-265.1650429449,265.16504294495));
#7772 = DIRECTION('',(-1.E-15,-0.707106781187,0.707106781187));
#7773 = DIRECTION('',(-1.,7.071067811865E-16,-7.071067811865E-16));
#7774 = ORIENTED_EDGE('',*,*,#7758,.F.);
#7775 = ORIENTED_EDGE('',*,*,#7776,.T.);
#7776 = EDGE_CURVE('',#7759,#7759,#7777,.T.);
#7777 = B_SPLINE_CURVE_WITH_KNOTS('',6,(#7778,#7779,#7780,#7781,#7782,
    #7783,#7784,#7785,#7786,#7787,#7788,#7789,#7790,#7791,#7792,#7793,
    #7794,#7795,#7796,#7797,#7798,#7799,#7800,#7801,#7802,#7803,#7804,
    #7805,#7806,#7807,#7808,#7809,#7810,#7811,#7812,#7813,#7814,#7815,
    #7816,#7817,#7818,#7819,#7820,#7821,#7822,#7823,#7824,#7825,#7826,
    #7827,#7828,#7829,#7830,#7831,#7832,#7833,#7834,#7835,#7836,#7837,
    #7838,#7839,#7840,#7841,#7842,#7843,#7844,#7845,#7846,#7847,#7848,
    #7849,#7850,#7851,#7852,#7853,#7854,#7855,#7856,#7857,#7858,#7859,
    #7860,#7861,#7862,#7863,#7864,#7865,#7866,#7867,#7868,#7869,#7870,
    #7871,#7872,#7873,#7874,#7875,#7876,#7877,#7878,#7879,#7880,#7881,
    #7882,#7883,#7884,#7885,#7886,#7887,#7888,#7889,#7890,#7891,#7892,
    #7893,#7894,#7895,#7896,#7897,#7898,#7899,#7900,#7901,#7902,#7903,
    #7904),.UNSPECIFIED.,.T.,.F.,(7,5,5,5,5,5,5,5,5,5,5,5,5,5,5,5,5,5,5,
    5,5,5,5,5,5,7),(0.,3.210916218005E-02,5.243126183046E-02,
    7.723174846044E-02,9.587022561839E-02,0.145139357103,0.199517786171,
    0.216908427465,0.250272900865,0.300505292142,0.355434892156,
    0.424678676781,0.468226147483,0.522375272218,0.553020238165,
    0.595697609962,0.645543741553,0.699817295534,0.750438244475,
    0.784108881455,0.801413668305,0.855182392021,0.922710310687,
    0.947795194011,0.967518182086,1.),.UNSPECIFIED.);
#7778 = CARTESIAN_POINT('',(-7.24,-154.8563850798,154.85638507985));
#7779 = CARTESIAN_POINT('',(-7.24,-155.1584516385,154.55431852112));
#7780 = CARTESIAN_POINT('',(-7.218101325523,-155.4495965558,
    154.24252732202));
#7781 = CARTESIAN_POINT('',(-7.174467112218,-155.7276274787,
    153.92335773216));
#7782 = CARTESIAN_POINT('',(-7.109995279279,-155.9908080824,
    153.59958073105));
#7783 = CARTESIAN_POINT('',(-7.02631480777,-156.2378917232,
    153.27434687277));
#7784 = CARTESIAN_POINT('',(-6.862235136215,-156.6137977419,
    152.74650236127));
#7785 = CARTESIAN_POINT('',(-6.791832635852,-156.7529092046,
    152.54246295134));
#7786 = CARTESIAN_POINT('',(-6.715061180348,-156.8855321276,
    152.33938917302));
#7787 = CARTESIAN_POINT('',(-6.632365637944,-157.0117894127,
    152.13769034139));
#7788 = CARTESIAN_POINT('',(-6.54420078635,-157.1318250248,
    151.93776754511));
#7789 = CARTESIAN_POINT('',(-6.337334743357,-157.3848949537,
    151.49867524395));
#7790 = CARTESIAN_POINT('',(-6.216157993544,-157.5149987587,
    151.2605064101));
#7791 = CARTESIAN_POINT('',(-6.088182779122,-157.6365967019,
    151.02587527692));
#7792 = CARTESIAN_POINT('',(-5.954022597898,-157.7501625006,
    150.79510387984));
#7793 = CARTESIAN_POINT('',(-5.814225585097,-157.8561585833,
    150.56846514788));
#7794 = CARTESIAN_POINT('',(-5.56033975899,-158.0293440758,
    150.17912863184));
#7795 = CARTESIAN_POINT('',(-5.448475415094,-158.0996443935,
    150.01450753674));
#7796 = CARTESIAN_POINT('',(-5.333867186799,-158.1661362824,
    149.85238717626));
#7797 = CARTESIAN_POINT('',(-5.216677246299,-158.2290116519,
    149.69282520699));
#7798 = CARTESIAN_POINT('',(-5.097044976897,-158.2884538851,
    149.53586881551));
#7799 = CARTESIAN_POINT('',(-4.652702001383,-158.4931550507,
    148.9736393357));
#7800 = CARTESIAN_POINT('',(-4.313928067907,-158.6189681044,
    148.58401417445));
#7801 = CARTESIAN_POINT('',(-3.961078672429,-158.7251889028,
    148.21363879669));
#7802 = CARTESIAN_POINT('',(-3.595631064369,-158.8145245193,
    147.86320919695));
#7803 = CARTESIAN_POINT('',(-3.218406478362,-158.8893373329,
    147.53342651311));
#7804 = CARTESIAN_POINT('',(-2.400789923729,-159.0205406488,
    146.88514813423));
#7805 = CARTESIAN_POINT('',(-1.957682967465,-159.0742521755,
    146.571194073));
#7806 = CARTESIAN_POINT('',(-1.501862900004,-159.1154465492,
    146.28555600891));
#7807 = CARTESIAN_POINT('',(-1.0344161852,-159.1465430165,
    146.03049623001));
#7808 = CARTESIAN_POINT('',(-0.556114452639,-159.1697630471,
    145.80840714824));
#7809 = CARTESIAN_POINT('',(8.881457512087E-02,-159.1923811433,
    145.56217113392));
#7810 = CARTESIAN_POINT('',(0.246080706081,-159.1972373237,
    145.50616346901));
#7811 = CARTESIAN_POINT('',(0.404267577578,-159.2015268922,
    145.45391181984));
#7812 = CARTESIAN_POINT('',(0.563309060802,-159.2053044334,
    145.40550533468));
#7813 = CARTESIAN_POINT('',(0.723143022355,-159.2086198236,
    145.36102533237));
#7814 = CARTESIAN_POINT('',(1.191766438661,-159.2170748106,
    145.24288401411));
#7815 = CARTESIAN_POINT('',(1.502622316469,-159.2210945937,
    145.17992181685));
#7816 = CARTESIAN_POINT('',(1.815537926141,-159.2238775175,
    145.13228165071));
#7817 = CARTESIAN_POINT('',(2.129833964509,-159.2256556973,
    145.10037337943));
#7818 = CARTESIAN_POINT('',(2.444866457959,-159.2265453243,
    145.08440970061));
#7819 = CARTESIAN_POINT('',(3.234454105682,-159.2265453243,
    145.08440970061));
#7820 = CARTESIAN_POINT('',(3.708212192034,-159.2245287705,
    145.12059466936));
#7821 = CARTESIAN_POINT('',(4.179465436197,-159.220506847,
    145.19276798136));
#7822 = CARTESIAN_POINT('',(4.646325257509,-159.2138777566,
    145.29991353356));
#7823 = CARTESIAN_POINT('',(5.106667607934,-159.2034554189,
    145.4401606141));
#7824 = CARTESIAN_POINT('',(6.051510978708,-159.1709410228,
    145.79707036859));
#7825 = CARTESIAN_POINT('',(6.534540415784,-159.147838727,
    146.01976313642));
#7826 = CARTESIAN_POINT('',(7.00655788807,-159.1167879287,
    146.27610391704));
#7827 = CARTESIAN_POINT('',(7.466766569644,-159.0755110294,
    146.56362995988));
#7828 = CARTESIAN_POINT('',(7.914044444957,-159.021526069,
    146.88000833193));
#7829 = CARTESIAN_POINT('',(8.89258189884,-158.8647183284,
    147.65540893112));
#7830 = CARTESIAN_POINT('',(9.415208360679,-158.752858328,
    148.13000510797));
#7831 = CARTESIAN_POINT('',(9.914445556095,-158.6108310898,
    148.64436179911));
#7832 = CARTESIAN_POINT('',(10.387734749005,-158.4317552449,
    149.19723387336));
#7833 = CARTESIAN_POINT('',(10.829478305261,-158.2071252721,
    149.7867774179));
#7834 = CARTESIAN_POINT('',(11.481858631487,-157.7506878672,
    150.80033814771));
#7835 = CARTESIAN_POINT('',(11.718195869506,-157.5519387615,
    151.20579289169));
#7836 = CARTESIAN_POINT('',(11.935665378702,-157.3284290732,
    151.62340495189));
#7837 = CARTESIAN_POINT('',(12.130680745927,-157.0779227684,
    152.05083055018));
#7838 = CARTESIAN_POINT('',(12.299326204847,-156.7982779277,
    152.48531478364));
#7839 = CARTESIAN_POINT('',(12.608766295118,-156.1012377371,
    153.46875285075));
#7840 = CARTESIAN_POINT('',(12.733555023791,-155.6651483898,
    154.02226886077));
#7841 = CARTESIAN_POINT('',(12.798427597479,-155.1838972713,
    154.56538336514));
#7842 = CARTESIAN_POINT('',(12.79786856397,-154.666356132,
    155.08217400687));
#7843 = CARTESIAN_POINT('',(12.733203640874,-154.1261566149,
    155.56098591736));
#7844 = CARTESIAN_POINT('',(12.545273206328,-153.2713412264,
    156.24007812057));
#7845 = CARTESIAN_POINT('',(12.459735495392,-152.9610798676,
    156.47065398794));
#7846 = CARTESIAN_POINT('',(12.357954869789,-152.6511342131,
    156.6863123578));
#7847 = CARTESIAN_POINT('',(12.241440217236,-152.3431829121,
    156.88717486817));
#7848 = CARTESIAN_POINT('',(12.111854098477,-152.0389161056,
    157.07352826367));
#7849 = CARTESIAN_POINT('',(11.774921074524,-151.3237446126,
    157.48571585699));
#7850 = CARTESIAN_POINT('',(11.556663583794,-150.9171193493,
    157.69875895037));
#7851 = CARTESIAN_POINT('',(11.319734839346,-150.5218896115,
    157.88754156829));
#7852 = CARTESIAN_POINT('',(11.066893933684,-150.1392877412,
    158.05456935537));
#7853 = CARTESIAN_POINT('',(10.800278636131,-149.7701407786,
    158.20215667445));
#7854 = CARTESIAN_POINT('',(10.195802402372,-149.0002724539,
    158.48453031323));
#7855 = CARTESIAN_POINT('',(9.853180130849,-148.6042595638,
    158.61315006745));
#7856 = CARTESIAN_POINT('',(9.496038222047,-148.2280012658,
    158.72152113655));
#7857 = CARTESIAN_POINT('',(9.125930773556,-147.8722203667,
    158.81247923831));
#7858 = CARTESIAN_POINT('',(8.743717561131,-147.537637607,
    158.88848506097));
#7859 = CARTESIAN_POINT('',(7.9207903095,-146.8851484401,159.02054058695
    ));
#7860 = CARTESIAN_POINT('',(7.47768371795,-146.5711946007,
    159.07425208641));
#7861 = CARTESIAN_POINT('',(7.021863894681,-146.2855566084,
    159.11544646876));
#7862 = CARTESIAN_POINT('',(6.554417200623,-146.030496733,
    159.14654296216));
#7863 = CARTESIAN_POINT('',(6.076115166355,-145.8084074207,
    159.16976302214));
#7864 = CARTESIAN_POINT('',(5.131692583506,-145.4478237865,
    159.20288455938));
#7865 = CARTESIAN_POINT('',(4.666622370822,-145.304596749,
    159.21358759553));
#7866 = CARTESIAN_POINT('',(4.194837033017,-145.195136395,
    159.22037486901));
#7867 = CARTESIAN_POINT('',(3.718524986532,-145.1213880289,
    159.22448455557));
#7868 = CARTESIAN_POINT('',(3.239627285276,-145.0844097006,
    159.22654532434));
#7869 = CARTESIAN_POINT('',(2.440974842516,-145.0844097006,
    159.22654532434));
#7870 = CARTESIAN_POINT('',(2.122056910947,-145.1007700867,
    159.22563358946));
#7871 = CARTESIAN_POINT('',(1.803903087376,-145.1334703586,
    159.22381127372));
#7872 = CARTESIAN_POINT('',(1.487179404248,-145.1822874457,
    159.22095631936));
#7873 = CARTESIAN_POINT('',(1.172589338607,-145.2467918973,
    159.21682492785));
#7874 = CARTESIAN_POINT('',(0.700712010039,-145.3672098198,
    159.20816020673));
#7875 = CARTESIAN_POINT('',(0.541261058068,-145.4120668428,
    159.20479777161));
#7876 = CARTESIAN_POINT('',(0.382606155333,-145.4608283695,
    159.2009703925));
#7877 = CARTESIAN_POINT('',(0.224808571544,-145.5134131797,
    159.19662810181));
#7878 = CARTESIAN_POINT('',(6.793353690848E-02,-145.5697324083,
    159.19171630327));
#7879 = CARTESIAN_POINT('',(-0.572303867149,-145.8159846826,
    159.16896616911));
#7880 = CARTESIAN_POINT('',(-1.046447355973,-146.0371547589,
    159.14572117905));
#7881 = CARTESIAN_POINT('',(-1.509887399942,-146.2907131034,
    159.11468310676));
#7882 = CARTESIAN_POINT('',(-1.961871911175,-146.5743270714,
    159.07368206571));
#7883 = CARTESIAN_POINT('',(-2.401344394524,-146.885792868,
    159.02035627369));
#7884 = CARTESIAN_POINT('',(-3.361381357501,-147.646533536,
    158.86651318216));
#7885 = CARTESIAN_POINT('',(-3.87378493442,-148.1105723037,
    158.75743349721));
#7886 = CARTESIAN_POINT('',(-4.363753295196,-148.6128186092,
    158.6195184036));
#7887 = CARTESIAN_POINT('',(-4.828907567106,-149.1520539554,
    158.44632616183));
#7888 = CARTESIAN_POINT('',(-5.264102660793,-149.7265546106,
    158.22993765465));
#7889 = CARTESIAN_POINT('',(-5.807718485195,-150.5578774954,
    157.86112529205));
#7890 = CARTESIAN_POINT('',(-5.949681648059,-150.7875343531,
    157.75392844242));
#7891 = CARTESIAN_POINT('',(-6.085863839295,-151.0214470599,
    157.63896165329));
#7892 = CARTESIAN_POINT('',(-6.215695029562,-151.2593322763,
    157.51574290318));
#7893 = CARTESIAN_POINT('',(-6.338536014707,-151.5008547818,
    157.38377814877));
#7894 = CARTESIAN_POINT('',(-6.544207710108,-151.9380810439,
    157.13153187396));
#7895 = CARTESIAN_POINT('',(-6.629992385865,-152.1325741674,
    157.01476476285));
#7896 = CARTESIAN_POINT('',(-6.710603613425,-152.3287505143,
    156.89211055345));
#7897 = CARTESIAN_POINT('',(-6.785623429715,-152.5262433094,
    156.76343495264));
#7898 = CARTESIAN_POINT('',(-6.854642160531,-152.7246780084,
    156.62862231504));
#7899 = CARTESIAN_POINT('',(-7.02037650005,-153.2514018028,
    156.25529158243));
#7900 = CARTESIAN_POINT('',(-7.10633661341,-153.5813211679,
    156.00562909157));
#7901 = CARTESIAN_POINT('',(-7.172608046851,-153.9098561691,
    155.73937630233));
#7902 = CARTESIAN_POINT('',(-7.217477832968,-154.2337263828,
    155.45780965978));
#7903 = CARTESIAN_POINT('',(-7.24,-154.5500485395,155.1627216202));
#7904 = CARTESIAN_POINT('',(-7.24,-154.8563850798,154.85638507985));
#7905 = CYLINDRICAL_SURFACE('',#7906,10.);
#7906 = AXIS2_PLACEMENT_3D('',#7907,#7908,#7909);
#7907 = CARTESIAN_POINT('',(2.76,-150.6137443927,150.61374439273));
#7908 = DIRECTION('',(-1.E-15,-0.707106781187,0.707106781187));
#7909 = DIRECTION('',(-1.,7.071067811865E-16,-7.071067811865E-16));
#7910 = ADVANCED_FACE('',(#7911,#7938),#7941,.T.);
#7911 = FACE_BOUND('',#7912,.T.);
#7912 = EDGE_LOOP('',(#7913,#7923,#7930,#7931));
#7913 = ORIENTED_EDGE('',*,*,#7914,.T.);
#7914 = EDGE_CURVE('',#7915,#7917,#7919,.T.);
#7915 = VERTEX_POINT('',#7916);
#7916 = CARTESIAN_POINT('',(-12.24,-133.6431816442,154.85638507985));
#7917 = VERTEX_POINT('',#7918);
#7918 = CARTESIAN_POINT('',(17.76,-133.6431816442,154.85638507985));
#7919 = LINE('',#7920,#7921);
#7920 = CARTESIAN_POINT('',(-12.24,-133.6431816442,154.85638507985));
#7921 = VECTOR('',#7922,1.);
#7922 = DIRECTION('',(1.,0.,0.));
#7923 = ORIENTED_EDGE('',*,*,#7924,.F.);
#7924 = EDGE_CURVE('',#7917,#7917,#7925,.T.);
#7925 = CIRCLE('',#7926,15.);
#7926 = AXIS2_PLACEMENT_3D('',#7927,#7928,#7929);
#7927 = CARTESIAN_POINT('',(17.76,-144.249783362,144.24978336205));
#7928 = DIRECTION('',(1.,0.,-0.));
#7929 = DIRECTION('',(0.,0.707106781187,0.707106781187));
#7930 = ORIENTED_EDGE('',*,*,#7914,.F.);
#7931 = ORIENTED_EDGE('',*,*,#7932,.T.);
#7932 = EDGE_CURVE('',#7915,#7915,#7933,.T.);
#7933 = CIRCLE('',#7934,15.);
#7934 = AXIS2_PLACEMENT_3D('',#7935,#7936,#7937);
#7935 = CARTESIAN_POINT('',(-12.24,-144.249783362,144.24978336205));
#7936 = DIRECTION('',(1.,0.,-0.));
#7937 = DIRECTION('',(0.,0.707106781187,0.707106781187));
#7938 = FACE_BOUND('',#7939,.T.);
#7939 = EDGE_LOOP('',(#7940));
#7940 = ORIENTED_EDGE('',*,*,#7776,.F.);
#7941 = CYLINDRICAL_SURFACE('',#7942,15.);
#7942 = AXIS2_PLACEMENT_3D('',#7943,#7944,#7945);
#7943 = CARTESIAN_POINT('',(-12.24,-144.249783362,144.24978336205));
#7944 = DIRECTION('',(1.,0.,0.));
#7945 = DIRECTION('',(0.,0.707106781187,0.707106781187));
#7946 = ADVANCED_FACE('',(#7947,#7950),#7961,.T.);
#7947 = FACE_BOUND('',#7948,.T.);
#7948 = EDGE_LOOP('',(#7949));
#7949 = ORIENTED_EDGE('',*,*,#7768,.T.);
#7950 = FACE_BOUND('',#7951,.T.);
#7951 = EDGE_LOOP('',(#7952));
#7952 = ORIENTED_EDGE('',*,*,#7953,.F.);
#7953 = EDGE_CURVE('',#7954,#7954,#7956,.T.);
#7954 = VERTEX_POINT('',#7955);
#7955 = CARTESIAN_POINT('',(-3.24,-265.1650429449,265.16504294495));
#7956 = CIRCLE('',#7957,6.);
#7957 = AXIS2_PLACEMENT_3D('',#7958,#7959,#7960);
#7958 = CARTESIAN_POINT('',(2.76,-265.1650429449,265.16504294495));
#7959 = DIRECTION('',(-1.E-15,-0.707106781187,0.707106781187));
#7960 = DIRECTION('',(-1.,7.071067811865E-16,-7.071067811865E-16));
#7961 = PLANE('',#7962);
#7962 = AXIS2_PLACEMENT_3D('',#7963,#7964,#7965);
#7963 = CARTESIAN_POINT('',(2.76,-265.1650429449,265.16504294495));
#7964 = DIRECTION('',(-1.E-15,-0.707106781187,0.707106781187));
#7965 = DIRECTION('',(-1.,7.071067811865E-16,-7.071067811865E-16));
#7966 = ADVANCED_FACE('',(#7967,#7970),#7981,.F.);
#7967 = FACE_BOUND('',#7968,.F.);
#7968 = EDGE_LOOP('',(#7969));
#7969 = ORIENTED_EDGE('',*,*,#7932,.T.);
#7970 = FACE_BOUND('',#7971,.F.);
#7971 = EDGE_LOOP('',(#7972));
#7972 = ORIENTED_EDGE('',*,*,#7973,.F.);
#7973 = EDGE_CURVE('',#7974,#7974,#7976,.T.);
#7974 = VERTEX_POINT('',#7975);
#7975 = CARTESIAN_POINT('',(-12.24,-139.3000358937,149.19953083036));
#7976 = CIRCLE('',#7977,7.);
#7977 = AXIS2_PLACEMENT_3D('',#7978,#7979,#7980);
#7978 = CARTESIAN_POINT('',(-12.24,-144.249783362,144.24978336205));
#7979 = DIRECTION('',(1.,0.,-0.));
#7980 = DIRECTION('',(0.,0.707106781187,0.707106781187));
#7981 = PLANE('',#7982);
#7982 = AXIS2_PLACEMENT_3D('',#7983,#7984,#7985);
#7983 = CARTESIAN_POINT('',(-12.24,-144.249783362,144.24978336205));
#7984 = DIRECTION('',(1.,0.,0.));
#7985 = DIRECTION('',(0.,0.707106781187,0.707106781187));
#7986 = ADVANCED_FACE('',(#7987,#7990),#8001,.T.);
#7987 = FACE_BOUND('',#7988,.T.);
#7988 = EDGE_LOOP('',(#7989));
#7989 = ORIENTED_EDGE('',*,*,#7924,.T.);
#7990 = FACE_BOUND('',#7991,.T.);
#7991 = EDGE_LOOP('',(#7992));
#7992 = ORIENTED_EDGE('',*,*,#7993,.F.);
#7993 = EDGE_CURVE('',#7994,#7994,#7996,.T.);
#7994 = VERTEX_POINT('',#7995);
#7995 = CARTESIAN_POINT('',(17.76,-139.3000358937,149.19953083036));
#7996 = CIRCLE('',#7997,7.);
#7997 = AXIS2_PLACEMENT_3D('',#7998,#7999,#8000);
#7998 = CARTESIAN_POINT('',(17.76,-144.249783362,144.24978336205));
#7999 = DIRECTION('',(1.,0.,-0.));
#8000 = DIRECTION('',(0.,0.707106781187,0.707106781187));
#8001 = PLANE('',#8002);
#8002 = AXIS2_PLACEMENT_3D('',#8003,#8004,#8005);
#8003 = CARTESIAN_POINT('',(17.76,-144.249783362,144.24978336205));
#8004 = DIRECTION('',(1.,0.,0.));
#8005 = DIRECTION('',(0.,0.707106781187,0.707106781187));
#8006 = ADVANCED_FACE('',(#8007),#8126,.F.);
#8007 = FACE_BOUND('',#8008,.F.);
#8008 = EDGE_LOOP('',(#8009,#8017,#8018,#8019));
#8009 = ORIENTED_EDGE('',*,*,#8010,.T.);
#8010 = EDGE_CURVE('',#8011,#7954,#8013,.T.);
#8011 = VERTEX_POINT('',#8012);
#8012 = CARTESIAN_POINT('',(-3.24,-154.8563850798,154.85638507985));
#8013 = LINE('',#8014,#8015);
#8014 = CARTESIAN_POINT('',(-3.24,-150.6137443927,150.61374439273));
#8015 = VECTOR('',#8016,1.);
#8016 = DIRECTION('',(-1.E-15,-0.707106781187,0.707106781187));
#8017 = ORIENTED_EDGE('',*,*,#7953,.F.);
#8018 = ORIENTED_EDGE('',*,*,#8010,.F.);
#8019 = ORIENTED_EDGE('',*,*,#8020,.T.);
#8020 = EDGE_CURVE('',#8011,#8011,#8021,.T.);
#8021 = B_SPLINE_CURVE_WITH_KNOTS('',7,(#8022,#8023,#8024,#8025,#8026,
    #8027,#8028,#8029,#8030,#8031,#8032,#8033,#8034,#8035,#8036,#8037,
    #8038,#8039,#8040,#8041,#8042,#8043,#8044,#8045,#8046,#8047,#8048,
    #8049,#8050,#8051,#8052,#8053,#8054,#8055,#8056,#8057,#8058,#8059,
    #8060,#8061,#8062,#8063,#8064,#8065,#8066,#8067,#8068,#8069,#8070,
    #8071,#8072,#8073,#8074,#8075,#8076,#8077,#8078,#8079,#8080,#8081,
    #8082,#8083,#8084,#8085,#8086,#8087,#8088,#8089,#8090,#8091,#8092,
    #8093,#8094,#8095,#8096,#8097,#8098,#8099,#8100,#8101,#8102,#8103,
    #8104,#8105,#8106,#8107,#8108,#8109,#8110,#8111,#8112,#8113,#8114,
    #8115,#8116,#8117,#8118,#8119,#8120,#8121,#8122,#8123,#8124,#8125),
  .UNSPECIFIED.,.T.,.F.,(8,6,6,6,6,6,6,6,6,6,6,6,6,6,6,6,6,8),(0.,
    3.932438313537E-02,9.320077792228E-02,0.11822750652,0.223849643943,
    0.25176715844,0.381497408892,0.437609437474,0.473550531953,
    0.526997113201,0.562910442032,0.593681373672,0.725248401701,
    0.77678615013,0.881704355506,0.906310979456,0.937686413657,1.),
  .UNSPECIFIED.);
#8022 = CARTESIAN_POINT('',(-3.24,-154.8563850798,154.85638507985));
#8023 = CARTESIAN_POINT('',(-3.24,-155.0407225496,154.67204761005));
#8024 = CARTESIAN_POINT('',(-3.226785405172,-155.221026502,
    154.48426837887));
#8025 = CARTESIAN_POINT('',(-3.200432747103,-155.3962529544,
    154.29413452859));
#8026 = CARTESIAN_POINT('',(-3.161292785722,-155.5654877284,
    154.10284607829));
#8027 = CARTESIAN_POINT('',(-3.109987966935,-155.7279609233,
    153.91169617272));
#8028 = CARTESIAN_POINT('',(-3.047415790589,-155.8830502945,
    153.72204089502));
#8029 = CARTESIAN_POINT('',(-2.875213360703,-156.2319768325,
    153.27935750741));
#8030 = CARTESIAN_POINT('',(-2.756739510503,-156.4189116852,
    153.02885345938));
#8031 = CARTESIAN_POINT('',(-2.621534795304,-156.5915416209,
    152.78513076429));
#8032 = CARTESIAN_POINT('',(-2.471645220969,-156.7504713272,
    152.54942256808));
#8033 = CARTESIAN_POINT('',(-2.308992026136,-156.896391718,
    152.32279625887));
#8034 = CARTESIAN_POINT('',(-2.135394126152,-157.0300371644,
    152.10614646514));
#8035 = CARTESIAN_POINT('',(-1.867667038872,-157.2088811734,
    151.80452718615));
#8036 = CARTESIAN_POINT('',(-1.780678290364,-157.2631753648,
    151.71107405608));
#8037 = CARTESIAN_POINT('',(-1.691748088338,-157.3151289392,
    151.61987384228));
#8038 = CARTESIAN_POINT('',(-1.600994956943,-157.3648300004,
    151.53095977044));
#8039 = CARTESIAN_POINT('',(-1.508527127537,-157.4123632865,
    151.44436075032));
#8040 = CARTESIAN_POINT('',(-1.41444253869,-157.4578101702,
    151.36010137581));
#8041 = CARTESIAN_POINT('',(-0.915303318023,-157.6845752955,
    150.93255566802));
#8042 = CARTESIAN_POINT('',(-0.483766560227,-157.8324817736,
    150.62828087041));
#8043 = CARTESIAN_POINT('',(-3.133411814367E-02,-157.9502522383,
    150.3678400126));
#8044 = CARTESIAN_POINT('',(0.436841569115,-158.0421530813,
    150.15284006281));
#8045 = CARTESIAN_POINT('',(0.916855028234,-158.1113554773,
    149.98441603295));
#8046 = CARTESIAN_POINT('',(1.405557124803,-158.1599297966,
    149.86350844203));
#8047 = CARTESIAN_POINT('',(2.030964251323,-158.1963577083,
    149.77187435959));
#8048 = CARTESIAN_POINT('',(2.162047539194,-158.2025880151,
    149.7561125515));
#8049 = CARTESIAN_POINT('',(2.293395904543,-158.2074508222,
    149.74375857349));
#8050 = CARTESIAN_POINT('',(2.424937343999,-158.2109591159,
    149.73482184433));
#8051 = CARTESIAN_POINT('',(2.556599782703,-158.2131211333,
    149.72930838903));
#8052 = CARTESIAN_POINT('',(2.688311074315,-158.2139403631,
    149.72722083886));
#8053 = CARTESIAN_POINT('',(3.431941289515,-158.2109767607,
    149.73477410651));
#8054 = CARTESIAN_POINT('',(4.041202606723,-158.1795238709,
    149.81492824796));
#8055 = CARTESIAN_POINT('',(4.642459306002,-158.1192964072,
    149.96800083427));
#8056 = CARTESIAN_POINT('',(5.230184108417,-158.0277923067,
    150.19273008847));
#8057 = CARTESIAN_POINT('',(5.797495043033,-157.9001099098,
    150.48717903992));
#8058 = CARTESIAN_POINT('',(6.335415921454,-157.7289449356,
    150.84836850961));
#8059 = CARTESIAN_POINT('',(7.045098558926,-157.4079631992,
    151.45430748552));
#8060 = CARTESIAN_POINT('',(7.251854246797,-157.300955479,
    151.64919120688));
#8061 = CARTESIAN_POINT('',(7.450011567074,-157.1830018321,
    151.8557249246));
#8062 = CARTESIAN_POINT('',(7.63827999318,-157.0531658904,
    152.07353683614));
#8063 = CARTESIAN_POINT('',(7.815125416178,-156.9104436928,
    152.30211677695));
#8064 = CARTESIAN_POINT('',(7.978735405714,-156.753794069,
    152.54077826668));
#8065 = CARTESIAN_POINT('',(8.221933889369,-156.4722636722,
    152.94738421472));
#8066 = CARTESIAN_POINT('',(8.310652302704,-156.3561260073,
    153.11002405604));
#8067 = CARTESIAN_POINT('',(8.392358351137,-156.2337164533,
    153.27598827785));
#8068 = CARTESIAN_POINT('',(8.466329260682,-156.1050192423,
    153.44468861775));
#8069 = CARTESIAN_POINT('',(8.53189259015,-155.9700650903,
    153.61551736476));
#8070 = CARTESIAN_POINT('',(8.588422640423,-155.8289388836,
    153.78785537809));
#8071 = CARTESIAN_POINT('',(8.705101151213,-155.4629641599,
    154.2186757532));
#8072 = CARTESIAN_POINT('',(8.7535773444,-155.2308944484,154.47814089048
    ));
#8073 = CARTESIAN_POINT('',(8.778395171353,-154.9875959196,
    154.73563840165));
#8074 = CARTESIAN_POINT('',(8.778395171353,-154.7356384016,
    154.98759591967));
#8075 = CARTESIAN_POINT('',(8.7535773444,-154.4781408904,155.23089444848
    ));
#8076 = CARTESIAN_POINT('',(8.705101151213,-154.2186757532,
    155.46296415997));
#8077 = CARTESIAN_POINT('',(8.588458883166,-153.7879891997,
    155.82882520433));
#8078 = CARTESIAN_POINT('',(8.531977932575,-153.6157762534,
    155.96985331442));
#8079 = CARTESIAN_POINT('',(8.466474481871,-153.4450652952,
    156.10472199123));
#8080 = CARTESIAN_POINT('',(8.392573246029,-153.276477434,
    156.23334347505));
#8081 = CARTESIAN_POINT('',(8.310946847673,-153.1106227874,
    156.35568430378));
#8082 = CARTESIAN_POINT('',(8.222319479665,-152.9480924093,
    156.47175766498));
#8083 = CARTESIAN_POINT('',(8.046202985951,-152.6535238584,
    156.67574335116));
#8084 = CARTESIAN_POINT('',(7.96028831579,-152.5203180452,
    156.76540084172));
#8085 = CARTESIAN_POINT('',(7.870079463211,-152.389994841,156.8507452837
    ));
#8086 = CARTESIAN_POINT('',(7.775906990805,-152.2627002492,
    156.93193489838));
#8087 = CARTESIAN_POINT('',(7.678079460016,-152.1385636614,
    157.0091281379));
#8088 = CARTESIAN_POINT('',(7.576883773408,-152.0176973051,
    157.08248275888));
#8089 = CARTESIAN_POINT('',(7.026638290049,-151.3977949723,
    157.45005149902));
#8090 = CARTESIAN_POINT('',(6.522330682477,-150.9550607424,
    157.68172062504));
#8091 = CARTESIAN_POINT('',(5.978232290641,-150.578629714,
    157.85941403438));
#8092 = CARTESIAN_POINT('',(5.40602146311,-150.2717462788,
    157.99330983218));
#8093 = CARTESIAN_POINT('',(4.813726826989,-150.0363174716,
    158.09058326907));
#8094 = CARTESIAN_POINT('',(4.206817266348,-149.8739223908,
    158.15582040774));
#8095 = CARTESIAN_POINT('',(3.34802928181,-149.752545007,158.20402879302
    ));
#8096 = CARTESIAN_POINT('',(3.105193488747,-149.7299802404,
    158.21287779235));
#8097 = CARTESIAN_POINT('',(2.861705695202,-149.7190936137,
    158.21711445832));
#8098 = CARTESIAN_POINT('',(2.618019555977,-149.7199238057,
    158.21679128558));
#8099 = CARTESIAN_POINT('',(2.374585347198,-149.7324688719,
    158.21190563634));
#8100 = CARTESIAN_POINT('',(2.131857203094,-149.7566862559,
    158.20239979656));
#8101 = CARTESIAN_POINT('',(1.398549897952,-149.8653861378,
    158.15917440293));
#8102 = CARTESIAN_POINT('',(0.912733498721,-149.9861479029,
    158.11063746205));
#8103 = CARTESIAN_POINT('',(0.435539275405,-150.1538780441,
    158.04168572283));
#8104 = CARTESIAN_POINT('',(-2.993262397984E-02,-150.3676490771,
    157.95027855546));
#8105 = CARTESIAN_POINT('',(-0.479841251982,-150.6263429888,
    157.83329901026));
#8106 = CARTESIAN_POINT('',(-0.909127883146,-150.9283813591,
    157.68656003483));
#8107 = CARTESIAN_POINT('',(-1.405031336128,-151.3517920706,
    157.46226829794));
#8108 = CARTESIAN_POINT('',(-1.497765098259,-151.434517098,
    157.41771733581));
#8109 = CARTESIAN_POINT('',(-1.588939722515,-151.5195100867,
    157.37115126045));
#8110 = CARTESIAN_POINT('',(-1.678462450368,-151.606747832,
    157.32249270612));
#8111 = CARTESIAN_POINT('',(-1.766230853057,-151.6962030681,
    157.27166116543));
#8112 = CARTESIAN_POINT('',(-1.852132831592,-151.7878444681,
    157.21857298929));
#8113 = CARTESIAN_POINT('',(-2.043043474594,-152.0012292489,
    157.09246161403));
#8114 = CARTESIAN_POINT('',(-2.146830471182,-152.1243436295,
    157.01795694998));
#8115 = CARTESIAN_POINT('',(-2.247127272725,-152.25088116,
    156.93946081833));
#8116 = CARTESIAN_POINT('',(-2.343630165704,-152.3807239842,
    156.85680471618));
#8117 = CARTESIAN_POINT('',(-2.436011687656,-152.5137356037,
    156.76981923093));
#8118 = CARTESIAN_POINT('',(-2.523920257963,-152.6497614652,
    156.67833505696));
#8119 = CARTESIAN_POINT('',(-2.771941302073,-153.0644302998,
    156.39122198816));
#8120 = CARTESIAN_POINT('',(-2.919280229898,-153.3539567836,
    156.18011035898));
#8121 = CARTESIAN_POINT('',(-3.043476996018,-153.6529916568,
    155.94917099097));
#8122 = CARTESIAN_POINT('',(-3.140244264679,-153.9570238161,
    155.69931507773));
#8123 = CARTESIAN_POINT('',(-3.206434758338,-154.261602345,
    155.43218085068));
#8124 = CARTESIAN_POINT('',(-3.24,-154.5625998348,155.15017032481));
#8125 = CARTESIAN_POINT('',(-3.24,-154.8563850798,154.85638507985));
#8126 = CYLINDRICAL_SURFACE('',#8127,6.);
#8127 = AXIS2_PLACEMENT_3D('',#8128,#8129,#8130);
#8128 = CARTESIAN_POINT('',(2.76,-150.6137443927,150.61374439273));
#8129 = DIRECTION('',(-1.E-15,-0.707106781187,0.707106781187));
#8130 = DIRECTION('',(-1.,7.071067811865E-16,-7.071067811865E-16));
#8131 = ADVANCED_FACE('',(#8132),#8143,.F.);
#8132 = FACE_BOUND('',#8133,.F.);
#8133 = EDGE_LOOP('',(#8134,#8135,#8141,#8142));
#8134 = ORIENTED_EDGE('',*,*,#7993,.F.);
#8135 = ORIENTED_EDGE('',*,*,#8136,.F.);
#8136 = EDGE_CURVE('',#7974,#7994,#8137,.T.);
#8137 = LINE('',#8138,#8139);
#8138 = CARTESIAN_POINT('',(-12.24,-139.3000358937,149.19953083036));
#8139 = VECTOR('',#8140,1.);
#8140 = DIRECTION('',(1.,0.,0.));
#8141 = ORIENTED_EDGE('',*,*,#7973,.T.);
#8142 = ORIENTED_EDGE('',*,*,#8136,.T.);
#8143 = CYLINDRICAL_SURFACE('',#8144,7.);
#8144 = AXIS2_PLACEMENT_3D('',#8145,#8146,#8147);
#8145 = CARTESIAN_POINT('',(-12.24,-144.249783362,144.24978336205));
#8146 = DIRECTION('',(1.,0.,0.));
#8147 = DIRECTION('',(0.,0.707106781187,0.707106781187));
#8148 = ADVANCED_FACE('',(#8149),#8152,.T.);
#8149 = FACE_BOUND('',#8150,.T.);
#8150 = EDGE_LOOP('',(#8151));
#8151 = ORIENTED_EDGE('',*,*,#8020,.T.);
#8152 = CYLINDRICAL_SURFACE('',#8153,15.);
#8153 = AXIS2_PLACEMENT_3D('',#8154,#8155,#8156);
#8154 = CARTESIAN_POINT('',(-12.24,-144.249783362,144.24978336205));
#8155 = DIRECTION('',(1.,0.,0.));
#8156 = DIRECTION('',(0.,0.707106781187,0.707106781187));
#8157 = ( GEOMETRIC_REPRESENTATION_CONTEXT(3) 
GLOBAL_UNCERTAINTY_ASSIGNED_CONTEXT((#8161)) 
GLOBAL_UNIT_ASSIGNED_CONTEXT((#8158,#8159,#8160)) REPRESENTATION_CONTEXT
('Context #1','3D Context with UNIT and UNCERTAINTY') );
#8158 = ( LENGTH_UNIT() NAMED_UNIT(*) SI_UNIT(.MILLI.,.METRE.) );
#8159 = ( NAMED_UNIT(*) PLANE_ANGLE_UNIT() SI_UNIT($,.RADIAN.) );
#8160 = ( NAMED_UNIT(*) SI_UNIT($,.STERADIAN.) SOLID_ANGLE_UNIT() );
#8161 = UNCERTAINTY_MEASURE_WITH_UNIT(LENGTH_MEASURE(1.E-07),#8158,
  'distance_accuracy_value','confusion accuracy');
#8162 = CONTEXT_DEPENDENT_SHAPE_REPRESENTATION(#8163,#8165);
#8163 = ( REPRESENTATION_RELATIONSHIP('','',#7751,#10) 
REPRESENTATION_RELATIONSHIP_WITH_TRANSFORMATION(#8164) 
SHAPE_REPRESENTATION_RELATIONSHIP() );
#8164 = ITEM_DEFINED_TRANSFORMATION('','',#11,#43);
#8165 = PRODUCT_DEFINITION_SHAPE('Placement','Placement of an item',
  #8166);
#8166 = NEXT_ASSEMBLY_USAGE_OCCURRENCE('8','BoomCylinderOuter001','',#5,
  #7746,$);
#8167 = PRODUCT_RELATED_PRODUCT_CATEGORY('part',$,(#7748));
#8168 = SHAPE_DEFINITION_REPRESENTATION(#8169,#8175);
#8169 = PRODUCT_DEFINITION_SHAPE('','',#8170);
#8170 = PRODUCT_DEFINITION('design','',#8171,#8174);
#8171 = PRODUCT_DEFINITION_FORMATION('','',#8172);
#8172 = PRODUCT('BoomCylinderInner','BoomCylinderInner','',(#8173));
#8173 = PRODUCT_CONTEXT('',#2,'mechanical');
#8174 = PRODUCT_DEFINITION_CONTEXT('part definition',#2,'design');
#8175 = ADVANCED_BREP_SHAPE_REPRESENTATION('',(#11,#8176),#8431);
#8176 = MANIFOLD_SOLID_BREP('',#8177);
#8177 = CLOSED_SHELL('',(#8178,#8329,#8338,#8374,#8394,#8414));
#8178 = ADVANCED_FACE('',(#8179),#8324,.T.);
#8179 = FACE_BOUND('',#8180,.F.);
#8180 = EDGE_LOOP('',(#8181,#8190,#8198,#8323));
#8181 = ORIENTED_EDGE('',*,*,#8182,.F.);
#8182 = EDGE_CURVE('',#8183,#8183,#8185,.T.);
#8183 = VERTEX_POINT('',#8184);
#8184 = CARTESIAN_POINT('',(-3.748,-155.1438990476,207.19713613006));
#8185 = CIRCLE('',#8186,6.);
#8186 = AXIS2_PLACEMENT_3D('',#8187,#8188,#8189);
#8187 = CARTESIAN_POINT('',(2.252,-155.1438990476,207.19713613006));
#8188 = DIRECTION('',(0.,-0.707106781187,0.707106781187));
#8189 = DIRECTION('',(-1.,0.,0.));
#8190 = ORIENTED_EDGE('',*,*,#8191,.T.);
#8191 = EDGE_CURVE('',#8183,#8192,#8194,.T.);
#8192 = VERTEX_POINT('',#8193);
#8193 = CARTESIAN_POINT('',(-3.748,-270.6144364153,322.66767349782));
#8194 = LINE('',#8195,#8196);
#8195 = CARTESIAN_POINT('',(-3.748,-155.1438990476,207.19713613006));
#8196 = VECTOR('',#8197,1.);
#8197 = DIRECTION('',(0.,-0.707106781187,0.707106781187));
#8198 = ORIENTED_EDGE('',*,*,#8199,.T.);
#8199 = EDGE_CURVE('',#8192,#8192,#8200,.T.);
#8200 = B_SPLINE_CURVE_WITH_KNOTS('',7,(#8201,#8202,#8203,#8204,#8205,
    #8206,#8207,#8208,#8209,#8210,#8211,#8212,#8213,#8214,#8215,#8216,
    #8217,#8218,#8219,#8220,#8221,#8222,#8223,#8224,#8225,#8226,#8227,
    #8228,#8229,#8230,#8231,#8232,#8233,#8234,#8235,#8236,#8237,#8238,
    #8239,#8240,#8241,#8242,#8243,#8244,#8245,#8246,#8247,#8248,#8249,
    #8250,#8251,#8252,#8253,#8254,#8255,#8256,#8257,#8258,#8259,#8260,
    #8261,#8262,#8263,#8264,#8265,#8266,#8267,#8268,#8269,#8270,#8271,
    #8272,#8273,#8274,#8275,#8276,#8277,#8278,#8279,#8280,#8281,#8282,
    #8283,#8284,#8285,#8286,#8287,#8288,#8289,#8290,#8291,#8292,#8293,
    #8294,#8295,#8296,#8297,#8298,#8299,#8300,#8301,#8302,#8303,#8304,
    #8305,#8306,#8307,#8308,#8309,#8310,#8311,#8312,#8313,#8314,#8315,
    #8316,#8317,#8318,#8319,#8320,#8321,#8322),.UNSPECIFIED.,.T.,.F.,(8,
    6,6,6,6,6,6,6,6,6,6,6,6,6,6,6,6,6,6,6,8),(0.,5.792747495377E-02,
    8.552057468052E-02,0.106135747546,0.168298002248,0.250002115854,
    0.292820771135,0.331595242887,0.415772630736,0.442340942148,
    0.500146776733,0.558040256615,0.58561715796,0.606220225351,
    0.668345977641,0.750002113624,0.792795625282,0.831547339874,
    0.915675348571,0.942228074793,1.),.UNSPECIFIED.);
#8201 = CARTESIAN_POINT('',(-3.748,-270.6144364153,322.66767349782));
#8202 = CARTESIAN_POINT('',(-3.748,-270.8891342562,322.39297565693));
#8203 = CARTESIAN_POINT('',(-3.718654577067,-271.172113804,
    322.13074648508));
#8204 = CARTESIAN_POINT('',(-3.660770361929,-271.4601995603,
    321.88359089367));
#8205 = CARTESIAN_POINT('',(-3.576088389467,-271.749722254,
    321.65346822978));
#8206 = CARTESIAN_POINT('',(-3.467281115515,-272.0366391408,
    321.44164453008));
#8207 = CARTESIAN_POINT('',(-3.338002086341,-272.3167266989,
    321.24872787572));
#8208 = CARTESIAN_POINT('',(-3.123912559578,-272.7140375385,
    320.99193200045));
#8209 = CARTESIAN_POINT('',(-3.05097260886,-272.8402862836,
    320.9130300487));
#8210 = CARTESIAN_POINT('',(-2.974440490066,-272.9644489444,
    320.83793314759));
#8211 = CARTESIAN_POINT('',(-2.894571152664,-273.0863947976,
    320.76649337463));
#8212 = CARTESIAN_POINT('',(-2.811602694693,-273.2060057684,
    320.69856333396));
#8213 = CARTESIAN_POINT('',(-2.725756643329,-273.323176787,
    320.6339967601));
#8214 = CARTESIAN_POINT('',(-2.571104952178,-273.5234647394,
    320.52681548257));
#8215 = CARTESIAN_POINT('',(-2.503470474323,-273.6077124319,
    320.48277202273));
#8216 = CARTESIAN_POINT('',(-2.434411851588,-273.6905302947,
    320.4404540836));
#8217 = CARTESIAN_POINT('',(-2.364000042073,-273.7718922216,
    320.39979880996));
#8218 = CARTESIAN_POINT('',(-2.292299912269,-273.8517749281,
    320.36074514979));
#8219 = CARTESIAN_POINT('',(-2.219370237056,-273.930157952,
    320.32323385435));
#8220 = CARTESIAN_POINT('',(-1.921805498299,-274.238801737,
    320.17857483207));
#8221 = CARTESIAN_POINT('',(-1.687528956899,-274.4569050968,
    320.08338637281));
#8222 = CARTESIAN_POINT('',(-1.443970508042,-274.6606979857,
    320.0001512505));
#8223 = CARTESIAN_POINT('',(-1.19232299336,-274.8496645223,
    319.92754341196));
#8224 = CARTESIAN_POINT('',(-0.933496345988,-275.0233535509,
    319.8644036027));
#8225 = CARTESIAN_POINT('',(-0.668178272969,-275.1813235022,
    319.80974136904));
#8226 = CARTESIAN_POINT('',(-4.032864911363E-02,-275.5094170741,
    319.70095607428));
#8227 = CARTESIAN_POINT('',(0.326876235853,-275.6679236612,
    319.65234739872));
#8228 = CARTESIAN_POINT('',(0.702321125704,-275.7967673239,
    319.61530972461));
#8229 = CARTESIAN_POINT('',(1.083875450641,-275.8945528502,
    319.58846719898));
#8230 = CARTESIAN_POINT('',(1.469605359089,-275.9603112712,
    319.57084222589));
#8231 = CARTESIAN_POINT('',(1.857698709709,-275.9934807105,
    319.56195442408));
#8232 = CARTESIAN_POINT('',(2.450085802317,-275.9940988866,
    319.56178878412));
#8233 = CARTESIAN_POINT('',(2.653762506903,-275.985312736,
    319.56414322582));
#8234 = CARTESIAN_POINT('',(2.8571192128,-275.96753105,319.56890672967)
  );
#8235 = CARTESIAN_POINT('',(3.059852443321,-275.9407984339,
    319.57611468301));
#8236 = CARTESIAN_POINT('',(3.261652337176,-275.9052010731,
    319.5858374942));
#8237 = CARTESIAN_POINT('',(3.46220248066,-275.8608668922,
    319.59817788948));
#8238 = CARTESIAN_POINT('',(3.841363775643,-275.7600610017,
    319.62693326293));
#8239 = CARTESIAN_POINT('',(4.020247910246,-275.7051338054,
    319.64285241046));
#8240 = CARTESIAN_POINT('',(4.197662891561,-275.6432919952,
    319.66112850715));
#8241 = CARTESIAN_POINT('',(4.373427087713,-275.5746563378,
    319.68188821088));
#8242 = CARTESIAN_POINT('',(4.547346350891,-275.4993604283,
    319.70527998025));
#8243 = CARTESIAN_POINT('',(4.719213881198,-275.4175506237,
    319.73147207208));
#8244 = CARTESIAN_POINT('',(5.256994755377,-275.1379850525,
    319.8239954928));
#8245 = CARTESIAN_POINT('',(5.61393980241,-274.9169113216,
    319.90132336563));
#8246 = CARTESIAN_POINT('',(5.958610199681,-274.6673424571,
    319.99466479936));
#8247 = CARTESIAN_POINT('',(6.28931313462,-274.3902413847,
    320.10665695368));
#8248 = CARTESIAN_POINT('',(6.60347388771,-274.0866068473,
    320.24052244603));
#8249 = CARTESIAN_POINT('',(6.897347318116,-273.7578257368,
    320.40010025888));
#8250 = CARTESIAN_POINT('',(7.25028047809,-273.2950286208,
    320.64955104637));
#8251 = CARTESIAN_POINT('',(7.332434982098,-273.1816648947,
    320.71241186469));
#8252 = CARTESIAN_POINT('',(7.411886549335,-273.0660494102,
    320.77841834555));
#8253 = CARTESIAN_POINT('',(7.48843397071,-272.9482789555,
    320.84770079201));
#8254 = CARTESIAN_POINT('',(7.56186202984,-272.8284615853,
    320.92039025579));
#8255 = CARTESIAN_POINT('',(7.631941261787,-272.7067162906,
    320.99661801296));
#8256 = CARTESIAN_POINT('',(7.843085182527,-272.3143734208,
    321.25035048757));
#8257 = CARTESIAN_POINT('',(7.972040447204,-272.0346355094,
    321.44312423545));
#8258 = CARTESIAN_POINT('',(8.080567548116,-271.7480928483,
    321.65476169182));
#8259 = CARTESIAN_POINT('',(8.16502268504,-271.4589633936,
    321.88464866218));
#8260 = CARTESIAN_POINT('',(8.222743362748,-271.1712840864,
    322.13151341436));
#8261 = CARTESIAN_POINT('',(8.252,-270.8887183895,322.39339152369));
#8262 = CARTESIAN_POINT('',(8.252,-270.3397385745,322.94237133871));
#8263 = CARTESIAN_POINT('',(8.222654577066,-270.0775094026,
    323.22535088646));
#8264 = CARTESIAN_POINT('',(8.164770361928,-269.8303538112,
    323.51343664275));
#8265 = CARTESIAN_POINT('',(8.080088389465,-269.6002311473,
    323.80295933653));
#8266 = CARTESIAN_POINT('',(7.971281115514,-269.3884074476,
    324.08987622324));
#8267 = CARTESIAN_POINT('',(7.842002086341,-269.1954907932,
    324.36996378142));
#8268 = CARTESIAN_POINT('',(7.627912572633,-268.9386949336,
    324.76727459671));
#8269 = CARTESIAN_POINT('',(7.554972612348,-268.8597929676,
    324.89352336272));
#8270 = CARTESIAN_POINT('',(7.478440480404,-268.7846960544,
    325.01768604388));
#8271 = CARTESIAN_POINT('',(7.398571140467,-268.7132562828,
    325.13963189687));
#8272 = CARTESIAN_POINT('',(7.31560269454,-268.6453262534,
    325.25924284886));
#8273 = CARTESIAN_POINT('',(7.229756658137,-268.5807596879,
    325.37641385034));
#8274 = CARTESIAN_POINT('',(7.075104952177,-268.4735784001,
    325.57670182193));
#8275 = CARTESIAN_POINT('',(7.007470474323,-268.4295349402,
    325.6609495144));
#8276 = CARTESIAN_POINT('',(6.938411851588,-268.3872170011,
    325.7437673772));
#8277 = CARTESIAN_POINT('',(6.868000042073,-268.3465617275,
    325.82512930405));
#8278 = CARTESIAN_POINT('',(6.796299912269,-268.3075080673,
    325.9050120106));
#8279 = CARTESIAN_POINT('',(6.723370237055,-268.2699967719,
    325.98339503449));
#8280 = CARTESIAN_POINT('',(6.425805498299,-268.1253377496,
    326.2920388195));
#8281 = CARTESIAN_POINT('',(6.191528956899,-268.0301492903,
    326.51014217924));
#8282 = CARTESIAN_POINT('',(5.947970508042,-267.946914168,
    326.71393506815));
#8283 = CARTESIAN_POINT('',(5.696322993359,-267.8743063295,
    326.90290160477));
#8284 = CARTESIAN_POINT('',(5.437496345987,-267.8111665202,
    327.07659063336));
#8285 = CARTESIAN_POINT('',(5.172178272969,-267.7565042866,
    327.23456058468));
#8286 = CARTESIAN_POINT('',(4.544328649113,-267.6477189918,
    327.56265415657));
#8287 = CARTESIAN_POINT('',(4.177123764148,-267.5991103162,
    327.72116074364));
#8288 = CARTESIAN_POINT('',(3.801678874294,-267.5620726421,
    327.85000440638));
#8289 = CARTESIAN_POINT('',(3.420124549357,-267.5352301165,
    327.94778993265));
#8290 = CARTESIAN_POINT('',(3.034394640912,-267.5176051434,
    328.01354835364));
#8291 = CARTESIAN_POINT('',(2.64630129029,-267.5087173416,
    328.04671779301));
#8292 = CARTESIAN_POINT('',(2.053914197683,-267.5085517016,
    328.04733596913));
#8293 = CARTESIAN_POINT('',(1.850237493096,-267.5109061433,
    328.03854981844));
#8294 = CARTESIAN_POINT('',(1.646880787199,-267.5156696472,
    328.02076813249));
#8295 = CARTESIAN_POINT('',(1.444147556678,-267.5228776005,
    327.99403551636));
#8296 = CARTESIAN_POINT('',(1.242347662824,-267.5326004117,
    327.95843815563));
#8297 = CARTESIAN_POINT('',(1.041797519339,-267.544940807,
    327.91410397471));
#8298 = CARTESIAN_POINT('',(0.662636170099,-267.5736961846,
    327.81329806976));
#8299 = CARTESIAN_POINT('',(0.483752084914,-267.58961533,327.7583708823)
  );
#8300 = CARTESIAN_POINT('',(0.306337151595,-267.6078914208,
    327.69652909096));
#8301 = CARTESIAN_POINT('',(0.130572953635,-267.628651122,
    327.62789343998));
#8302 = CARTESIAN_POINT('',(-4.334635777872E-02,-267.6520428972,
    327.5525975118));
#8303 = CARTESIAN_POINT('',(-0.215213932556,-267.6782349984,
    327.47078767945));
#8304 = CARTESIAN_POINT('',(-0.752994755377,-267.7707584103,
    327.19122213499));
#8305 = CARTESIAN_POINT('',(-1.109939802413,-267.8480862831,
    326.97014840412));
#8306 = CARTESIAN_POINT('',(-1.454610199675,-267.9414277169,
    326.72057953963));
#8307 = CARTESIAN_POINT('',(-1.785313134628,-268.0534198712,
    326.44347846715));
#8308 = CARTESIAN_POINT('',(-2.099473887708,-268.1872853635,
    326.13984392982));
#8309 = CARTESIAN_POINT('',(-2.393347318117,-268.3468631764,
    325.81106281928));
#8310 = CARTESIAN_POINT('',(-2.746280478092,-268.5963139639,
    325.34826570329));
#8311 = CARTESIAN_POINT('',(-2.828434982099,-268.6591747822,
    325.23490197717));
#8312 = CARTESIAN_POINT('',(-2.907886549335,-268.7251812631,
    325.11928649267));
#8313 = CARTESIAN_POINT('',(-2.984433970709,-268.7944637095,
    325.00151603803));
#8314 = CARTESIAN_POINT('',(-3.057862029841,-268.8671531733,
    324.8816986678));
#8315 = CARTESIAN_POINT('',(-3.127941261789,-268.9433809305,
    324.75995337309));
#8316 = CARTESIAN_POINT('',(-3.33908518253,-269.1971134051,
    324.36761050327));
#8317 = CARTESIAN_POINT('',(-3.468040447204,-269.389887153,
    324.08787259189));
#8318 = CARTESIAN_POINT('',(-3.576567548116,-269.6015246093,
    323.80132993083));
#8319 = CARTESIAN_POINT('',(-3.661022685041,-269.8314115797,
    323.51220047605));
#8320 = CARTESIAN_POINT('',(-3.71874336275,-270.0782763319,
    323.22452116891));
#8321 = CARTESIAN_POINT('',(-3.748,-270.3401544412,322.94195547195));
#8322 = CARTESIAN_POINT('',(-3.748,-270.6144364153,322.66767349782));
#8323 = ORIENTED_EDGE('',*,*,#8191,.F.);
#8324 = CYLINDRICAL_SURFACE('',#8325,6.);
#8325 = AXIS2_PLACEMENT_3D('',#8326,#8327,#8328);
#8326 = CARTESIAN_POINT('',(2.252,-155.1438990476,207.19713613006));
#8327 = DIRECTION('',(0.,0.707106781187,-0.707106781187));
#8328 = DIRECTION('',(-1.,0.,0.));
#8329 = ADVANCED_FACE('',(#8330),#8333,.F.);
#8330 = FACE_BOUND('',#8331,.T.);
#8331 = EDGE_LOOP('',(#8332));
#8332 = ORIENTED_EDGE('',*,*,#8182,.F.);
#8333 = PLANE('',#8334);
#8334 = AXIS2_PLACEMENT_3D('',#8335,#8336,#8337);
#8335 = CARTESIAN_POINT('',(2.252,-155.1438990476,207.19713613006));
#8336 = DIRECTION('',(0.,-0.707106781187,0.707106781187));
#8337 = DIRECTION('',(-1.,0.,0.));
#8338 = ADVANCED_FACE('',(#8339,#8366),#8369,.T.);
#8339 = FACE_BOUND('',#8340,.T.);
#8340 = EDGE_LOOP('',(#8341,#8351,#8358,#8359));
#8341 = ORIENTED_EDGE('',*,*,#8342,.T.);
#8342 = EDGE_CURVE('',#8343,#8345,#8347,.T.);
#8343 = VERTEX_POINT('',#8344);
#8344 = CARTESIAN_POINT('',(-5.248,-287.5849991638,339.6382362463));
#8345 = VERTEX_POINT('',#8346);
#8346 = CARTESIAN_POINT('',(9.752,-287.5849991638,339.6382362463));
#8347 = LINE('',#8348,#8349);
#8348 = CARTESIAN_POINT('',(-5.248,-287.5849991638,339.6382362463));
#8349 = VECTOR('',#8350,1.);
#8350 = DIRECTION('',(1.,0.,0.));
#8351 = ORIENTED_EDGE('',*,*,#8352,.F.);
#8352 = EDGE_CURVE('',#8345,#8345,#8353,.T.);
#8353 = CIRCLE('',#8354,12.);
#8354 = AXIS2_PLACEMENT_3D('',#8355,#8356,#8357);
#8355 = CARTESIAN_POINT('',(9.752,-279.0997177896,331.15295487206));
#8356 = DIRECTION('',(1.,0.,0.));
#8357 = DIRECTION('',(0.,-0.707106781187,0.707106781187));
#8358 = ORIENTED_EDGE('',*,*,#8342,.F.);
#8359 = ORIENTED_EDGE('',*,*,#8360,.T.);
#8360 = EDGE_CURVE('',#8343,#8343,#8361,.T.);
#8361 = CIRCLE('',#8362,12.);
#8362 = AXIS2_PLACEMENT_3D('',#8363,#8364,#8365);
#8363 = CARTESIAN_POINT('',(-5.248,-279.0997177896,331.15295487206));
#8364 = DIRECTION('',(1.,0.,0.));
#8365 = DIRECTION('',(0.,-0.707106781187,0.707106781187));
#8366 = FACE_BOUND('',#8367,.T.);
#8367 = EDGE_LOOP('',(#8368));
#8368 = ORIENTED_EDGE('',*,*,#8199,.T.);
#8369 = CYLINDRICAL_SURFACE('',#8370,12.);
#8370 = AXIS2_PLACEMENT_3D('',#8371,#8372,#8373);
#8371 = CARTESIAN_POINT('',(-5.248,-279.0997177896,331.15295487206));
#8372 = DIRECTION('',(1.,0.,0.));
#8373 = DIRECTION('',(0.,-0.707106781187,0.707106781187));
#8374 = ADVANCED_FACE('',(#8375,#8378),#8389,.F.);
#8375 = FACE_BOUND('',#8376,.F.);
#8376 = EDGE_LOOP('',(#8377));
#8377 = ORIENTED_EDGE('',*,*,#8360,.T.);
#8378 = FACE_BOUND('',#8379,.F.);
#8379 = EDGE_LOOP('',(#8380));
#8380 = ORIENTED_EDGE('',*,*,#8381,.F.);
#8381 = EDGE_CURVE('',#8382,#8382,#8384,.T.);
#8382 = VERTEX_POINT('',#8383);
#8383 = CARTESIAN_POINT('',(-5.248,-284.0494652579,336.10270234037));
#8384 = CIRCLE('',#8385,7.);
#8385 = AXIS2_PLACEMENT_3D('',#8386,#8387,#8388);
#8386 = CARTESIAN_POINT('',(-5.248,-279.0997177896,331.15295487206));
#8387 = DIRECTION('',(1.,0.,0.));
#8388 = DIRECTION('',(0.,-0.707106781187,0.707106781187));
#8389 = PLANE('',#8390);
#8390 = AXIS2_PLACEMENT_3D('',#8391,#8392,#8393);
#8391 = CARTESIAN_POINT('',(-5.248,-279.0997177896,331.15295487206));
#8392 = DIRECTION('',(1.,0.,0.));
#8393 = DIRECTION('',(0.,-0.707106781187,0.707106781187));
#8394 = ADVANCED_FACE('',(#8395,#8398),#8409,.T.);
#8395 = FACE_BOUND('',#8396,.T.);
#8396 = EDGE_LOOP('',(#8397));
#8397 = ORIENTED_EDGE('',*,*,#8352,.T.);
#8398 = FACE_BOUND('',#8399,.T.);
#8399 = EDGE_LOOP('',(#8400));
#8400 = ORIENTED_EDGE('',*,*,#8401,.F.);
#8401 = EDGE_CURVE('',#8402,#8402,#8404,.T.);
#8402 = VERTEX_POINT('',#8403);
#8403 = CARTESIAN_POINT('',(9.752,-284.0494652579,336.10270234037));
#8404 = CIRCLE('',#8405,7.);
#8405 = AXIS2_PLACEMENT_3D('',#8406,#8407,#8408);
#8406 = CARTESIAN_POINT('',(9.752,-279.0997177896,331.15295487206));
#8407 = DIRECTION('',(1.,0.,0.));
#8408 = DIRECTION('',(0.,-0.707106781187,0.707106781187));
#8409 = PLANE('',#8410);
#8410 = AXIS2_PLACEMENT_3D('',#8411,#8412,#8413);
#8411 = CARTESIAN_POINT('',(9.752,-279.0997177896,331.15295487206));
#8412 = DIRECTION('',(1.,0.,0.));
#8413 = DIRECTION('',(0.,-0.707106781187,0.707106781187));
#8414 = ADVANCED_FACE('',(#8415),#8426,.F.);
#8415 = FACE_BOUND('',#8416,.F.);
#8416 = EDGE_LOOP('',(#8417,#8418,#8424,#8425));
#8417 = ORIENTED_EDGE('',*,*,#8401,.F.);
#8418 = ORIENTED_EDGE('',*,*,#8419,.F.);
#8419 = EDGE_CURVE('',#8382,#8402,#8420,.T.);
#8420 = LINE('',#8421,#8422);
#8421 = CARTESIAN_POINT('',(-5.248,-284.0494652579,336.10270234037));
#8422 = VECTOR('',#8423,1.);
#8423 = DIRECTION('',(1.,0.,0.));
#8424 = ORIENTED_EDGE('',*,*,#8381,.T.);
#8425 = ORIENTED_EDGE('',*,*,#8419,.T.);
#8426 = CYLINDRICAL_SURFACE('',#8427,7.);
#8427 = AXIS2_PLACEMENT_3D('',#8428,#8429,#8430);
#8428 = CARTESIAN_POINT('',(-5.248,-279.0997177896,331.15295487206));
#8429 = DIRECTION('',(1.,0.,0.));
#8430 = DIRECTION('',(0.,-0.707106781187,0.707106781187));
#8431 = ( GEOMETRIC_REPRESENTATION_CONTEXT(3) 
GLOBAL_UNCERTAINTY_ASSIGNED_CONTEXT((#8435)) 
GLOBAL_UNIT_ASSIGNED_CONTEXT((#8432,#8433,#8434)) REPRESENTATION_CONTEXT
('Context #1','3D Context with UNIT and UNCERTAINTY') );
#8432 = ( LENGTH_UNIT() NAMED_UNIT(*) SI_UNIT(.MILLI.,.METRE.) );
#8433 = ( NAMED_UNIT(*) PLANE_ANGLE_UNIT() SI_UNIT($,.RADIAN.) );
#8434 = ( NAMED_UNIT(*) SI_UNIT($,.STERADIAN.) SOLID_ANGLE_UNIT() );
#8435 = UNCERTAINTY_MEASURE_WITH_UNIT(LENGTH_MEASURE(1.E-07),#8432,
  'distance_accuracy_value','confusion accuracy');
#8436 = CONTEXT_DEPENDENT_SHAPE_REPRESENTATION(#8437,#8439);
#8437 = ( REPRESENTATION_RELATIONSHIP('','',#8175,#10) 
REPRESENTATION_RELATIONSHIP_WITH_TRANSFORMATION(#8438) 
SHAPE_REPRESENTATION_RELATIONSHIP() );
#8438 = ITEM_DEFINED_TRANSFORMATION('','',#11,#47);
#8439 = PRODUCT_DEFINITION_SHAPE('Placement','Placement of an item',
  #8440);
#8440 = NEXT_ASSEMBLY_USAGE_OCCURRENCE('9','BoomCylinderInner001','',#5,
  #8170,$);
#8441 = PRODUCT_RELATED_PRODUCT_CATEGORY('part',$,(#8172));
#8442 = SHAPE_DEFINITION_REPRESENTATION(#8443,#8449);
#8443 = PRODUCT_DEFINITION_SHAPE('','',#8444);
#8444 = PRODUCT_DEFINITION('design','',#8445,#8448);
#8445 = PRODUCT_DEFINITION_FORMATION('','',#8446);
#8446 = PRODUCT('StickCylinderInner','StickCylinderInner','',(#8447));
#8447 = PRODUCT_CONTEXT('',#2,'mechanical');
#8448 = PRODUCT_DEFINITION_CONTEXT('part definition',#2,'design');
#8449 = ADVANCED_BREP_SHAPE_REPRESENTATION('',(#11,#8450),#8705);
#8450 = MANIFOLD_SOLID_BREP('',#8451);
#8451 = CLOSED_SHELL('',(#8452,#8603,#8612,#8648,#8668,#8688));
#8452 = ADVANCED_FACE('',(#8453),#8598,.T.);
#8453 = FACE_BOUND('',#8454,.F.);
#8454 = EDGE_LOOP('',(#8455,#8464,#8472,#8597));
#8455 = ORIENTED_EDGE('',*,*,#8456,.F.);
#8456 = EDGE_CURVE('',#8457,#8457,#8459,.T.);
#8457 = VERTEX_POINT('',#8458);
#8458 = CARTESIAN_POINT('',(-7.828,-510.602403336,83.221350256195));
#8459 = CIRCLE('',#8460,6.);
#8460 = AXIS2_PLACEMENT_3D('',#8461,#8462,#8463);
#8461 = CARTESIAN_POINT('',(-1.828000000001,-510.602403336,
    83.221350256195));
#8462 = DIRECTION('',(0.,-0.743144825477,0.669130606359));
#8463 = DIRECTION('',(-1.,0.,0.));
#8464 = ORIENTED_EDGE('',*,*,#8465,.T.);
#8465 = EDGE_CURVE('',#8457,#8466,#8468,.T.);
#8466 = VERTEX_POINT('',#8467);
#8467 = CARTESIAN_POINT('',(-7.828,-631.9579533364,192.49037827459));
#8468 = LINE('',#8469,#8470);
#8469 = CARTESIAN_POINT('',(-7.828000000001,-510.602403336,
    83.221350256195));
#8470 = VECTOR('',#8471,1.);
#8471 = DIRECTION('',(0.,-0.743144825477,0.669130606359));
#8472 = ORIENTED_EDGE('',*,*,#8473,.T.);
#8473 = EDGE_CURVE('',#8466,#8466,#8474,.T.);
#8474 = B_SPLINE_CURVE_WITH_KNOTS('',7,(#8475,#8476,#8477,#8478,#8479,
    #8480,#8481,#8482,#8483,#8484,#8485,#8486,#8487,#8488,#8489,#8490,
    #8491,#8492,#8493,#8494,#8495,#8496,#8497,#8498,#8499,#8500,#8501,
    #8502,#8503,#8504,#8505,#8506,#8507,#8508,#8509,#8510,#8511,#8512,
    #8513,#8514,#8515,#8516,#8517,#8518,#8519,#8520,#8521,#8522,#8523,
    #8524,#8525,#8526,#8527,#8528,#8529,#8530,#8531,#8532,#8533,#8534,
    #8535,#8536,#8537,#8538,#8539,#8540,#8541,#8542,#8543,#8544,#8545,
    #8546,#8547,#8548,#8549,#8550,#8551,#8552,#8553,#8554,#8555,#8556,
    #8557,#8558,#8559,#8560,#8561,#8562,#8563,#8564,#8565,#8566,#8567,
    #8568,#8569,#8570,#8571,#8572,#8573,#8574,#8575,#8576,#8577,#8578,
    #8579,#8580,#8581,#8582,#8583,#8584,#8585,#8586,#8587,#8588,#8589,
    #8590,#8591,#8592,#8593,#8594,#8595,#8596),.UNSPECIFIED.,.T.,.F.,(8,
    6,6,6,6,6,6,6,6,6,6,6,6,6,6,6,6,6,6,6,8),(0.,5.792747495377E-02,
    8.552057468052E-02,0.106135747546,0.168298002248,0.250002115854,
    0.292820771135,0.331595242887,0.415772630736,0.442340942148,
    0.500146776733,0.558040256615,0.58561715796,0.606220225351,
    0.668345977641,0.750002113624,0.792795625282,0.831547339874,
    0.915675348571,0.942228074793,1.),.UNSPECIFIED.);
#8475 = CARTESIAN_POINT('',(-7.828,-631.9579533364,192.49037827459));
#8476 = CARTESIAN_POINT('',(-7.828,-632.2178981393,192.20168032337));
#8477 = CARTESIAN_POINT('',(-7.798654577067,-632.4867658589,
    191.92500052225));
#8478 = CARTESIAN_POINT('',(-7.74077036193,-632.7615216795,
    191.66310640545));
#8479 = CARTESIAN_POINT('',(-7.656088389467,-633.0386039028,
    191.41814666964));
#8480 = CARTESIAN_POINT('',(-7.547281115515,-633.314041584,
    191.19159719734));
#8481 = CARTESIAN_POINT('',(-7.418002086341,-633.5836488144,
    190.98428627835));
#8482 = CARTESIAN_POINT('',(-7.203912559578,-633.9669754955,
    190.7070486902));
#8483 = CARTESIAN_POINT('',(-7.13097260886,-634.088921812,
    190.62164752203));
#8484 = CARTESIAN_POINT('',(-7.054440490066,-634.2089840441,
    190.54015536702));
#8485 = CARTESIAN_POINT('',(-6.974571152664,-634.3270239059,
    190.46243134695));
#8486 = CARTESIAN_POINT('',(-6.891602694693,-634.4429157703,
    190.38833444752));
#8487 = CARTESIAN_POINT('',(-6.805756643329,-634.5565470568,
    190.31772410259));
#8488 = CARTESIAN_POINT('',(-6.651104952178,-634.7509510869,
    190.20020745176));
#8489 = CARTESIAN_POINT('',(-6.583470474324,-634.8327782643,
    190.15181516841));
#8490 = CARTESIAN_POINT('',(-6.514411851589,-634.9132678782,
    190.1052208725));
#8491 = CARTESIAN_POINT('',(-6.444000042074,-634.9923905688,
    190.06036316126));
#8492 = CARTESIAN_POINT('',(-6.37229991227,-635.0701198882,
    190.01718228494));
#8493 = CARTESIAN_POINT('',(-6.299370237056,-635.1464323014,
    189.97562014691));
#8494 = CARTESIAN_POINT('',(-6.001805498299,-635.4470822325,
    189.81500620717));
#8495 = CARTESIAN_POINT('',(-5.7675289569,-635.6599049102,
    189.70853355249));
#8496 = CARTESIAN_POINT('',(-5.523970508043,-635.8590623183,
    189.61474680531));
#8497 = CARTESIAN_POINT('',(-5.272322993361,-636.0439698822,
    189.5323487289));
#8498 = CARTESIAN_POINT('',(-5.013496345988,-636.2141163937,
    189.46020526915));
#8499 = CARTESIAN_POINT('',(-4.748178272969,-636.3690090524,
    189.39735043972));
#8500 = CARTESIAN_POINT('',(-4.120328649114,-636.690959601,
    189.27154314061));
#8501 = CARTESIAN_POINT('',(-3.753123764147,-636.8467049788,
    189.21470548775));
#8502 = CARTESIAN_POINT('',(-3.377678874296,-636.9734336637,
    189.17097541618));
#8503 = CARTESIAN_POINT('',(-2.996124549359,-637.0696803491,
    189.13905197828));
#8504 = CARTESIAN_POINT('',(-2.610394640912,-637.1344262306,
    189.11800962975));
#8505 = CARTESIAN_POINT('',(-2.222301290291,-637.1670850608,
    189.10739805404));
#8506 = CARTESIAN_POINT('',(-1.629914197683,-637.1676937208,
    189.10720028825));
#8507 = CARTESIAN_POINT('',(-1.426237493097,-637.1590428332,
    189.11001133486));
#8508 = CARTESIAN_POINT('',(-1.2228807872,-637.141534819,189.11569893203
    ));
#8509 = CARTESIAN_POINT('',(-1.020147556679,-637.1152160741,
    189.12429608415));
#8510 = CARTESIAN_POINT('',(-0.818347662825,-637.0801763509,
    189.13586859248));
#8511 = CARTESIAN_POINT('',(-0.61779751934,-637.0365487748,
    189.15051234743));
#8512 = CARTESIAN_POINT('',(-0.238636224357,-636.9373859752,
    189.18450408532));
#8513 = CARTESIAN_POINT('',(-5.975208975457E-02,-636.8833671986,
    189.20327608355));
#8514 = CARTESIAN_POINT('',(0.117662891561,-636.8225666375,
    189.22476368376));
#8515 = CARTESIAN_POINT('',(0.293427087713,-636.7551115218,
    189.2490870498));
#8516 = CARTESIAN_POINT('',(0.467346350891,-636.6811430333,
    189.27638744499));
#8517 = CARTESIAN_POINT('',(0.639213881198,-636.6008161343,
    189.30682523582));
#8518 = CARTESIAN_POINT('',(1.176994755376,-636.3264759998,
    189.41385318791));
#8519 = CARTESIAN_POINT('',(1.533939802409,-636.1097522709,
    189.50264519068));
#8520 = CARTESIAN_POINT('',(1.878610199681,-635.8654105451,
    189.60892012839));
#8521 = CARTESIAN_POINT('',(2.20931313462,-635.5945504465,
    189.73526115096));
#8522 = CARTESIAN_POINT('',(2.52347388771,-635.2983380083,
    189.88483418917));
#8523 = CARTESIAN_POINT('',(2.817347318116,-634.9783591383,
    190.06140037998));
#8524 = CARTESIAN_POINT('',(3.17028047809,-634.5292515151,
    190.33473023345));
#8525 = CARTESIAN_POINT('',(3.252434982098,-634.4193330311,
    190.40343790221));
#8526 = CARTESIAN_POINT('',(3.331886549335,-634.3073305059,
    190.47540477043));
#8527 = CARTESIAN_POINT('',(3.408433970709,-634.1933474146,
    190.55075589706));
#8528 = CARTESIAN_POINT('',(3.481862029839,-634.0774985226,
    190.6296164991));
#8529 = CARTESIAN_POINT('',(3.551941261787,-633.9599095281,
    190.7121114452));
#8530 = CARTESIAN_POINT('',(3.763085182526,-633.5813836822,
    190.98602982753));
#8531 = CARTESIAN_POINT('',(3.892040447204,-633.3121181404,
    191.19317973678));
#8532 = CARTESIAN_POINT('',(4.000567548116,-633.0370444247,
    191.41952363555));
#8533 = CARTESIAN_POINT('',(4.08502268504,-632.7603425662,
    191.66422742029));
#8534 = CARTESIAN_POINT('',(4.142743362748,-632.4859774165,
    191.92580982454));
#8535 = CARTESIAN_POINT('',(4.172,-632.2175046072,192.20211738498));
#8536 = CARTESIAN_POINT('',(4.172,-631.6980085336,192.77907622582));
#8537 = CARTESIAN_POINT('',(4.142654577066,-631.4509487429,
    193.0753919744));
#8538 = CARTESIAN_POINT('',(4.084770361928,-631.2192091132,
    193.37601804339));
#8539 = CARTESIAN_POINT('',(4.000088389465,-631.0045542714,
    193.67718764604));
#8540 = CARTESIAN_POINT('',(3.891281115514,-630.8080369384,
    193.97479731901));
#8541 = CARTESIAN_POINT('',(3.762002086341,-630.6300433198,
    194.26459750451));
#8542 = CARTESIAN_POINT('',(3.547912572633,-630.3943930314,194.674803476
    ));
#8543 = CARTESIAN_POINT('',(3.474972612348,-630.3222065477,
    194.80500863231));
#8544 = CARTESIAN_POINT('',(3.398440480404,-630.2537107248,
    194.9329314216));
#8545 = CARTESIAN_POINT('',(3.318571140467,-630.1887510118,
    195.05844902079));
#8546 = CARTESIAN_POINT('',(3.23560269454,-630.1271740316,
    195.18145123318));
#8547 = CARTESIAN_POINT('',(3.149756658136,-630.0688282088,
    195.30184080882));
#8548 = CARTESIAN_POINT('',(2.995104952177,-629.9722760718,
    195.50746372789));
#8549 = CARTESIAN_POINT('',(2.927470474322,-629.9327021555,
    195.59390101841));
#8550 = CARTESIAN_POINT('',(2.858411851587,-629.8947765637,
    195.67882013203));
#8551 = CARTESIAN_POINT('',(2.788000042072,-629.8584351609,
    195.7621982878));
#8552 = CARTESIAN_POINT('',(2.716299912268,-629.8236157603,
    195.84401542853));
#8553 = CARTESIAN_POINT('',(2.643370237055,-629.7902581233,
    195.92425422072));
#8554 = CARTESIAN_POINT('',(2.345805498299,-629.6619505188,
    196.24004588841));
#8555 = CARTESIAN_POINT('',(2.111528956899,-629.5783071599,
    196.46283212412));
#8556 = CARTESIAN_POINT('',(1.867970508041,-629.5058518041,
    196.67070191168));
#8557 = CARTESIAN_POINT('',(1.616322993359,-629.4432332165,
    196.86320947689));
#8558 = CARTESIAN_POINT('',(1.357496345987,-629.3892701196,
    197.03996495299));
#8559 = CARTESIAN_POINT('',(1.092178272969,-629.342950307,
    197.20057921226));
#8560 = CARTESIAN_POINT('',(0.464328649113,-629.2514851896,
    197.53391652574));
#8561 = CARTESIAN_POINT('',(9.712376414734E-02,-629.2112387243,
    197.69474986656));
#8562 = CARTESIAN_POINT('',(-0.278321125706,-629.1809949653,
    197.82535535562));
#8563 = CARTESIAN_POINT('',(-0.659875450643,-629.1593069255,
    197.92441169948));
#8564 = CARTESIAN_POINT('',(-1.045605359088,-629.1451476367,
    197.99100242065));
#8565 = CARTESIAN_POINT('',(-1.43369870971,-629.1380079696,
    198.02459155407));
#8566 = CARTESIAN_POINT('',(-2.026085802318,-629.1378749095,
    198.02521755192));
#8567 = CARTESIAN_POINT('',(-2.229762506904,-629.1397662929,
    198.01632022039));
#8568 = CARTESIAN_POINT('',(-2.433119212801,-629.143592647,
    197.9983136011));
#8569 = CARTESIAN_POINT('',(-2.635852443322,-629.1493916451,
    197.97124038595));
#8570 = CARTESIAN_POINT('',(-2.837652337177,-629.1572381096,
    197.93518295755));
#8571 = CARTESIAN_POINT('',(-3.038202480661,-629.167241321,
    197.89026368869));
#8572 = CARTESIAN_POINT('',(-3.417363829901,-629.1906815169,
    197.78809099455));
#8573 = CARTESIAN_POINT('',(-3.596247915087,-629.2037041788,
    197.7324059392));
#8574 = CARTESIAN_POINT('',(-3.773662848405,-629.2187186735,
    197.6696924032));
#8575 = CARTESIAN_POINT('',(-3.949427046366,-629.2358578119,
    197.60006433617));
#8576 = CARTESIAN_POINT('',(-4.123346357779,-629.2552768451,
    197.52364736753));
#8577 = CARTESIAN_POINT('',(-4.295213932556,-629.2771514552,
    197.44057886404));
#8578 = CARTESIAN_POINT('',(-4.832994755378,-629.3549167368,
    197.15655415321));
#8579 = CARTESIAN_POINT('',(-5.189939802413,-629.4205685294,
    196.93173636803));
#8580 = CARTESIAN_POINT('',(-5.534610199675,-629.5007206167,
    196.67762441581));
#8581 = CARTESIAN_POINT('',(-5.865313134628,-629.5980569401,
    196.39504188423));
#8582 = CARTESIAN_POINT('',(-6.179473887709,-629.7158479706,
    196.08481748893));
#8583 = CARTESIAN_POINT('',(-6.473347318117,-629.8580000138,
    195.74813530404));
#8584 = CARTESIAN_POINT('',(-6.826280478092,-630.082888008,
    195.27291718992));
#8585 = CARTESIAN_POINT('',(-6.908434982099,-630.1397296788,
    195.15641894381));
#8586 = CARTESIAN_POINT('',(-6.987886549335,-630.1995948531,
    195.03750739401));
#8587 = CARTESIAN_POINT('',(-7.064433970709,-630.262618721,
    194.9162723766));
#8588 = CARTESIAN_POINT('',(-7.137862029841,-630.3289378098,
    194.79281493933));
#8589 = CARTESIAN_POINT('',(-7.20794126179,-630.398689443,
    194.66724703974));
#8590 = CARTESIAN_POINT('',(-7.41908518253,-630.6315405468,
    194.2621625305));
#8591 = CARTESIAN_POINT('',(-7.548040447204,-630.8094097539,
    193.97271899178));
#8592 = CARTESIAN_POINT('',(-7.656567548116,-631.0057606843,
    193.67549277881));
#8593 = CARTESIAN_POINT('',(-7.741022685041,-631.2202007361,
    193.37472821148));
#8594 = CARTESIAN_POINT('',(-7.79874336275,-631.4516711971,
    193.07452325597));
#8595 = CARTESIAN_POINT('',(-7.828,-631.6984020656,192.7786391642));
#8596 = CARTESIAN_POINT('',(-7.828,-631.9579533364,192.49037827459));
#8597 = ORIENTED_EDGE('',*,*,#8465,.F.);
#8598 = CYLINDRICAL_SURFACE('',#8599,6.);
#8599 = AXIS2_PLACEMENT_3D('',#8600,#8601,#8602);
#8600 = CARTESIAN_POINT('',(-1.828000000001,-510.602403336,
    83.221350256195));
#8601 = DIRECTION('',(0.,0.743144825477,-0.669130606359));
#8602 = DIRECTION('',(-1.,0.,0.));
#8603 = ADVANCED_FACE('',(#8604),#8607,.F.);
#8604 = FACE_BOUND('',#8605,.T.);
#8605 = EDGE_LOOP('',(#8606));
#8606 = ORIENTED_EDGE('',*,*,#8456,.F.);
#8607 = PLANE('',#8608);
#8608 = AXIS2_PLACEMENT_3D('',#8609,#8610,#8611);
#8609 = CARTESIAN_POINT('',(-1.828000000001,-510.602403336,
    83.221350256195));
#8610 = DIRECTION('',(0.,-0.743144825477,0.669130606359));
#8611 = DIRECTION('',(-1.,0.,0.));
#8612 = ADVANCED_FACE('',(#8613,#8640),#8643,.T.);
#8613 = FACE_BOUND('',#8614,.T.);
#8614 = EDGE_LOOP('',(#8615,#8625,#8632,#8633));
#8615 = ORIENTED_EDGE('',*,*,#8616,.T.);
#8616 = EDGE_CURVE('',#8617,#8619,#8621,.T.);
#8617 = VERTEX_POINT('',#8618);
#8618 = CARTESIAN_POINT('',(-9.328,-649.7934291479,208.5495128272));
#8619 = VERTEX_POINT('',#8620);
#8620 = CARTESIAN_POINT('',(5.672,-649.7934291479,208.5495128272));
#8621 = LINE('',#8622,#8623);
#8622 = CARTESIAN_POINT('',(-9.328,-649.7934291479,208.5495128272));
#8623 = VECTOR('',#8624,1.);
#8624 = DIRECTION('',(1.,0.,0.));
#8625 = ORIENTED_EDGE('',*,*,#8626,.F.);
#8626 = EDGE_CURVE('',#8619,#8619,#8627,.T.);
#8627 = CIRCLE('',#8628,12.);
#8628 = AXIS2_PLACEMENT_3D('',#8629,#8630,#8631);
#8629 = CARTESIAN_POINT('',(5.672,-640.8756912422,200.5199455509));
#8630 = DIRECTION('',(1.,0.,0.));
#8631 = DIRECTION('',(0.,-0.743144825477,0.669130606359));
#8632 = ORIENTED_EDGE('',*,*,#8616,.F.);
#8633 = ORIENTED_EDGE('',*,*,#8634,.T.);
#8634 = EDGE_CURVE('',#8617,#8617,#8635,.T.);
#8635 = CIRCLE('',#8636,12.);
#8636 = AXIS2_PLACEMENT_3D('',#8637,#8638,#8639);
#8637 = CARTESIAN_POINT('',(-9.328,-640.8756912422,200.5199455509));
#8638 = DIRECTION('',(1.,0.,0.));
#8639 = DIRECTION('',(0.,-0.743144825477,0.669130606359));
#8640 = FACE_BOUND('',#8641,.T.);
#8641 = EDGE_LOOP('',(#8642));
#8642 = ORIENTED_EDGE('',*,*,#8473,.T.);
#8643 = CYLINDRICAL_SURFACE('',#8644,12.);
#8644 = AXIS2_PLACEMENT_3D('',#8645,#8646,#8647);
#8645 = CARTESIAN_POINT('',(-9.328,-640.8756912422,200.5199455509));
#8646 = DIRECTION('',(1.,0.,0.));
#8647 = DIRECTION('',(0.,-0.743144825477,0.669130606359));
#8648 = ADVANCED_FACE('',(#8649,#8652),#8663,.F.);
#8649 = FACE_BOUND('',#8650,.F.);
#8650 = EDGE_LOOP('',(#8651));
#8651 = ORIENTED_EDGE('',*,*,#8634,.T.);
#8652 = FACE_BOUND('',#8653,.F.);
#8653 = EDGE_LOOP('',(#8654));
#8654 = ORIENTED_EDGE('',*,*,#8655,.F.);
#8655 = EDGE_CURVE('',#8656,#8656,#8658,.T.);
#8656 = VERTEX_POINT('',#8657);
#8657 = CARTESIAN_POINT('',(-9.328,-646.0777050205,205.20385979541));
#8658 = CIRCLE('',#8659,7.);
#8659 = AXIS2_PLACEMENT_3D('',#8660,#8661,#8662);
#8660 = CARTESIAN_POINT('',(-9.328,-640.8756912422,200.5199455509));
#8661 = DIRECTION('',(1.,0.,0.));
#8662 = DIRECTION('',(0.,-0.743144825477,0.669130606359));
#8663 = PLANE('',#8664);
#8664 = AXIS2_PLACEMENT_3D('',#8665,#8666,#8667);
#8665 = CARTESIAN_POINT('',(-9.328,-640.8756912422,200.5199455509));
#8666 = DIRECTION('',(1.,0.,0.));
#8667 = DIRECTION('',(0.,-0.743144825477,0.669130606359));
#8668 = ADVANCED_FACE('',(#8669,#8672),#8683,.T.);
#8669 = FACE_BOUND('',#8670,.T.);
#8670 = EDGE_LOOP('',(#8671));
#8671 = ORIENTED_EDGE('',*,*,#8626,.T.);
#8672 = FACE_BOUND('',#8673,.T.);
#8673 = EDGE_LOOP('',(#8674));
#8674 = ORIENTED_EDGE('',*,*,#8675,.F.);
#8675 = EDGE_CURVE('',#8676,#8676,#8678,.T.);
#8676 = VERTEX_POINT('',#8677);
#8677 = CARTESIAN_POINT('',(5.672,-646.0777050205,205.20385979541));
#8678 = CIRCLE('',#8679,7.);
#8679 = AXIS2_PLACEMENT_3D('',#8680,#8681,#8682);
#8680 = CARTESIAN_POINT('',(5.672,-640.8756912422,200.5199455509));
#8681 = DIRECTION('',(1.,0.,0.));
#8682 = DIRECTION('',(0.,-0.743144825477,0.669130606359));
#8683 = PLANE('',#8684);
#8684 = AXIS2_PLACEMENT_3D('',#8685,#8686,#8687);
#8685 = CARTESIAN_POINT('',(5.672,-640.8756912422,200.5199455509));
#8686 = DIRECTION('',(1.,0.,0.));
#8687 = DIRECTION('',(0.,-0.743144825477,0.669130606359));
#8688 = ADVANCED_FACE('',(#8689),#8700,.F.);
#8689 = FACE_BOUND('',#8690,.F.);
#8690 = EDGE_LOOP('',(#8691,#8692,#8698,#8699));
#8691 = ORIENTED_EDGE('',*,*,#8675,.F.);
#8692 = ORIENTED_EDGE('',*,*,#8693,.F.);
#8693 = EDGE_CURVE('',#8656,#8676,#8694,.T.);
#8694 = LINE('',#8695,#8696);
#8695 = CARTESIAN_POINT('',(-9.328,-646.0777050205,205.20385979541));
#8696 = VECTOR('',#8697,1.);
#8697 = DIRECTION('',(1.,0.,0.));
#8698 = ORIENTED_EDGE('',*,*,#8655,.T.);
#8699 = ORIENTED_EDGE('',*,*,#8693,.T.);
#8700 = CYLINDRICAL_SURFACE('',#8701,7.);
#8701 = AXIS2_PLACEMENT_3D('',#8702,#8703,#8704);
#8702 = CARTESIAN_POINT('',(-9.328,-640.8756912422,200.5199455509));
#8703 = DIRECTION('',(1.,0.,0.));
#8704 = DIRECTION('',(0.,-0.743144825477,0.669130606359));
#8705 = ( GEOMETRIC_REPRESENTATION_CONTEXT(3) 
GLOBAL_UNCERTAINTY_ASSIGNED_CONTEXT((#8709)) 
GLOBAL_UNIT_ASSIGNED_CONTEXT((#8706,#8707,#8708)) REPRESENTATION_CONTEXT
('Context #1','3D Context with UNIT and UNCERTAINTY') );
#8706 = ( LENGTH_UNIT() NAMED_UNIT(*) SI_UNIT(.MILLI.,.METRE.) );
#8707 = ( NAMED_UNIT(*) PLANE_ANGLE_UNIT() SI_UNIT($,.RADIAN.) );
#8708 = ( NAMED_UNIT(*) SI_UNIT($,.STERADIAN.) SOLID_ANGLE_UNIT() );
#8709 = UNCERTAINTY_MEASURE_WITH_UNIT(LENGTH_MEASURE(1.E-07),#8706,
  'distance_accuracy_value','confusion accuracy');
#8710 = CONTEXT_DEPENDENT_SHAPE_REPRESENTATION(#8711,#8713);
#8711 = ( REPRESENTATION_RELATIONSHIP('','',#8449,#10) 
REPRESENTATION_RELATIONSHIP_WITH_TRANSFORMATION(#8712) 
SHAPE_REPRESENTATION_RELATIONSHIP() );
#8712 = ITEM_DEFINED_TRANSFORMATION('','',#11,#51);
#8713 = PRODUCT_DEFINITION_SHAPE('Placement','Placement of an item',
  #8714);
#8714 = NEXT_ASSEMBLY_USAGE_OCCURRENCE('10','StickCylinderInner001','',
  #5,#8444,$);
#8715 = PRODUCT_RELATED_PRODUCT_CATEGORY('part',$,(#8446));
#8716 = SHAPE_DEFINITION_REPRESENTATION(#8717,#8723);
#8717 = PRODUCT_DEFINITION_SHAPE('','',#8718);
#8718 = PRODUCT_DEFINITION('design','',#8719,#8722);
#8719 = PRODUCT_DEFINITION_FORMATION('','',#8720);
#8720 = PRODUCT('StickCylinderOuter','StickCylinderOuter','',(#8721));
#8721 = PRODUCT_CONTEXT('',#2,'mechanical');
#8722 = PRODUCT_DEFINITION_CONTEXT('part definition',#2,'design');
#8723 = ADVANCED_BREP_SHAPE_REPRESENTATION('',(#11,#8724),#9129);
#8724 = MANIFOLD_SOLID_BREP('',#8725);
#8725 = CLOSED_SHELL('',(#8726,#8882,#8918,#8938,#8958,#8978,#9103,#9120
    ));
#8726 = ADVANCED_FACE('',(#8727),#8877,.T.);
#8727 = FACE_BOUND('',#8728,.T.);
#8728 = EDGE_LOOP('',(#8729,#8739,#8746,#8747));
#8729 = ORIENTED_EDGE('',*,*,#8730,.T.);
#8730 = EDGE_CURVE('',#8731,#8733,#8735,.T.);
#8731 = VERTEX_POINT('',#8732);
#8732 = CARTESIAN_POINT('',(-12.34,-517.7436636433,45.874169676785));
#8733 = VERTEX_POINT('',#8734);
#8734 = CARTESIAN_POINT('',(-12.34,-633.6742564177,150.25854426876));
#8735 = LINE('',#8736,#8737);
#8736 = CARTESIAN_POINT('',(-12.34,-513.2847946904,41.859386038632));
#8737 = VECTOR('',#8738,1.);
#8738 = DIRECTION('',(-1.E-15,-0.743144825477,0.669130606359));
#8739 = ORIENTED_EDGE('',*,*,#8740,.F.);
#8740 = EDGE_CURVE('',#8733,#8733,#8741,.T.);
#8741 = CIRCLE('',#8742,10.);
#8742 = AXIS2_PLACEMENT_3D('',#8743,#8744,#8745);
#8743 = CARTESIAN_POINT('',(-2.34,-633.6742564177,150.25854426876));
#8744 = DIRECTION('',(-1.E-15,-0.743144825477,0.669130606359));
#8745 = DIRECTION('',(-1.,7.431448254774E-16,-6.691306063589E-16));
#8746 = ORIENTED_EDGE('',*,*,#8730,.F.);
#8747 = ORIENTED_EDGE('',*,*,#8748,.T.);
#8748 = EDGE_CURVE('',#8731,#8731,#8749,.T.);
#8749 = B_SPLINE_CURVE_WITH_KNOTS('',6,(#8750,#8751,#8752,#8753,#8754,
    #8755,#8756,#8757,#8758,#8759,#8760,#8761,#8762,#8763,#8764,#8765,
    #8766,#8767,#8768,#8769,#8770,#8771,#8772,#8773,#8774,#8775,#8776,
    #8777,#8778,#8779,#8780,#8781,#8782,#8783,#8784,#8785,#8786,#8787,
    #8788,#8789,#8790,#8791,#8792,#8793,#8794,#8795,#8796,#8797,#8798,
    #8799,#8800,#8801,#8802,#8803,#8804,#8805,#8806,#8807,#8808,#8809,
    #8810,#8811,#8812,#8813,#8814,#8815,#8816,#8817,#8818,#8819,#8820,
    #8821,#8822,#8823,#8824,#8825,#8826,#8827,#8828,#8829,#8830,#8831,
    #8832,#8833,#8834,#8835,#8836,#8837,#8838,#8839,#8840,#8841,#8842,
    #8843,#8844,#8845,#8846,#8847,#8848,#8849,#8850,#8851,#8852,#8853,
    #8854,#8855,#8856,#8857,#8858,#8859,#8860,#8861,#8862,#8863,#8864,
    #8865,#8866,#8867,#8868,#8869,#8870,#8871,#8872,#8873,#8874,#8875,
    #8876),.UNSPECIFIED.,.T.,.F.,(7,5,5,5,5,5,5,5,5,5,5,5,5,5,5,5,5,5,5,
    5,5,5,5,5,5,7),(0.,3.210916218005E-02,5.243126183046E-02,
    7.723174846044E-02,9.587022561839E-02,0.145139357103,0.199517786171,
    0.216908427465,0.250272900865,0.300505292142,0.355434892156,
    0.424678676781,0.468226147483,0.522375272218,0.553020238165,
    0.595697609962,0.645543741553,0.699817295534,0.750438244475,
    0.784108881455,0.801413668305,0.855182392021,0.922710310687,
    0.947795194011,0.967518182086,1.),.UNSPECIFIED.);
#8750 = CARTESIAN_POINT('',(-12.34,-517.7436636433,45.874169676785));
#8751 = CARTESIAN_POINT('',(-12.34,-518.0295072881,45.556708147574));
#8752 = CARTESIAN_POINT('',(-12.31810132552,-518.3039353108,
    45.23010689983));
#8753 = CARTESIAN_POINT('',(-12.27446711221,-518.5648811563,
    44.896823706585));
#8754 = CARTESIAN_POINT('',(-12.20999527927,-518.8107559011,
    44.559716622044));
#8755 = CARTESIAN_POINT('',(-12.12631480777,-519.0404794974,
    44.22199712685));
#8756 = CARTESIAN_POINT('',(-11.96223513621,-519.3882451027,
    43.675202606956));
#8757 = CARTESIAN_POINT('',(-11.89183263585,-519.5164873204,
    43.464162294521));
#8758 = CARTESIAN_POINT('',(-11.81506118034,-519.6383004279,
    43.254425874261));
#8759 = CARTESIAN_POINT('',(-11.73236563794,-519.7538285806,
    43.046395668124));
#8760 = CARTESIAN_POINT('',(-11.64420078635,-519.8632365373,
    42.840464680547));
#8761 = CARTESIAN_POINT('',(-11.43733474335,-520.0929793272,
    42.388729483405));
#8762 = CARTESIAN_POINT('',(-11.31615799354,-520.2104400357,
    42.144077944616));
#8763 = CARTESIAN_POINT('',(-11.18818277912,-520.3195916886,
    41.903404420613));
#8764 = CARTESIAN_POINT('',(-11.05402259789,-520.4209242075,
    41.667005713037));
#8765 = CARTESIAN_POINT('',(-10.91422558509,-520.5149136715,
    41.435130175241));
#8766 = CARTESIAN_POINT('',(-10.66033975899,-520.6674855204,
    41.037263403006));
#8767 = CARTESIAN_POINT('',(-10.54847541509,-520.7290738916,
    40.869188681041));
#8768 = CARTESIAN_POINT('',(-10.43386718679,-520.7869899316,
    40.703810584293));
#8769 = CARTESIAN_POINT('',(-10.31667724629,-520.8414283042,
    40.541176646579));
#8770 = CARTESIAN_POINT('',(-10.19704497689,-520.8925746111,
    40.381324392257));
#8771 = CARTESIAN_POINT('',(-9.752702001383,-521.0675704234,
    39.809152197164));
#8772 = CARTESIAN_POINT('',(-9.413928067907,-521.1728196493,
    39.413476457185));
#8773 = CARTESIAN_POINT('',(-9.061078672429,-521.2595109262,
    39.038049498945));
#8774 = CARTESIAN_POINT('',(-8.695631064369,-521.3303840432,
    38.683424685884));
#8775 = CARTESIAN_POINT('',(-8.318406478362,-521.3878348363,
    38.350178557605));
#8776 = CARTESIAN_POINT('',(-7.500789923729,-521.4849300738,
    37.69592197071));
#8777 = CARTESIAN_POINT('',(-7.057682967465,-521.5221369047,
    37.379587128506));
#8778 = CARTESIAN_POINT('',(-6.601862900004,-521.5483256817,
    37.09218457451));
#8779 = CARTESIAN_POINT('',(-6.1344161852,-521.566030735,36.835846882824
    ));
#8780 = CARTESIAN_POINT('',(-5.656114452639,-521.5775956989,
    36.612846923914));
#8781 = CARTESIAN_POINT('',(-5.011185424879,-521.5872958005,
    36.365764627801));
#8782 = CARTESIAN_POINT('',(-4.853919293919,-521.5892141109,
    36.309579566606));
#8783 = CARTESIAN_POINT('',(-4.695732422422,-521.5907631607,
    36.257175027836));
#8784 = CARTESIAN_POINT('',(-4.536690939198,-521.5920021252,
    36.208637180852));
#8785 = CARTESIAN_POINT('',(-4.376856977645,-521.5929850683,
    36.164044622726));
#8786 = CARTESIAN_POINT('',(-3.908233561339,-521.5952454293,
    36.045622713198));
#8787 = CARTESIAN_POINT('',(-3.597377683531,-521.5959645166,
    35.982536424254));
#8788 = CARTESIAN_POINT('',(-3.284462073859,-521.5962503328,
    35.934815900328));
#8789 = CARTESIAN_POINT('',(-2.970166035491,-521.5963561258,
    35.902858295482));
#8790 = CARTESIAN_POINT('',(-2.655133542041,-521.5964090592,
    35.886869934848));
#8791 = CARTESIAN_POINT('',(-1.865545894318,-521.5964090592,
    35.886869934848));
#8792 = CARTESIAN_POINT('',(-1.391787807966,-521.5962890439,
    35.923110851635));
#8793 = CARTESIAN_POINT('',(-0.920534563803,-521.5960498916,
    35.995395743826));
#8794 = CARTESIAN_POINT('',(-0.453674742491,-521.5950374511,
    36.102741396558));
#8795 = CARTESIAN_POINT('',(6.66760793402E-03,-521.5919693619,
    36.243341736356));
#8796 = CARTESIAN_POINT('',(0.951510978708,-521.578178739,
    36.601464030441));
#8797 = CARTESIAN_POINT('',(1.434540415784,-521.566762943,
    36.825060686316));
#8798 = CARTESIAN_POINT('',(1.90655788807,-521.5491705386,
    37.082675234031));
#8799 = CARTESIAN_POINT('',(2.366766569644,-521.5229981583,
    37.37196749841));
#8800 = CARTESIAN_POINT('',(2.814044444957,-521.4856451471,
    37.690737639421));
#8801 = CARTESIAN_POINT('',(3.79258189884,-521.3696336378,
    38.473282262094));
#8802 = CARTESIAN_POINT('',(4.315208360679,-521.2827653824,
    38.953082321471));
#8803 = CARTESIAN_POINT('',(4.814445556095,-521.1678521369,
    39.474167235959));
#8804 = CARTESIAN_POINT('',(5.287734749005,-521.0179567979,
    40.035653723828));
#8805 = CARTESIAN_POINT('',(5.729478305261,-520.8244889978,
    40.636145543863));
#8806 = CARTESIAN_POINT('',(6.381858631487,-520.4217227945,
    41.672205311968));
#8807 = CARTESIAN_POINT('',(6.618195869506,-520.2444659293,
    42.087506118809));
#8808 = CARTESIAN_POINT('',(6.835665378702,-520.0431186798,
    42.516243449461));
#8809 = CARTESIAN_POINT('',(7.030680745927,-519.8153254126,
    42.956193762832));
#8810 = CARTESIAN_POINT('',(7.199326204847,-519.5588029632,
    43.404718030898));
#8811 = CARTESIAN_POINT('',(7.508766295118,-518.9141872136,
    44.42328859523));
#8812 = CARTESIAN_POINT('',(7.633555023791,-518.5076643013,
    44.998869183791));
#8813 = CARTESIAN_POINT('',(7.698427597479,-518.0554971377,
    45.566426106086));
#8814 = CARTESIAN_POINT('',(7.69786856397,-517.5657120029,
    46.109594514624));
#8815 = CARTESIAN_POINT('',(7.633203640874,-517.0513118897,
    46.616022088323));
#8816 = CARTESIAN_POINT('',(7.445273206328,-516.2332089358,
    47.338921200036));
#8817 = CARTESIAN_POINT('',(7.359735495392,-515.9354401879,
    47.585418896096));
#8818 = CARTESIAN_POINT('',(7.257954869789,-515.6372059902,
    47.817003015861));
#8819 = CARTESIAN_POINT('',(7.141440217236,-515.3401890573,
    48.033707176953));
#8820 = CARTESIAN_POINT('',(7.011854098477,-515.0460922211,
    48.235729275872));
#8821 = CARTESIAN_POINT('',(6.674921074524,-514.3534730776,
    48.684781164395));
#8822 = CARTESIAN_POINT('',(6.456663583794,-513.9585548941,48.9188134116
    ));
#8823 = CARTESIAN_POINT('',(6.219734839346,-513.5737469236,
    49.128022035775));
#8824 = CARTESIAN_POINT('',(5.966893933684,-513.200410955,
    49.314844751817));
#8825 = CARTESIAN_POINT('',(5.700278636131,-512.8394940189,
    49.481549466885));
#8826 = CARTESIAN_POINT('',(5.095802402372,-512.0854590664,
    49.803827917357));
#8827 = CARTESIAN_POINT('',(4.753180130849,-511.696720336,
    49.952997115964));
#8828 = CARTESIAN_POINT('',(4.396038222047,-511.3266493904,50.0809115041
    ));
#8829 = CARTESIAN_POINT('',(4.025930773556,-510.9761164559,
    50.190365084509));
#8830 = CARTESIAN_POINT('',(3.643717561131,-510.6459700677,
    50.283777452506));
#8831 = CARTESIAN_POINT('',(2.8207903095,-510.0012863667,50.449800645462
    ));
#8832 = CARTESIAN_POINT('',(2.37768371795,-509.6905738329,
    50.519869609583));
#8833 = CARTESIAN_POINT('',(1.921863894681,-509.4074832449,
    50.575956673929));
#8834 = CARTESIAN_POINT('',(1.454417200623,-509.1544003849,
    50.620359353148));
#8835 = CARTESIAN_POINT('',(0.976115166355,-508.9338306823,
    50.655170847373));
#8836 = CARTESIAN_POINT('',(3.169258350633E-02,-508.5754746628,
    50.707118481995));
#8837 = CARTESIAN_POINT('',(-0.433377629178,-508.4330040666,
    50.725302773974));
#8838 = CARTESIAN_POINT('',(-0.905162966983,-508.3240489427,
    50.737809458022));
#8839 = CARTESIAN_POINT('',(-1.381475013467,-508.2506167305,
    50.745773203668));
#8840 = CARTESIAN_POINT('',(-1.860372714724,-508.213796932,
    50.749766444396));
#8841 = CARTESIAN_POINT('',(-2.659025157484,-508.213796932,
    50.749766444396));
#8842 = CARTESIAN_POINT('',(-2.977943089053,-508.2300871803,
    50.747999722563));
#8843 = CARTESIAN_POINT('',(-3.296096912624,-508.2626472649,
    50.744468504249));
#8844 = CARTESIAN_POINT('',(-3.612820595752,-508.3112480332,
    50.739062573572));
#8845 = CARTESIAN_POINT('',(-3.927410661393,-508.3754478633,
    50.731560941836));
#8846 = CARTESIAN_POINT('',(-4.399287989961,-508.4952472807,
    50.716605908293));
#8847 = CARTESIAN_POINT('',(-4.558738941932,-508.5398668526,
    50.710900446072));
#8848 = CARTESIAN_POINT('',(-4.717393844667,-508.5883612437,
    50.704526331128));
#8849 = CARTESIAN_POINT('',(-4.875191428456,-508.6406467304,
    50.69743791507));
#8850 = CARTESIAN_POINT('',(-5.032066463091,-508.6966317117,
    50.689585327295));
#8851 = CARTESIAN_POINT('',(-5.672303867149,-508.9413558558,
    50.653978523153));
#8852 = CARTESIAN_POINT('',(-6.146447355973,-509.1610062774,
    50.619190242109));
#8853 = CARTESIAN_POINT('',(-6.609887399942,-509.4125927219,
    50.574924487993));
#8854 = CARTESIAN_POINT('',(-7.061871911175,-509.693672178,
    50.519136429224));
#8855 = CARTESIAN_POINT('',(-7.501344394524,-510.0019202653,
    50.449582858044));
#8856 = CARTESIAN_POINT('',(-8.461381357501,-510.7535668393,
    50.25613651281));
#8857 = CARTESIAN_POINT('',(-8.97378493442,-511.2112608683,
    50.122920405147));
#8858 = CARTESIAN_POINT('',(-9.463753295196,-511.7056009444,
    49.958908778713));
#8859 = CARTESIAN_POINT('',(-9.928907567106,-512.2350331057,
    49.7577324934));
#8860 = CARTESIAN_POINT('',(-10.36410266079,-512.7974215284,
    49.511573497999));
#8861 = CARTESIAN_POINT('',(-10.90771848519,-513.6083029663,
    49.099758501805));
#8862 = CARTESIAN_POINT('',(-11.04968164805,-513.8320348377,
    48.980689250474));
#8863 = CARTESIAN_POINT('',(-11.18586383929,-514.0596100784,
    48.85363797414));
#8864 = CARTESIAN_POINT('',(-11.31569502956,-514.2907205103,
    48.718138140773));
#8865 = CARTESIAN_POINT('',(-11.4385360147,-514.525005516,
    48.573713928189));
#8866 = CARTESIAN_POINT('',(-11.6442077101,-514.9484310247,
    48.298930693614));
#8867 = CARTESIAN_POINT('',(-11.72999238586,-515.1365464837,
    48.172144624164));
#8868 = CARTESIAN_POINT('',(-11.81060361342,-515.3260347524,
    48.039391431397));
#8869 = CARTESIAN_POINT('',(-11.88562342971,-515.5165225299,
    47.900556201738));
#8870 = CARTESIAN_POINT('',(-11.95464216053,-515.7076297327,
    47.755543050448));
#8871 = CARTESIAN_POINT('',(-12.12037650005,-516.2140930496,
    47.355157361174));
#8872 = CARTESIAN_POINT('',(-12.20633661341,-516.5304939464,
    47.088570378632));
#8873 = CARTESIAN_POINT('',(-12.27260804685,-516.8446441075,
    46.805488286138));
#8874 = CARTESIAN_POINT('',(-12.31747783296,-517.1533344089,
    46.507357463555));
#8875 = CARTESIAN_POINT('',(-12.34,-517.4537793423,46.196118809328));
#8876 = CARTESIAN_POINT('',(-12.34,-517.7436636433,45.874169676785));
#8877 = CYLINDRICAL_SURFACE('',#8878,10.);
#8878 = AXIS2_PLACEMENT_3D('',#8879,#8880,#8881);
#8879 = CARTESIAN_POINT('',(-2.34,-513.2847946904,41.859386038632));
#8880 = DIRECTION('',(-1.E-15,-0.743144825477,0.669130606359));
#8881 = DIRECTION('',(-1.,7.431448254774E-16,-6.691306063589E-16));
#8882 = ADVANCED_FACE('',(#8883,#8910),#8913,.T.);
#8883 = FACE_BOUND('',#8884,.T.);
#8884 = EDGE_LOOP('',(#8885,#8895,#8902,#8903));
#8885 = ORIENTED_EDGE('',*,*,#8886,.T.);
#8886 = EDGE_CURVE('',#8887,#8889,#8891,.T.);
#8887 = VERTEX_POINT('',#8888);
#8888 = CARTESIAN_POINT('',(-17.34,-496.5595321657,46.984382963563));
#8889 = VERTEX_POINT('',#8890);
#8890 = CARTESIAN_POINT('',(12.66,-496.5595321657,46.984382963563));
#8891 = LINE('',#8892,#8893);
#8892 = CARTESIAN_POINT('',(-17.34,-496.5595321657,46.984382963563));
#8893 = VECTOR('',#8894,1.);
#8894 = DIRECTION('',(1.,0.,0.));
#8895 = ORIENTED_EDGE('',*,*,#8896,.F.);
#8896 = EDGE_CURVE('',#8889,#8889,#8897,.T.);
#8897 = CIRCLE('',#8898,15.);
#8898 = AXIS2_PLACEMENT_3D('',#8899,#8900,#8901);
#8899 = CARTESIAN_POINT('',(12.66,-506.5964912611,35.837210581402));
#8900 = DIRECTION('',(1.,0.,-0.));
#8901 = DIRECTION('',(0.,0.669130606359,0.743144825477));
#8902 = ORIENTED_EDGE('',*,*,#8886,.F.);
#8903 = ORIENTED_EDGE('',*,*,#8904,.T.);
#8904 = EDGE_CURVE('',#8887,#8887,#8905,.T.);
#8905 = CIRCLE('',#8906,15.);
#8906 = AXIS2_PLACEMENT_3D('',#8907,#8908,#8909);
#8907 = CARTESIAN_POINT('',(-17.34,-506.5964912611,35.837210581402));
#8908 = DIRECTION('',(1.,0.,-0.));
#8909 = DIRECTION('',(0.,0.669130606359,0.743144825477));
#8910 = FACE_BOUND('',#8911,.T.);
#8911 = EDGE_LOOP('',(#8912));
#8912 = ORIENTED_EDGE('',*,*,#8748,.F.);
#8913 = CYLINDRICAL_SURFACE('',#8914,15.);
#8914 = AXIS2_PLACEMENT_3D('',#8915,#8916,#8917);
#8915 = CARTESIAN_POINT('',(-17.34,-506.5964912611,35.837210581402));
#8916 = DIRECTION('',(1.,0.,0.));
#8917 = DIRECTION('',(0.,0.669130606359,0.743144825477));
#8918 = ADVANCED_FACE('',(#8919,#8922),#8933,.T.);
#8919 = FACE_BOUND('',#8920,.T.);
#8920 = EDGE_LOOP('',(#8921));
#8921 = ORIENTED_EDGE('',*,*,#8740,.T.);
#8922 = FACE_BOUND('',#8923,.T.);
#8923 = EDGE_LOOP('',(#8924));
#8924 = ORIENTED_EDGE('',*,*,#8925,.F.);
#8925 = EDGE_CURVE('',#8926,#8926,#8928,.T.);
#8926 = VERTEX_POINT('',#8927);
#8927 = CARTESIAN_POINT('',(-8.34,-633.6742564177,150.25854426876));
#8928 = CIRCLE('',#8929,6.);
#8929 = AXIS2_PLACEMENT_3D('',#8930,#8931,#8932);
#8930 = CARTESIAN_POINT('',(-2.34,-633.6742564177,150.25854426876));
#8931 = DIRECTION('',(-1.E-15,-0.743144825477,0.669130606359));
#8932 = DIRECTION('',(-1.,7.431448254774E-16,-6.691306063589E-16));
#8933 = PLANE('',#8934);
#8934 = AXIS2_PLACEMENT_3D('',#8935,#8936,#8937);
#8935 = CARTESIAN_POINT('',(-2.34,-633.6742564177,150.25854426876));
#8936 = DIRECTION('',(-1.E-15,-0.743144825477,0.669130606359));
#8937 = DIRECTION('',(-1.,7.431448254774E-16,-6.691306063589E-16));
#8938 = ADVANCED_FACE('',(#8939,#8942),#8953,.F.);
#8939 = FACE_BOUND('',#8940,.F.);
#8940 = EDGE_LOOP('',(#8941));
#8941 = ORIENTED_EDGE('',*,*,#8904,.T.);
#8942 = FACE_BOUND('',#8943,.F.);
#8943 = EDGE_LOOP('',(#8944));
#8944 = ORIENTED_EDGE('',*,*,#8945,.F.);
#8945 = EDGE_CURVE('',#8946,#8946,#8948,.T.);
#8946 = VERTEX_POINT('',#8947);
#8947 = CARTESIAN_POINT('',(-17.34,-501.9125770166,41.039224359744));
#8948 = CIRCLE('',#8949,7.);
#8949 = AXIS2_PLACEMENT_3D('',#8950,#8951,#8952);
#8950 = CARTESIAN_POINT('',(-17.34,-506.5964912611,35.837210581402));
#8951 = DIRECTION('',(1.,0.,-0.));
#8952 = DIRECTION('',(0.,0.669130606359,0.743144825477));
#8953 = PLANE('',#8954);
#8954 = AXIS2_PLACEMENT_3D('',#8955,#8956,#8957);
#8955 = CARTESIAN_POINT('',(-17.34,-506.5964912611,35.837210581402));
#8956 = DIRECTION('',(1.,0.,0.));
#8957 = DIRECTION('',(0.,0.669130606359,0.743144825477));
#8958 = ADVANCED_FACE('',(#8959,#8962),#8973,.T.);
#8959 = FACE_BOUND('',#8960,.T.);
#8960 = EDGE_LOOP('',(#8961));
#8961 = ORIENTED_EDGE('',*,*,#8896,.T.);
#8962 = FACE_BOUND('',#8963,.T.);
#8963 = EDGE_LOOP('',(#8964));
#8964 = ORIENTED_EDGE('',*,*,#8965,.F.);
#8965 = EDGE_CURVE('',#8966,#8966,#8968,.T.);
#8966 = VERTEX_POINT('',#8967);
#8967 = CARTESIAN_POINT('',(12.66,-501.9125770166,41.039224359744));
#8968 = CIRCLE('',#8969,7.);
#8969 = AXIS2_PLACEMENT_3D('',#8970,#8971,#8972);
#8970 = CARTESIAN_POINT('',(12.66,-506.5964912611,35.837210581402));
#8971 = DIRECTION('',(1.,0.,-0.));
#8972 = DIRECTION('',(0.,0.669130606359,0.743144825477));
#8973 = PLANE('',#8974);
#8974 = AXIS2_PLACEMENT_3D('',#8975,#8976,#8977);
#8975 = CARTESIAN_POINT('',(12.66,-506.5964912611,35.837210581402));
#8976 = DIRECTION('',(1.,0.,0.));
#8977 = DIRECTION('',(0.,0.669130606359,0.743144825477));
#8978 = ADVANCED_FACE('',(#8979),#9098,.F.);
#8979 = FACE_BOUND('',#8980,.F.);
#8980 = EDGE_LOOP('',(#8981,#8989,#8990,#8991));
#8981 = ORIENTED_EDGE('',*,*,#8982,.T.);
#8982 = EDGE_CURVE('',#8983,#8926,#8985,.T.);
#8983 = VERTEX_POINT('',#8984);
#8984 = CARTESIAN_POINT('',(-8.34,-517.7436636433,45.874169676785));
#8985 = LINE('',#8986,#8987);
#8986 = CARTESIAN_POINT('',(-8.34,-513.2847946904,41.859386038632));
#8987 = VECTOR('',#8988,1.);
#8988 = DIRECTION('',(-1.E-15,-0.743144825477,0.669130606359));
#8989 = ORIENTED_EDGE('',*,*,#8925,.F.);
#8990 = ORIENTED_EDGE('',*,*,#8982,.F.);
#8991 = ORIENTED_EDGE('',*,*,#8992,.T.);
#8992 = EDGE_CURVE('',#8983,#8983,#8993,.T.);
#8993 = B_SPLINE_CURVE_WITH_KNOTS('',7,(#8994,#8995,#8996,#8997,#8998,
    #8999,#9000,#9001,#9002,#9003,#9004,#9005,#9006,#9007,#9008,#9009,
    #9010,#9011,#9012,#9013,#9014,#9015,#9016,#9017,#9018,#9019,#9020,
    #9021,#9022,#9023,#9024,#9025,#9026,#9027,#9028,#9029,#9030,#9031,
    #9032,#9033,#9034,#9035,#9036,#9037,#9038,#9039,#9040,#9041,#9042,
    #9043,#9044,#9045,#9046,#9047,#9048,#9049,#9050,#9051,#9052,#9053,
    #9054,#9055,#9056,#9057,#9058,#9059,#9060,#9061,#9062,#9063,#9064,
    #9065,#9066,#9067,#9068,#9069,#9070,#9071,#9072,#9073,#9074,#9075,
    #9076,#9077,#9078,#9079,#9080,#9081,#9082,#9083,#9084,#9085,#9086,
    #9087,#9088,#9089,#9090,#9091,#9092,#9093,#9094,#9095,#9096,#9097),
  .UNSPECIFIED.,.T.,.F.,(8,6,6,6,6,6,6,6,6,6,6,6,6,6,6,6,6,8),(0.,
    3.932438313537E-02,9.320077792228E-02,0.11822750652,0.223849643943,
    0.25176715844,0.381497408892,0.437609437474,0.473550531953,
    0.526997113201,0.562910442032,0.593681373672,0.725248401701,
    0.77678615013,0.881704355506,0.906310979456,0.937686413657,1.),
  .UNSPECIFIED.);
#8994 = CARTESIAN_POINT('',(-8.34,-517.7436636433,45.874169676785));
#8995 = CARTESIAN_POINT('',(-8.34,-517.9181010072,45.68043735733));
#8996 = CARTESIAN_POINT('',(-8.326785405172,-518.0883302537,
    45.483479091295));
#8997 = CARTESIAN_POINT('',(-8.300432747103,-518.2533657274,
    45.284435168899));
#8998 = CARTESIAN_POINT('',(-8.261292785722,-518.4123573071,
    45.084551809049));
#8999 = CARTESIAN_POINT('',(-8.209987966935,-518.564603825,
    44.885160677763));
#9000 = CARTESIAN_POINT('',(-8.147415790589,-518.7095548613,
    44.68764856549));
#9001 = CARTESIAN_POINT('',(-7.975213360703,-519.0348349492,
    44.227310456052));
#9002 = CARTESIAN_POINT('',(-7.856739510503,-519.2084032453,
    43.967366300833));
#9003 = CARTESIAN_POINT('',(-7.721534795304,-519.3680411374,
    43.714942866473));
#9004 = CARTESIAN_POINT('',(-7.571645220969,-519.5144170223,
    43.471239961998));
#9005 = CARTESIAN_POINT('',(-7.408992026136,-519.6482767295,
    43.237287353081));
#9006 = CARTESIAN_POINT('',(-7.235394126152,-519.7704004454,
    43.013940008126));
#9007 = CARTESIAN_POINT('',(-6.967667038872,-519.9332138215,
    42.703374115644));
#9008 = CARTESIAN_POINT('',(-6.880678290364,-519.9825426457,
    42.607207521418));
#9009 = CARTESIAN_POINT('',(-6.791748088338,-520.0296519691,
    42.513413254347));
#9010 = CARTESIAN_POINT('',(-6.700994956943,-520.0746315138,
    42.422019883584));
#9011 = CARTESIAN_POINT('',(-6.608527127537,-520.1175674146,
    42.333051844432));
#9012 = CARTESIAN_POINT('',(-6.51444253869,-520.15854222,42.246529438348
    ));
#9013 = CARTESIAN_POINT('',(-6.015303318023,-520.3626205582,
    41.807701697412));
#9014 = CARTESIAN_POINT('',(-5.583766560227,-520.494399823,
    41.496103070875));
#9015 = CARTESIAN_POINT('',(-5.131334118144,-520.5983784661,
    41.229855508325));
#9016 = CARTESIAN_POINT('',(-4.663158430885,-520.6789011342,
    41.010340489993));
#9017 = CARTESIAN_POINT('',(-4.183144971766,-520.7391940581,
    40.83852550585));
#9018 = CARTESIAN_POINT('',(-3.694442875197,-520.7813739936,
    40.715241431127));
#9019 = CARTESIAN_POINT('',(-3.069035748677,-520.8129562247,
    40.621826440423));
#9020 = CARTESIAN_POINT('',(-2.937952460806,-520.8183530838,
    40.605760164283));
#9021 = CARTESIAN_POINT('',(-2.806604095457,-520.8225626694,
    40.593168617305));
#9022 = CARTESIAN_POINT('',(-2.675062656001,-520.8255984428,
    40.584060525716));
#9023 = CARTESIAN_POINT('',(-2.543400217297,-520.8274689453,
    40.578441475167));
#9024 = CARTESIAN_POINT('',(-2.411688925685,-520.8281777985,
    40.576313910734));
#9025 = CARTESIAN_POINT('',(-1.668058710485,-520.825613565,
    40.584011929862));
#9026 = CARTESIAN_POINT('',(-1.058797393277,-520.7983987239,
    40.665702339915));
#9027 = CARTESIAN_POINT('',(-0.457540693998,-520.7462650001,
    40.821717207466));
#9028 = CARTESIAN_POINT('',(0.130184108417,-520.6666477232,
    41.050927432633));
#9029 = CARTESIAN_POINT('',(0.697495043033,-520.554550578,
    41.351655232371));
#9030 = CARTESIAN_POINT('',(1.235415921454,-520.4025233757,
    41.721307787043));
#9031 = CARTESIAN_POINT('',(1.945098558926,-520.1136939294,
    42.343215230751));
#9032 = CARTESIAN_POINT('',(2.151854246797,-520.0170322855,
    42.543432222111));
#9033 = CARTESIAN_POINT('',(2.350011567074,-519.9100494295,
    42.755856109456));
#9034 = CARTESIAN_POINT('',(2.53827999318,-519.7917908182,
    42.980164605499));
#9035 = CARTESIAN_POINT('',(2.715125416178,-519.6612271662,
    43.215900788133));
#9036 = CARTESIAN_POINT('',(2.878735405714,-519.5172828025,
    43.46243360844));
#9037 = CARTESIAN_POINT('',(3.121933889369,-519.2574183444,
    43.883216479687));
#9038 = CARTESIAN_POINT('',(3.210652302704,-519.1499517538,
    44.051711604509));
#9039 = CARTESIAN_POINT('',(3.292358351137,-519.0363958541,
    44.22385479918));
#9040 = CARTESIAN_POINT('',(3.366329260682,-518.9167041118,
    44.399059432729));
#9041 = CARTESIAN_POINT('',(3.43189259015,-518.7908753955,
    44.576717019474));
#9042 = CARTESIAN_POINT('',(3.488422640423,-518.6589620721,
    44.756204824532));
#9043 = CARTESIAN_POINT('',(3.605101151213,-518.3160363004,
    45.205588412406));
#9044 = CARTESIAN_POINT('',(3.6535773444,-518.0978639885,45.476843552005
    ));
#9045 = CARTESIAN_POINT('',(3.678395171353,-517.8683752703,
    45.74672143294));
#9046 = CARTESIAN_POINT('',(3.678395171353,-517.629949489,
    46.011520089576));
#9047 = CARTESIAN_POINT('',(3.6535773444,-517.3855381303,46.267961564682
    ));
#9048 = CARTESIAN_POINT('',(3.605101151213,-517.1385741713,
    46.513292588773));
#9049 = CARTESIAN_POINT('',(3.488458883167,-516.7276255464,
    46.901192625901));
#9050 = CARTESIAN_POINT('',(3.431977932575,-516.5630294529,
    47.051040391092));
#9051 = CARTESIAN_POINT('',(3.366474481871,-516.3996109293,
    47.194658556312));
#9052 = CARTESIAN_POINT('',(3.292573246029,-516.2379856403,
    47.331926975785));
#9053 = CARTESIAN_POINT('',(3.210946847673,-516.078761116,
    47.462780302178));
#9054 = CARTESIAN_POINT('',(3.122319479665,-515.9225282905,
    47.587200771633));
#9055 = CARTESIAN_POINT('',(2.946202985951,-515.6390392214,
    47.806323429308));
#9056 = CARTESIAN_POINT('',(2.86028831579,-515.5107082727,
    47.902829501003));
#9057 = CARTESIAN_POINT('',(2.770079463211,-515.385030255,
    47.994877570903));
#9058 = CARTESIAN_POINT('',(2.675906990805,-515.2621592521,
    48.082618002221));
#9059 = CARTESIAN_POINT('',(2.578079460016,-515.1422327712,
    48.166202258121));
#9060 = CARTESIAN_POINT('',(2.476883773408,-515.0253711422,
    48.245782005477));
#9061 = CARTESIAN_POINT('',(1.926638290049,-514.4255554255,
    48.645290186802));
#9062 = CARTESIAN_POINT('',(1.422330682477,-513.9955525728,
    48.899812737613));
#9063 = CARTESIAN_POINT('',(0.878232290641,-513.6289371845,
    49.096963502143));
#9064 = CARTESIAN_POINT('',(0.30602146311,-513.329481887,49.246736838445
    ));
#9065 = CARTESIAN_POINT('',(-0.286273173011,-513.0994666251,
    49.356198357223));
#9066 = CARTESIAN_POINT('',(-0.893182733652,-512.9407083491,
    49.429845192503));
#9067 = CARTESIAN_POINT('',(-1.75197071819,-512.8220203408,
    49.484339911309));
#9068 = CARTESIAN_POINT('',(-1.994806511253,-512.7999496192,
    49.494357732034));
#9069 = CARTESIAN_POINT('',(-2.238294304798,-512.7892996422,
    49.499158353823));
#9070 = CARTESIAN_POINT('',(-2.481980444023,-512.790111783,
    49.498792175086));
#9071 = CARTESIAN_POINT('',(-2.725414652802,-512.8023839615,
    49.493256663417));
#9072 = CARTESIAN_POINT('',(-2.968142796906,-512.8260706591,
    49.482496411113));
#9073 = CARTESIAN_POINT('',(-3.701450102048,-512.9323593293,
    49.433641344121));
#9074 = CARTESIAN_POINT('',(-4.187266501279,-513.0504153674,
    49.378850738982));
#9075 = CARTESIAN_POINT('',(-4.664460724595,-513.2143069851,
    49.301215178388));
#9076 = CARTESIAN_POINT('',(-5.12993262398,-513.4230011708,
    49.19874536994));
#9077 = CARTESIAN_POINT('',(-5.579841251982,-513.6752183151,
    49.068387147892));
#9078 = CARTESIAN_POINT('',(-6.009127883146,-513.9691630278,
    48.906041806201));
#9079 = CARTESIAN_POINT('',(-6.505031336128,-514.380254947,
    48.659897848868));
#9080 = CARTESIAN_POINT('',(-6.597765098259,-514.4605349854,
    48.611078448873));
#9081 = CARTESIAN_POINT('',(-6.688939722515,-514.5429744141,
    48.560128001359));
#9082 = CARTESIAN_POINT('',(-6.778462450368,-514.6275460112,
    48.506970461071));
#9083 = CARTESIAN_POINT('',(-6.866230853057,-514.7142183347,
    48.451526857918));
#9084 = CARTESIAN_POINT('',(-6.952132831592,-514.8029557229,
    48.393715296973));
#9085 = CARTESIAN_POINT('',(-7.143043474594,-515.0094479078,
    48.25660905642));
#9086 = CARTESIAN_POINT('',(-7.246830471182,-515.1284942916,
    48.175763189592));
#9087 = CARTESIAN_POINT('',(-7.347127272725,-515.2507502367,
    48.090752171496));
#9088 = CARTESIAN_POINT('',(-7.443630165704,-515.3760892297,
    48.001413898294));
#9089 = CARTESIAN_POINT('',(-7.536011687656,-515.5043660929,
    47.907586333338));
#9090 = CARTESIAN_POINT('',(-7.623920257963,-515.635417624,
    47.809108491713));
#9091 = CARTESIAN_POINT('',(-7.871941302073,-516.0344918322,
    47.500686811414));
#9092 = CARTESIAN_POINT('',(-8.019280229898,-516.3125728011,
    47.274711857992));
#9093 = CARTESIAN_POINT('',(-8.143476996018,-516.5991114248,
    47.028438708318));
#9094 = CARTESIAN_POINT('',(-8.240244264679,-516.8896504703,
    46.763013400144));
#9095 = CARTESIAN_POINT('',(-8.306434758338,-517.1798308598,
    46.480304862705));
#9096 = CARTESIAN_POINT('',(-8.34,-517.4656565525,46.182927830999));
#9097 = CARTESIAN_POINT('',(-8.34,-517.7436636433,45.874169676785));
#9098 = CYLINDRICAL_SURFACE('',#9099,6.);
#9099 = AXIS2_PLACEMENT_3D('',#9100,#9101,#9102);
#9100 = CARTESIAN_POINT('',(-2.34,-513.2847946904,41.859386038632));
#9101 = DIRECTION('',(-1.E-15,-0.743144825477,0.669130606359));
#9102 = DIRECTION('',(-1.,7.431448254774E-16,-6.691306063589E-16));
#9103 = ADVANCED_FACE('',(#9104),#9115,.F.);
#9104 = FACE_BOUND('',#9105,.F.);
#9105 = EDGE_LOOP('',(#9106,#9107,#9113,#9114));
#9106 = ORIENTED_EDGE('',*,*,#8965,.F.);
#9107 = ORIENTED_EDGE('',*,*,#9108,.F.);
#9108 = EDGE_CURVE('',#8946,#8966,#9109,.T.);
#9109 = LINE('',#9110,#9111);
#9110 = CARTESIAN_POINT('',(-17.34,-501.9125770166,41.039224359744));
#9111 = VECTOR('',#9112,1.);
#9112 = DIRECTION('',(1.,0.,0.));
#9113 = ORIENTED_EDGE('',*,*,#8945,.T.);
#9114 = ORIENTED_EDGE('',*,*,#9108,.T.);
#9115 = CYLINDRICAL_SURFACE('',#9116,7.);
#9116 = AXIS2_PLACEMENT_3D('',#9117,#9118,#9119);
#9117 = CARTESIAN_POINT('',(-17.34,-506.5964912611,35.837210581402));
#9118 = DIRECTION('',(1.,0.,0.));
#9119 = DIRECTION('',(0.,0.669130606359,0.743144825477));
#9120 = ADVANCED_FACE('',(#9121),#9124,.T.);
#9121 = FACE_BOUND('',#9122,.T.);
#9122 = EDGE_LOOP('',(#9123));
#9123 = ORIENTED_EDGE('',*,*,#8992,.T.);
#9124 = CYLINDRICAL_SURFACE('',#9125,15.);
#9125 = AXIS2_PLACEMENT_3D('',#9126,#9127,#9128);
#9126 = CARTESIAN_POINT('',(-17.34,-506.5964912611,35.837210581402));
#9127 = DIRECTION('',(1.,0.,0.));
#9128 = DIRECTION('',(0.,0.669130606359,0.743144825477));
#9129 = ( GEOMETRIC_REPRESENTATION_CONTEXT(3) 
GLOBAL_UNCERTAINTY_ASSIGNED_CONTEXT((#9133)) 
GLOBAL_UNIT_ASSIGNED_CONTEXT((#9130,#9131,#9132)) REPRESENTATION_CONTEXT
('Context #1','3D Context with UNIT and UNCERTAINTY') );
#9130 = ( LENGTH_UNIT() NAMED_UNIT(*) SI_UNIT(.MILLI.,.METRE.) );
#9131 = ( NAMED_UNIT(*) PLANE_ANGLE_UNIT() SI_UNIT($,.RADIAN.) );
#9132 = ( NAMED_UNIT(*) SI_UNIT($,.STERADIAN.) SOLID_ANGLE_UNIT() );
#9133 = UNCERTAINTY_MEASURE_WITH_UNIT(LENGTH_MEASURE(1.E-07),#9130,
  'distance_accuracy_value','confusion accuracy');
#9134 = CONTEXT_DEPENDENT_SHAPE_REPRESENTATION(#9135,#9137);
#9135 = ( REPRESENTATION_RELATIONSHIP('','',#8723,#10) 
REPRESENTATION_RELATIONSHIP_WITH_TRANSFORMATION(#9136) 
SHAPE_REPRESENTATION_RELATIONSHIP() );
#9136 = ITEM_DEFINED_TRANSFORMATION('','',#11,#55);
#9137 = PRODUCT_DEFINITION_SHAPE('Placement','Placement of an item',
  #9138);
#9138 = NEXT_ASSEMBLY_USAGE_OCCURRENCE('11','StickCylinderOuter001','',
  #5,#8718,$);
#9139 = PRODUCT_RELATED_PRODUCT_CATEGORY('part',$,(#8720));
#9140 = SHAPE_DEFINITION_REPRESENTATION(#9141,#9147);
#9141 = PRODUCT_DEFINITION_SHAPE('','',#9142);
#9142 = PRODUCT_DEFINITION('design','',#9143,#9146);
#9143 = PRODUCT_DEFINITION_FORMATION('','',#9144);
#9144 = PRODUCT('BucketCylinderInner','BucketCylinderInner','',(#9145));
#9145 = PRODUCT_CONTEXT('',#2,'mechanical');
#9146 = PRODUCT_DEFINITION_CONTEXT('part definition',#2,'design');
#9147 = ADVANCED_BREP_SHAPE_REPRESENTATION('',(#11,#9148),#9397);
#9148 = MANIFOLD_SOLID_BREP('',#9149);
#9149 = CLOSED_SHELL('',(#9150,#9295,#9304,#9340,#9360,#9380));
#9150 = ADVANCED_FACE('',(#9151),#9290,.T.);
#9151 = FACE_BOUND('',#9152,.F.);
#9152 = EDGE_LOOP('',(#9153,#9162,#9170,#9289));
#9153 = ORIENTED_EDGE('',*,*,#9154,.F.);
#9154 = EDGE_CURVE('',#9155,#9155,#9157,.T.);
#9155 = VERTEX_POINT('',#9156);
#9156 = CARTESIAN_POINT('',(-3.288,-918.4247569684,316.72477280592));
#9157 = CIRCLE('',#9158,3.5);
#9158 = AXIS2_PLACEMENT_3D('',#9159,#9160,#9161);
#9159 = CARTESIAN_POINT('',(0.212,-918.4247569684,316.72477280592));
#9160 = DIRECTION('',(-0.,-0.987688340595,-0.15643446504));
#9161 = DIRECTION('',(-1.,0.,0.));
#9162 = ORIENTED_EDGE('',*,*,#9163,.T.);
#9163 = EDGE_CURVE('',#9155,#9164,#9166,.T.);
#9164 = VERTEX_POINT('',#9165);
#9165 = CARTESIAN_POINT('',(-3.288,-1.082677328009E+03,290.70972126973)
  );
#9166 = LINE('',#9167,#9168);
#9167 = CARTESIAN_POINT('',(-3.288,-918.4247569684,316.72477280592));
#9168 = VECTOR('',#9169,1.);
#9169 = DIRECTION('',(0.,-0.987688340595,-0.15643446504));
#9170 = ORIENTED_EDGE('',*,*,#9171,.T.);
#9171 = EDGE_CURVE('',#9164,#9164,#9172,.T.);
#9172 = B_SPLINE_CURVE_WITH_KNOTS('',7,(#9173,#9174,#9175,#9176,#9177,
    #9178,#9179,#9180,#9181,#9182,#9183,#9184,#9185,#9186,#9187,#9188,
    #9189,#9190,#9191,#9192,#9193,#9194,#9195,#9196,#9197,#9198,#9199,
    #9200,#9201,#9202,#9203,#9204,#9205,#9206,#9207,#9208,#9209,#9210,
    #9211,#9212,#9213,#9214,#9215,#9216,#9217,#9218,#9219,#9220,#9221,
    #9222,#9223,#9224,#9225,#9226,#9227,#9228,#9229,#9230,#9231,#9232,
    #9233,#9234,#9235,#9236,#9237,#9238,#9239,#9240,#9241,#9242,#9243,
    #9244,#9245,#9246,#9247,#9248,#9249,#9250,#9251,#9252,#9253,#9254,
    #9255,#9256,#9257,#9258,#9259,#9260,#9261,#9262,#9263,#9264,#9265,
    #9266,#9267,#9268,#9269,#9270,#9271,#9272,#9273,#9274,#9275,#9276,
    #9277,#9278,#9279,#9280,#9281,#9282,#9283,#9284,#9285,#9286,#9287,
    #9288),.UNSPECIFIED.,.T.,.F.,(8,6,6,6,6,6,6,6,6,6,6,6,6,6,6,6,6,6,6,
    8),(0.,3.926552750955E-02,6.537901140178E-02,9.70199891188E-02,
    0.12238714492,0.247776261025,0.378742388374,0.40404212655,
    0.435402177988,0.472799344234,0.526898883198,0.564187723589,
    0.595973797033,0.621335038835,0.747755382924,0.8787592429,
    0.904066270179,0.935435356756,0.96067046288,1.),.UNSPECIFIED.);
#9173 = CARTESIAN_POINT('',(-3.288,-1.082677328009E+03,290.70972126973)
  );
#9174 = CARTESIAN_POINT('',(-3.288,-1.082653884147E+03,290.5617025469));
#9175 = CARTESIAN_POINT('',(-3.280513600073,-1.082633348019E+03,
    290.41343174636));
#9176 = CARTESIAN_POINT('',(-3.265577903507,-1.082615833986E+03,
    290.26572285975));
#9177 = CARTESIAN_POINT('',(-3.243375147748,-1.082601366704E+03,
    290.11939808428));
#9178 = CARTESIAN_POINT('',(-3.214231399211,-1.08258988083E+03,
    289.97527464973));
#9179 = CARTESIAN_POINT('',(-3.178618189528,-1.082581228467E+03,
    289.83415057398));
#9180 = CARTESIAN_POINT('',(-3.109583449405,-1.082571181375E+03,
    289.60543745554));
#9181 = CARTESIAN_POINT('',(-3.079400057681,-1.082568323034E+03,
    289.51567272502));
#9182 = CARTESIAN_POINT('',(-3.046741146595,-1.082566553591E+03,
    289.42758983446));
#9183 = CARTESIAN_POINT('',(-3.011743814904,-1.082565803219E+03,
    289.34127722306));
#9184 = CARTESIAN_POINT('',(-2.974548355303,-1.082565999023E+03,
    289.25681693841));
#9185 = CARTESIAN_POINT('',(-2.935298578141,-1.082567066066E+03,
    289.17428448497));
#9186 = CARTESIAN_POINT('',(-2.844274024812,-1.082571184925E+03,
    288.99616568212));
#9187 = CARTESIAN_POINT('',(-2.791596923085,-1.082574609504E+03,
    288.90149485982));
#9188 = CARTESIAN_POINT('',(-2.736321998586,-1.082579070027E+03,
    288.80976430578));
#9189 = CARTESIAN_POINT('',(-2.678647460585,-1.082584439183E+03,
    288.72099366292));
#9190 = CARTESIAN_POINT('',(-2.618758785525,-1.082590595151E+03,
    288.63519427379));
#9191 = CARTESIAN_POINT('',(-2.556828943557,-1.082597422309E+03,
    288.55236933748));
#9192 = CARTESIAN_POINT('',(-2.441860715049,-1.082610736344E+03,
    288.40849262182));
#9193 = CARTESIAN_POINT('',(-2.389485917614,-1.082617023195E+03,
    288.34636978442));
#9194 = CARTESIAN_POINT('',(-2.335968958258,-1.082623617549E+03,
    288.28613505752));
#9195 = CARTESIAN_POINT('',(-2.28137883839,-1.082630467393E+03,
    288.22777692504));
#9196 = CARTESIAN_POINT('',(-2.225778835333,-1.082637523648E+03,
    288.17128285153));
#9197 = CARTESIAN_POINT('',(-2.169226502323,-1.082644740168E+03,
    288.1166392822));
#9198 = CARTESIAN_POINT('',(-1.827785975681,-1.082688323385E+03,
    287.80280501172));
#9199 = CARTESIAN_POINT('',(-1.521028156374,-1.082727530416E+03,
    287.58593062088));
#9200 = CARTESIAN_POINT('',(-1.198237892869,-1.082764405455E+03,
    287.41256459338));
#9201 = CARTESIAN_POINT('',(-0.864249067258,-1.082795044362E+03,
    287.28189906634));
#9202 = CARTESIAN_POINT('',(-0.522790310249,-1.082816837862E+03,
    287.19332100601));
#9203 = CARTESIAN_POINT('',(-0.17701232623,-1.082828375778E+03,
    287.14663077428));
#9204 = CARTESIAN_POINT('',(0.5326593169,-1.082830588444E+03,
    287.13767885073));
#9205 = CARTESIAN_POINT('',(0.894428458042,-1.082820305431E+03,
    287.17929282784));
#9206 = CARTESIAN_POINT('',(1.251996464656,-1.082798634023E+03,
    287.26656187644));
#9207 = CARTESIAN_POINT('',(1.601803046584,-1.082767045397E+03,
    287.39969102017));
#9208 = CARTESIAN_POINT('',(1.939640857739,-1.082728440773E+03,
    287.57936799762));
#9209 = CARTESIAN_POINT('',(2.260017601128,-1.082687263134E+03,
    287.80650329578));
#9210 = CARTESIAN_POINT('',(2.612188399908,-1.08264232191E+03,
    288.13497151469));
#9211 = CARTESIAN_POINT('',(2.668297611715,-1.082635172683E+03,
    288.18997916908));
#9212 = CARTESIAN_POINT('',(2.72344670653,-1.082628193637E+03,
    288.24682940484));
#9213 = CARTESIAN_POINT('',(2.777577689298,-1.082621431035E+03,
    288.30553560237));
#9214 = CARTESIAN_POINT('',(2.830626782576,-1.082614934056E+03,
    288.36610997173));
#9215 = CARTESIAN_POINT('',(2.882524426533,-1.082608754801E+03,
    288.42856355267));
#9216 = CARTESIAN_POINT('',(2.996003855347,-1.082595750885E+03,
    288.57266155323));
#9217 = CARTESIAN_POINT('',(3.056940580158,-1.082589124734E+03,
    288.6553357719));
#9218 = CARTESIAN_POINT('',(3.115845954624,-1.082583176732E+03,
    288.74093138144));
#9219 = CARTESIAN_POINT('',(3.172548910922,-1.082578020337E+03,
    288.82944293331));
#9220 = CARTESIAN_POINT('',(3.226866584228,-1.082573774847E+03,
    288.9208568772));
#9221 = CARTESIAN_POINT('',(3.278604084787,-1.082570564673E+03,
    289.01515141868));
#9222 = CARTESIAN_POINT('',(3.385927841752,-1.082566078681E+03,
    289.22814268411));
#9223 = CARTESIAN_POINT('',(3.440397983105,-1.082565291657E+03,
    289.34816279464));
#9224 = CARTESIAN_POINT('',(3.490482919497,-1.082566387005E+03,
    289.47209085034));
#9225 = CARTESIAN_POINT('',(3.535735563226,-1.082569584412E+03,
    289.59963161515));
#9226 = CARTESIAN_POINT('',(3.575741240083,-1.08257508668E+03,
    289.73046205472));
#9227 = CARTESIAN_POINT('',(3.61011541602,-1.082583072608E+03,
    289.86423291591));
#9228 = CARTESIAN_POINT('',(3.679565228594,-1.082609049052E+03,
    290.19779888581));
#9229 = CARTESIAN_POINT('',(3.708073154425,-1.082629905662E+03,
    290.40027972799));
#9230 = CARTESIAN_POINT('',(3.722709207967,-1.08265659598E+03,
    290.60559705956));
#9231 = CARTESIAN_POINT('',(3.722827359679,-1.082689123995E+03,
    290.81126796328));
#9232 = CARTESIAN_POINT('',(3.708424107243,-1.082727102047E+03,
    291.01483128171));
#9233 = CARTESIAN_POINT('',(3.680138530397,-1.082769762871E+03,
    291.21392522589));
#9234 = CARTESIAN_POINT('',(3.611117429153,-1.082847942314E+03,
    291.53898761542));
#9235 = CARTESIAN_POINT('',(3.576991926901,-1.082881549303E+03,
    291.66840604114));
#9236 = CARTESIAN_POINT('',(3.537255306857,-1.082916610066E+03,
    291.79429510249));
#9237 = CARTESIAN_POINT('',(3.492288711576,-1.082952848148E+03,
    291.91637383772));
#9238 = CARTESIAN_POINT('',(3.442504711018,-1.082989971863E+03,
    292.03439352579));
#9239 = CARTESIAN_POINT('',(3.388349563832,-1.083027681547E+03,
    292.14813702478));
#9240 = CARTESIAN_POINT('',(3.280827041235,-1.08309806507E+03,
    292.35057243159));
#9241 = CARTESIAN_POINT('',(3.228476316959,-1.083130691397E+03,
    292.44057203607));
#9242 = CARTESIAN_POINT('',(3.173469410196,-1.083163418287E+03,
    292.52742816799));
#9243 = CARTESIAN_POINT('',(3.116009504758,-1.083196115348E+03,
    292.61115906215));
#9244 = CARTESIAN_POINT('',(3.056287112496,-1.083228659991E+03,
    292.69178956285));
#9245 = CARTESIAN_POINT('',(2.994480321925,-1.083260938129E+03,
    292.76935074273));
#9246 = CARTESIAN_POINT('',(2.879910386421,-1.083318302373E+03,
    292.90334400332));
#9247 = CARTESIAN_POINT('',(2.827835612368,-1.083343527786E+03,
    292.96088823245));
#9248 = CARTESIAN_POINT('',(2.774606413843,-1.083368471573E+03,
    293.01653884943));
#9249 = CARTESIAN_POINT('',(2.720292663573,-1.083393087365E+03,
    293.07032268093));
#9250 = CARTESIAN_POINT('',(2.664958417849,-1.083417331951E+03,
    293.12226673987));
#9251 = CARTESIAN_POINT('',(2.608661916526,-1.083441165273E+03,
    293.17239822546));
#9252 = CARTESIAN_POINT('',(2.266294295502,-1.08358112043E+03,
    293.46174043472));
#9253 = CARTESIAN_POINT('',(1.957740299679,-1.083686874408E+03,
    293.65904012813));
#9254 = CARTESIAN_POINT('',(1.632760101819,-1.083776822215E+03,
    293.81496272544));
#9255 = CARTESIAN_POINT('',(1.296325724204,-1.083847394485E+03,
    293.93155444913));
#9256 = CARTESIAN_POINT('',(0.952255731628,-1.083896232863E+03,
    294.01025565296));
#9257 = CARTESIAN_POINT('',(0.603766287349,-1.083922019589E+03,
    294.0517149907));
#9258 = CARTESIAN_POINT('',(-0.1086593169,-1.083926909157E+03,
    294.05957540988));
#9259 = CARTESIAN_POINT('',(-0.470428458043,-1.083904270004E+03,
    294.02317579156));
#9260 = CARTESIAN_POINT('',(-0.827996464654,-1.083856691651E+03,
    293.94687482766));
#9261 = CARTESIAN_POINT('',(-1.177803046586,-1.083785509915E+03,
    293.83002291019));
#9262 = CARTESIAN_POINT('',(-1.515640857739,-1.083693271496E+03,
    293.67106943492));
#9263 = CARTESIAN_POINT('',(-1.836017601129,-1.083583920567E+03,
    293.46777551968));
#9264 = CARTESIAN_POINT('',(-2.188188399909,-1.083439676661E+03,
    293.16927128177));
#9265 = CARTESIAN_POINT('',(-2.244297611715,-1.083415879042E+03,
    293.11916512635));
#9266 = CARTESIAN_POINT('',(-2.29944670653,-1.083391673886E+03,
    293.06725398272));
#9267 = CARTESIAN_POINT('',(-2.353577689298,-1.083367101057E+03,
    293.01351083004));
#9268 = CARTESIAN_POINT('',(-2.406626782576,-1.083342203553E+03,
    292.95790885822));
#9269 = CARTESIAN_POINT('',(-2.458524426533,-1.083317027514E+03,
    292.90042146793));
#9270 = CARTESIAN_POINT('',(-2.572003855348,-1.083260131324E+03,
    292.76739455657));
#9271 = CARTESIAN_POINT('',(-2.632940580159,-1.083228281741E+03,
    292.69081429562));
#9272 = CARTESIAN_POINT('',(-2.691845954625,-1.083196174357E+03,
    292.6112460671));
#9273 = CARTESIAN_POINT('',(-2.748548910923,-1.083163918761E+03,
    292.52865999246));
#9274 = CARTESIAN_POINT('',(-2.802866584228,-1.083131632597E+03,
    292.44303209407));
#9275 = CARTESIAN_POINT('',(-2.854604084787,-1.083099440925E+03,
    292.3543446542));
#9276 = CARTESIAN_POINT('',(-2.942932627876,-1.08304176079E+03,
    292.18877107132));
#9277 = CARTESIAN_POINT('',(-2.980512622093,-1.083016188872E+03,
    292.11295807316));
#9278 = CARTESIAN_POINT('',(-3.016160484239,-1.082990844758E+03,
    292.03518748115));
#9279 = CARTESIAN_POINT('',(-3.049746047691,-1.082965814209E+03,
    291.95550509915));
#9280 = CARTESIAN_POINT('',(-3.08114247767,-1.082941182926E+03,
    291.8739627788));
#9281 = CARTESIAN_POINT('',(-3.110226001301,-1.082917035677E+03,
    291.79061856508));
#9282 = CARTESIAN_POINT('',(-3.178409755203,-1.082856705016E+03,
    291.57293487182));
#9283 = CARTESIAN_POINT('',(-3.21408931529,-1.082821281124E+03,
    291.4359294921));
#9284 = CARTESIAN_POINT('',(-3.243289017482,-1.082787626644E+03,
    291.29518375587));
#9285 = CARTESIAN_POINT('',(-3.265534860806,-1.082756130704E+03,
    291.15141447883));
#9286 = CARTESIAN_POINT('',(-3.280499404224,-1.082727109364E+03,
    291.00538228472));
#9287 = CARTESIAN_POINT('',(-3.288,-1.082700794089E+03,290.85788026741)
  );
#9288 = CARTESIAN_POINT('',(-3.288,-1.082677328009E+03,290.70972126973)
  );
#9289 = ORIENTED_EDGE('',*,*,#9163,.F.);
#9290 = CYLINDRICAL_SURFACE('',#9291,3.5);
#9291 = AXIS2_PLACEMENT_3D('',#9292,#9293,#9294);
#9292 = CARTESIAN_POINT('',(0.212,-918.4247569684,316.72477280592));
#9293 = DIRECTION('',(0.,0.987688340595,0.15643446504));
#9294 = DIRECTION('',(-1.,0.,0.));
#9295 = ADVANCED_FACE('',(#9296),#9299,.F.);
#9296 = FACE_BOUND('',#9297,.T.);
#9297 = EDGE_LOOP('',(#9298));
#9298 = ORIENTED_EDGE('',*,*,#9154,.F.);
#9299 = PLANE('',#9300);
#9300 = AXIS2_PLACEMENT_3D('',#9301,#9302,#9303);
#9301 = CARTESIAN_POINT('',(0.212,-918.4247569684,316.72477280592));
#9302 = DIRECTION('',(0.,-0.987688340595,-0.15643446504));
#9303 = DIRECTION('',(-1.,0.,0.));
#9304 = ADVANCED_FACE('',(#9305,#9332),#9335,.T.);
#9305 = FACE_BOUND('',#9306,.T.);
#9306 = EDGE_LOOP('',(#9307,#9317,#9324,#9325));
#9307 = ORIENTED_EDGE('',*,*,#9308,.T.);
#9308 = EDGE_CURVE('',#9309,#9311,#9313,.T.);
#9309 = VERTEX_POINT('',#9310);
#9310 = CARTESIAN_POINT('',(-7.288,-1.10045571814E+03,287.89390089901));
#9311 = VERTEX_POINT('',#9312);
#9312 = CARTESIAN_POINT('',(7.712,-1.10045571814E+03,287.89390089901));
#9313 = LINE('',#9314,#9315);
#9314 = CARTESIAN_POINT('',(-7.288,-1.10045571814E+03,287.89390089901));
#9315 = VECTOR('',#9316,1.);
#9316 = DIRECTION('',(1.,0.,0.));
#9317 = ORIENTED_EDGE('',*,*,#9318,.F.);
#9318 = EDGE_CURVE('',#9311,#9311,#9319,.T.);
#9319 = CIRCLE('',#9320,9.);
#9320 = AXIS2_PLACEMENT_3D('',#9321,#9322,#9323);
#9321 = CARTESIAN_POINT('',(7.712,-1.091566523075E+03,289.30181108437));
#9322 = DIRECTION('',(1.,0.,0.));
#9323 = DIRECTION('',(0.,-0.987688340595,-0.15643446504));
#9324 = ORIENTED_EDGE('',*,*,#9308,.F.);
#9325 = ORIENTED_EDGE('',*,*,#9326,.T.);
#9326 = EDGE_CURVE('',#9309,#9309,#9327,.T.);
#9327 = CIRCLE('',#9328,9.);
#9328 = AXIS2_PLACEMENT_3D('',#9329,#9330,#9331);
#9329 = CARTESIAN_POINT('',(-7.288,-1.091566523075E+03,289.30181108437)
  );
#9330 = DIRECTION('',(1.,0.,0.));
#9331 = DIRECTION('',(0.,-0.987688340595,-0.15643446504));
#9332 = FACE_BOUND('',#9333,.T.);
#9333 = EDGE_LOOP('',(#9334));
#9334 = ORIENTED_EDGE('',*,*,#9171,.T.);
#9335 = CYLINDRICAL_SURFACE('',#9336,9.);
#9336 = AXIS2_PLACEMENT_3D('',#9337,#9338,#9339);
#9337 = CARTESIAN_POINT('',(-7.288,-1.091566523075E+03,289.30181108437)
  );
#9338 = DIRECTION('',(1.,0.,0.));
#9339 = DIRECTION('',(0.,-0.987688340595,-0.15643446504));
#9340 = ADVANCED_FACE('',(#9341,#9344),#9355,.F.);
#9341 = FACE_BOUND('',#9342,.F.);
#9342 = EDGE_LOOP('',(#9343));
#9343 = ORIENTED_EDGE('',*,*,#9326,.T.);
#9344 = FACE_BOUND('',#9345,.F.);
#9345 = EDGE_LOOP('',(#9346));
#9346 = ORIENTED_EDGE('',*,*,#9347,.F.);
#9347 = EDGE_CURVE('',#9348,#9348,#9350,.T.);
#9348 = VERTEX_POINT('',#9349);
#9349 = CARTESIAN_POINT('',(-7.288,-1.096504964778E+03,288.51963875917)
  );
#9350 = CIRCLE('',#9351,5.);
#9351 = AXIS2_PLACEMENT_3D('',#9352,#9353,#9354);
#9352 = CARTESIAN_POINT('',(-7.288,-1.091566523075E+03,289.30181108437)
  );
#9353 = DIRECTION('',(1.,0.,0.));
#9354 = DIRECTION('',(0.,-0.987688340595,-0.15643446504));
#9355 = PLANE('',#9356);
#9356 = AXIS2_PLACEMENT_3D('',#9357,#9358,#9359);
#9357 = CARTESIAN_POINT('',(-7.288,-1.091566523075E+03,289.30181108437)
  );
#9358 = DIRECTION('',(1.,0.,0.));
#9359 = DIRECTION('',(0.,-0.987688340595,-0.15643446504));
#9360 = ADVANCED_FACE('',(#9361,#9364),#9375,.T.);
#9361 = FACE_BOUND('',#9362,.T.);
#9362 = EDGE_LOOP('',(#9363));
#9363 = ORIENTED_EDGE('',*,*,#9318,.T.);
#9364 = FACE_BOUND('',#9365,.T.);
#9365 = EDGE_LOOP('',(#9366));
#9366 = ORIENTED_EDGE('',*,*,#9367,.F.);
#9367 = EDGE_CURVE('',#9368,#9368,#9370,.T.);
#9368 = VERTEX_POINT('',#9369);
#9369 = CARTESIAN_POINT('',(7.712,-1.096504964778E+03,288.51963875917));
#9370 = CIRCLE('',#9371,5.);
#9371 = AXIS2_PLACEMENT_3D('',#9372,#9373,#9374);
#9372 = CARTESIAN_POINT('',(7.712,-1.091566523075E+03,289.30181108437));
#9373 = DIRECTION('',(1.,0.,0.));
#9374 = DIRECTION('',(0.,-0.987688340595,-0.15643446504));
#9375 = PLANE('',#9376);
#9376 = AXIS2_PLACEMENT_3D('',#9377,#9378,#9379);
#9377 = CARTESIAN_POINT('',(7.712,-1.091566523075E+03,289.30181108437));
#9378 = DIRECTION('',(1.,0.,0.));
#9379 = DIRECTION('',(0.,-0.987688340595,-0.15643446504));
#9380 = ADVANCED_FACE('',(#9381),#9392,.F.);
#9381 = FACE_BOUND('',#9382,.F.);
#9382 = EDGE_LOOP('',(#9383,#9384,#9390,#9391));
#9383 = ORIENTED_EDGE('',*,*,#9367,.F.);
#9384 = ORIENTED_EDGE('',*,*,#9385,.F.);
#9385 = EDGE_CURVE('',#9348,#9368,#9386,.T.);
#9386 = LINE('',#9387,#9388);
#9387 = CARTESIAN_POINT('',(-7.288,-1.096504964778E+03,288.51963875917)
  );
#9388 = VECTOR('',#9389,1.);
#9389 = DIRECTION('',(1.,0.,0.));
#9390 = ORIENTED_EDGE('',*,*,#9347,.T.);
#9391 = ORIENTED_EDGE('',*,*,#9385,.T.);
#9392 = CYLINDRICAL_SURFACE('',#9393,5.);
#9393 = AXIS2_PLACEMENT_3D('',#9394,#9395,#9396);
#9394 = CARTESIAN_POINT('',(-7.288,-1.091566523075E+03,289.30181108437)
  );
#9395 = DIRECTION('',(1.,0.,0.));
#9396 = DIRECTION('',(0.,-0.987688340595,-0.15643446504));
#9397 = ( GEOMETRIC_REPRESENTATION_CONTEXT(3) 
GLOBAL_UNCERTAINTY_ASSIGNED_CONTEXT((#9401)) 
GLOBAL_UNIT_ASSIGNED_CONTEXT((#9398,#9399,#9400)) REPRESENTATION_CONTEXT
('Context #1','3D Context with UNIT and UNCERTAINTY') );
#9398 = ( LENGTH_UNIT() NAMED_UNIT(*) SI_UNIT(.MILLI.,.METRE.) );
#9399 = ( NAMED_UNIT(*) PLANE_ANGLE_UNIT() SI_UNIT($,.RADIAN.) );
#9400 = ( NAMED_UNIT(*) SI_UNIT($,.STERADIAN.) SOLID_ANGLE_UNIT() );
#9401 = UNCERTAINTY_MEASURE_WITH_UNIT(LENGTH_MEASURE(1.E-07),#9398,
  'distance_accuracy_value','confusion accuracy');
#9402 = CONTEXT_DEPENDENT_SHAPE_REPRESENTATION(#9403,#9405);
#9403 = ( REPRESENTATION_RELATIONSHIP('','',#9147,#10) 
REPRESENTATION_RELATIONSHIP_WITH_TRANSFORMATION(#9404) 
SHAPE_REPRESENTATION_RELATIONSHIP() );
#9404 = ITEM_DEFINED_TRANSFORMATION('','',#11,#59);
#9405 = PRODUCT_DEFINITION_SHAPE('Placement','Placement of an item',
  #9406);
#9406 = NEXT_ASSEMBLY_USAGE_OCCURRENCE('12','BucketCylinderInner001','',
  #5,#9142,$);
#9407 = PRODUCT_RELATED_PRODUCT_CATEGORY('part',$,(#9144));
#9408 = SHAPE_DEFINITION_REPRESENTATION(#9409,#9415);
#9409 = PRODUCT_DEFINITION_SHAPE('','',#9410);
#9410 = PRODUCT_DEFINITION('design','',#9411,#9414);
#9411 = PRODUCT_DEFINITION_FORMATION('','',#9412);
#9412 = PRODUCT('BucketCylinderOuter','BucketCylinderOuter','',(#9413));
#9413 = PRODUCT_CONTEXT('',#2,'mechanical');
#9414 = PRODUCT_DEFINITION_CONTEXT('part definition',#2,'design');
#9415 = ADVANCED_BREP_SHAPE_REPRESENTATION('',(#11,#9416),#9840);
#9416 = MANIFOLD_SOLID_BREP('',#9417);
#9417 = CLOSED_SHELL('',(#9418,#9531,#9581,#9591,#9601,#9621,#9641,#9661
    ,#9814,#9831));
#9418 = ADVANCED_FACE('',(#9419),#9526,.T.);
#9419 = FACE_BOUND('',#9420,.T.);
#9420 = EDGE_LOOP('',(#9421,#9431,#9438,#9439,#9456,#9465,#9502,#9511));
#9421 = ORIENTED_EDGE('',*,*,#9422,.T.);
#9422 = EDGE_CURVE('',#9423,#9425,#9427,.T.);
#9423 = VERTEX_POINT('',#9424);
#9424 = CARTESIAN_POINT('',(-5.640000000002,-895.100951382,
    358.05789796717));
#9425 = VERTEX_POINT('',#9426);
#9426 = CARTESIAN_POINT('',(-5.640000000002,-1.053654999617E+03,
    330.10054136279));
#9427 = LINE('',#9428,#9429);
#9428 = CARTESIAN_POINT('',(-5.640000000001,-894.116143629,
    358.23154614483));
#9429 = VECTOR('',#9430,1.);
#9430 = DIRECTION('',(-1.E-15,-0.984807753012,-0.173648177667));
#9431 = ORIENTED_EDGE('',*,*,#9432,.F.);
#9432 = EDGE_CURVE('',#9425,#9425,#9433,.T.);
#9433 = CIRCLE('',#9434,6.);
#9434 = AXIS2_PLACEMENT_3D('',#9435,#9436,#9437);
#9435 = CARTESIAN_POINT('',(0.359999999998,-1.053654999617E+03,
    330.10054136279));
#9436 = DIRECTION('',(-1.E-15,-0.984807753012,-0.173648177667));
#9437 = DIRECTION('',(-1.,9.848077530122E-16,1.736481776669E-16));
#9438 = ORIENTED_EDGE('',*,*,#9422,.F.);
#9439 = ORIENTED_EDGE('',*,*,#9440,.T.);
#9440 = EDGE_CURVE('',#9423,#9441,#9443,.T.);
#9441 = VERTEX_POINT('',#9442);
#9442 = CARTESIAN_POINT('',(-3.76310562562,-893.3592287708,
    353.93886867064));
#9443 = B_SPLINE_CURVE_WITH_KNOTS('',6,(#9444,#9445,#9446,#9447,#9448,
    #9449,#9450,#9451,#9452,#9453,#9454,#9455),.UNSPECIFIED.,.F.,.F.,(7,
    5,7),(0.,0.442659268195,1.),.UNSPECIFIED.);
#9444 = CARTESIAN_POINT('',(-5.640000000001,-895.100951382,
    358.05789796717));
#9445 = CARTESIAN_POINT('',(-5.640000000001,-895.0298271751,
    357.65453254541));
#9446 = CARTESIAN_POINT('',(-5.606447149803,-894.9395267269,
    357.2583485994));
#9447 = CARTESIAN_POINT('',(-5.540493428399,-894.8316970181,
    356.87469695618));
#9448 = CARTESIAN_POINT('',(-5.444890988537,-894.7094266143,
    356.50850224254));
#9449 = CARTESIAN_POINT('',(-5.323996917427,-894.5771079529,
    356.16403607483));
#9450 = CARTESIAN_POINT('',(-5.007824203702,-894.2670809554,
    355.44288916563));
#9451 = CARTESIAN_POINT('',(-4.799892876981,-894.0850267328,
    355.07757049338));
#9452 = CARTESIAN_POINT('',(-4.567255725683,-893.8993350071,
    354.74700218863));
#9453 = CARTESIAN_POINT('',(-4.314894693102,-893.7143819953,
    354.44868153828));
#9454 = CARTESIAN_POINT('',(-4.046182245274,-893.5334390628,
    354.18004489418));
#9455 = CARTESIAN_POINT('',(-3.763104315927,-893.3592279648,
    353.9388675548));
#9456 = ORIENTED_EDGE('',*,*,#9457,.T.);
#9457 = EDGE_CURVE('',#9441,#9458,#9460,.T.);
#9458 = VERTEX_POINT('',#9459);
#9459 = CARTESIAN_POINT('',(4.483105625615,-893.3592287708,
    353.93886867064));
#9460 = CIRCLE('',#9461,6.);
#9461 = AXIS2_PLACEMENT_3D('',#9462,#9463,#9464);
#9462 = CARTESIAN_POINT('',(0.359999999999,-894.116143629,
    358.23154614483));
#9463 = DIRECTION('',(-1.E-15,-0.984807753012,-0.173648177667));
#9464 = DIRECTION('',(-1.,9.848077530122E-16,1.736481776669E-16));
#9465 = ORIENTED_EDGE('',*,*,#9466,.T.);
#9466 = EDGE_CURVE('',#9458,#9467,#9469,.T.);
#9467 = VERTEX_POINT('',#9468);
#9468 = CARTESIAN_POINT('',(4.483105625615,-894.8730584872,
    362.52422361903));
#9469 = B_SPLINE_CURVE_WITH_KNOTS('',6,(#9470,#9471,#9472,#9473,#9474,
    #9475,#9476,#9477,#9478,#9479,#9480,#9481,#9482,#9483,#9484,#9485,
    #9486,#9487,#9488,#9489,#9490,#9491,#9492,#9493,#9494,#9495,#9496,
    #9497,#9498,#9499,#9500,#9501),.UNSPECIFIED.,.F.,.F.,(7,5,5,5,5,5,7)
  ,(0.,0.278882302633,0.361330253104,0.500039604488,0.593910553392,
    0.722889486355,1.),.UNSPECIFIED.);
#9470 = CARTESIAN_POINT('',(4.483104315924,-893.3592279648,
    353.9388675548));
#9471 = CARTESIAN_POINT('',(4.76668846292,-893.5337505979,
    354.18047618257));
#9472 = CARTESIAN_POINT('',(5.035855333057,-893.7150289361,
    354.4496420971));
#9473 = CARTESIAN_POINT('',(5.288609847446,-893.9003274612,
    354.74860306075));
#9474 = CARTESIAN_POINT('',(5.521557633062,-894.0863558874,
    355.07993710029));
#9475 = CARTESIAN_POINT('',(5.729682678424,-894.2687089379,
    355.44615798254));
#9476 = CARTESIAN_POINT('',(5.958031639906,-894.4928724716,
    355.9682545412));
#9477 = CARTESIAN_POINT('',(6.007326199113,-894.5431826918,
    356.09054399308));
#9478 = CARTESIAN_POINT('',(6.053584703186,-894.5924612947,
    356.21592344263));
#9479 = CARTESIAN_POINT('',(6.096589723376,-894.6405184758,
    356.3443148144));
#9480 = CARTESIAN_POINT('',(6.136131659396,-894.6871688374,
    356.47562964497));
#9481 = CARTESIAN_POINT('',(6.232365359415,-894.8080487754,
    356.83544262277));
#9482 = CARTESIAN_POINT('',(6.282454495431,-894.879509993,
    357.06951151383));
#9483 = CARTESIAN_POINT('',(6.320949729218,-894.9453678713,
    357.31046891567));
#9484 = CARTESIAN_POINT('',(6.346959280459,-895.004628824,
    357.55668471167));
#9485 = CARTESIAN_POINT('',(6.359999999999,-895.0566103693,
    357.80642758813));
#9486 = CARTESIAN_POINT('',(6.359999999999,-895.1309589691,358.22807945)
  );
#9487 = CARTESIAN_POINT('',(6.354027434298,-895.1574233812,
    358.39880270428));
#9488 = CARTESIAN_POINT('',(6.342093490106,-895.1802432227,
    358.56945712619));
#9489 = CARTESIAN_POINT('',(6.324305630703,-895.1993933926,
    358.73942460874));
#9490 = CARTESIAN_POINT('',(6.300869201406,-895.2149225,358.9080808988)
  );
#9491 = CARTESIAN_POINT('',(6.23254501124,-895.2434764834,
    359.30386525654));
#9492 = CARTESIAN_POINT('',(6.182957780587,-895.2533737196,
    359.52900925705));
#9493 = CARTESIAN_POINT('',(6.124018944618,-895.257040522,
    359.74944950143));
#9494 = CARTESIAN_POINT('',(6.056501172392,-895.2549721609,
    359.96444590821));
#9495 = CARTESIAN_POINT('',(5.981268540667,-895.2477418922,
    360.17330184343));
#9496 = CARTESIAN_POINT('',(5.723149721926,-895.2107165876,
    360.80950661897));
#9497 = CARTESIAN_POINT('',(5.515707994392,-895.1645207676,
    361.21267974608));
#9498 = CARTESIAN_POINT('',(5.283852131494,-895.1032262779,
    361.58472916432));
#9499 = CARTESIAN_POINT('',(5.032481726662,-895.031725336,
    361.92650747114));
#9500 = CARTESIAN_POINT('',(4.76491422019,-894.9539116797,
    362.23929075547));
#9501 = CARTESIAN_POINT('',(4.483104315924,-894.8730581114,
    362.52422494324));
#9502 = ORIENTED_EDGE('',*,*,#9503,.T.);
#9503 = EDGE_CURVE('',#9467,#9504,#9506,.T.);
#9504 = VERTEX_POINT('',#9505);
#9505 = CARTESIAN_POINT('',(-3.76310562562,-894.8730584872,
    362.52422361903));
#9506 = CIRCLE('',#9507,6.);
#9507 = AXIS2_PLACEMENT_3D('',#9508,#9509,#9510);
#9508 = CARTESIAN_POINT('',(0.359999999999,-894.116143629,
    358.23154614483));
#9509 = DIRECTION('',(-1.E-15,-0.984807753012,-0.173648177667));
#9510 = DIRECTION('',(-1.,9.848077530122E-16,1.736481776669E-16));
#9511 = ORIENTED_EDGE('',*,*,#9512,.T.);
#9512 = EDGE_CURVE('',#9504,#9423,#9513,.T.);
#9513 = B_SPLINE_CURVE_WITH_KNOTS('',6,(#9514,#9515,#9516,#9517,#9518,
    #9519,#9520,#9521,#9522,#9523,#9524,#9525),.UNSPECIFIED.,.F.,.F.,(7,
    5,7),(0.,0.553778497516,1.),.UNSPECIFIED.);
#9514 = CARTESIAN_POINT('',(-3.763104315927,-894.8730581114,
    362.52422494324));
#9515 = CARTESIAN_POINT('',(-4.044355585595,-894.9537514028,
    362.23985558337));
#9516 = CARTESIAN_POINT('',(-4.311416101113,-895.0314154485,
    361.92775225989));
#9517 = CARTESIAN_POINT('',(-4.562348112978,-895.1027983788,
    361.58677304432));
#9518 = CARTESIAN_POINT('',(-4.793858436223,-895.1640317202,
    361.21564668485));
#9519 = CARTESIAN_POINT('',(-5.001082543013,-895.210256019,
    360.81352218644));
#9520 = CARTESIAN_POINT('',(-5.31907833768,-895.256164718,
    360.03167200008));
#9521 = CARTESIAN_POINT('',(-5.441781889222,-895.2632916618,
    359.66026787242));
#9522 = CARTESIAN_POINT('',(-5.538882312559,-895.2533355177,
    359.27149428823));
#9523 = CARTESIAN_POINT('',(-5.605898737449,-895.2235436596,
    358.87098362458));
#9524 = CARTESIAN_POINT('',(-5.640000000001,-895.1726545127,
    358.46454662857));
#9525 = CARTESIAN_POINT('',(-5.640000000001,-895.100951382,
    358.05789796717));
#9526 = CYLINDRICAL_SURFACE('',#9527,6.);
#9527 = AXIS2_PLACEMENT_3D('',#9528,#9529,#9530);
#9528 = CARTESIAN_POINT('',(0.359999999999,-894.116143629,
    358.23154614483));
#9529 = DIRECTION('',(-1.E-15,-0.984807753012,-0.173648177667));
#9530 = DIRECTION('',(-1.,9.848077530122E-16,1.736481776669E-16));
#9531 = ADVANCED_FACE('',(#9532,#9559),#9576,.T.);
#9532 = FACE_BOUND('',#9533,.T.);
#9533 = EDGE_LOOP('',(#9534,#9544,#9551,#9552));
#9534 = ORIENTED_EDGE('',*,*,#9535,.T.);
#9535 = EDGE_CURVE('',#9536,#9538,#9540,.T.);
#9536 = VERTEX_POINT('',#9537);
#9537 = CARTESIAN_POINT('',(-7.140000000002,-886.9893556286,
    369.64245727396));
#9538 = VERTEX_POINT('',#9539);
#9539 = CARTESIAN_POINT('',(7.859999999998,-886.9893556286,
    369.64245727396));
#9540 = LINE('',#9541,#9542);
#9541 = CARTESIAN_POINT('',(-7.140000000001,-886.9893556286,
    369.64245727396));
#9542 = VECTOR('',#9543,1.);
#9543 = DIRECTION('',(1.,0.,0.));
#9544 = ORIENTED_EDGE('',*,*,#9545,.F.);
#9545 = EDGE_CURVE('',#9538,#9538,#9546,.T.);
#9546 = CIRCLE('',#9547,10.);
#9547 = AXIS2_PLACEMENT_3D('',#9548,#9549,#9550);
#9548 = CARTESIAN_POINT('',(7.859999999999,-885.2528738519,
    359.79437974384));
#9549 = DIRECTION('',(1.,0.,0.));
#9550 = DIRECTION('',(0.,-0.173648177667,0.984807753012));
#9551 = ORIENTED_EDGE('',*,*,#9535,.F.);
#9552 = ORIENTED_EDGE('',*,*,#9553,.T.);
#9553 = EDGE_CURVE('',#9536,#9536,#9554,.T.);
#9554 = CIRCLE('',#9555,10.);
#9555 = AXIS2_PLACEMENT_3D('',#9556,#9557,#9558);
#9556 = CARTESIAN_POINT('',(-7.140000000001,-885.2528738519,
    359.79437974384));
#9557 = DIRECTION('',(1.,0.,0.));
#9558 = DIRECTION('',(0.,-0.173648177667,0.984807753012));
#9559 = FACE_BOUND('',#9560,.T.);
#9560 = EDGE_LOOP('',(#9561,#9562,#9568,#9569,#9570));
#9561 = ORIENTED_EDGE('',*,*,#9466,.F.);
#9562 = ORIENTED_EDGE('',*,*,#9563,.F.);
#9563 = EDGE_CURVE('',#9441,#9458,#9564,.T.);
#9564 = LINE('',#9565,#9566);
#9565 = CARTESIAN_POINT('',(-7.140000000001,-893.3592287708,
    353.93886867064));
#9566 = VECTOR('',#9567,1.);
#9567 = DIRECTION('',(1.,0.,0.));
#9568 = ORIENTED_EDGE('',*,*,#9440,.F.);
#9569 = ORIENTED_EDGE('',*,*,#9512,.F.);
#9570 = ORIENTED_EDGE('',*,*,#9571,.T.);
#9571 = EDGE_CURVE('',#9504,#9467,#9572,.T.);
#9572 = LINE('',#9573,#9574);
#9573 = CARTESIAN_POINT('',(-7.140000000001,-894.8730584872,
    362.52422361903));
#9574 = VECTOR('',#9575,1.);
#9575 = DIRECTION('',(1.,0.,0.));
#9576 = CYLINDRICAL_SURFACE('',#9577,10.);
#9577 = AXIS2_PLACEMENT_3D('',#9578,#9579,#9580);
#9578 = CARTESIAN_POINT('',(-7.140000000001,-885.2528738519,
    359.79437974384));
#9579 = DIRECTION('',(1.,0.,0.));
#9580 = DIRECTION('',(0.,-0.173648177667,0.984807753012));
#9581 = ADVANCED_FACE('',(#9582),#9586,.F.);
#9582 = FACE_BOUND('',#9583,.F.);
#9583 = EDGE_LOOP('',(#9584,#9585));
#9584 = ORIENTED_EDGE('',*,*,#9503,.T.);
#9585 = ORIENTED_EDGE('',*,*,#9571,.T.);
#9586 = PLANE('',#9587);
#9587 = AXIS2_PLACEMENT_3D('',#9588,#9589,#9590);
#9588 = CARTESIAN_POINT('',(0.359999999999,-894.116143629,
    358.23154614483));
#9589 = DIRECTION('',(-1.E-15,-0.984807753012,-0.173648177667));
#9590 = DIRECTION('',(-1.,9.848077530122E-16,1.736481776669E-16));
#9591 = ADVANCED_FACE('',(#9592),#9596,.F.);
#9592 = FACE_BOUND('',#9593,.F.);
#9593 = EDGE_LOOP('',(#9594,#9595));
#9594 = ORIENTED_EDGE('',*,*,#9563,.F.);
#9595 = ORIENTED_EDGE('',*,*,#9457,.T.);
#9596 = PLANE('',#9597);
#9597 = AXIS2_PLACEMENT_3D('',#9598,#9599,#9600);
#9598 = CARTESIAN_POINT('',(0.359999999999,-894.116143629,
    358.23154614483));
#9599 = DIRECTION('',(-1.E-15,-0.984807753012,-0.173648177667));
#9600 = DIRECTION('',(-1.,9.848077530122E-16,1.736481776669E-16));
#9601 = ADVANCED_FACE('',(#9602,#9605),#9616,.T.);
#9602 = FACE_BOUND('',#9603,.T.);
#9603 = EDGE_LOOP('',(#9604));
#9604 = ORIENTED_EDGE('',*,*,#9432,.T.);
#9605 = FACE_BOUND('',#9606,.T.);
#9606 = EDGE_LOOP('',(#9607));
#9607 = ORIENTED_EDGE('',*,*,#9608,.F.);
#9608 = EDGE_CURVE('',#9609,#9609,#9611,.T.);
#9609 = VERTEX_POINT('',#9610);
#9610 = CARTESIAN_POINT('',(-3.140000000002,-1.053654999617E+03,
    330.10054136279));
#9611 = CIRCLE('',#9612,3.5);
#9612 = AXIS2_PLACEMENT_3D('',#9613,#9614,#9615);
#9613 = CARTESIAN_POINT('',(0.359999999998,-1.053654999617E+03,
    330.10054136279));
#9614 = DIRECTION('',(-1.E-15,-0.984807753012,-0.173648177667));
#9615 = DIRECTION('',(-1.,9.848077530122E-16,1.736481776669E-16));
#9616 = PLANE('',#9617);
#9617 = AXIS2_PLACEMENT_3D('',#9618,#9619,#9620);
#9618 = CARTESIAN_POINT('',(0.359999999998,-1.053654999617E+03,
    330.10054136279));
#9619 = DIRECTION('',(-1.E-15,-0.984807753012,-0.173648177667));
#9620 = DIRECTION('',(-1.,9.848077530122E-16,1.736481776669E-16));
#9621 = ADVANCED_FACE('',(#9622,#9625),#9636,.F.);
#9622 = FACE_BOUND('',#9623,.F.);
#9623 = EDGE_LOOP('',(#9624));
#9624 = ORIENTED_EDGE('',*,*,#9553,.T.);
#9625 = FACE_BOUND('',#9626,.F.);
#9626 = EDGE_LOOP('',(#9627));
#9627 = ORIENTED_EDGE('',*,*,#9628,.F.);
#9628 = EDGE_CURVE('',#9629,#9629,#9631,.T.);
#9629 = VERTEX_POINT('',#9630);
#9630 = CARTESIAN_POINT('',(-7.140000000002,-885.9474665626,
    363.73361075588));
#9631 = CIRCLE('',#9632,4.);
#9632 = AXIS2_PLACEMENT_3D('',#9633,#9634,#9635);
#9633 = CARTESIAN_POINT('',(-7.140000000001,-885.2528738519,
    359.79437974384));
#9634 = DIRECTION('',(1.,0.,0.));
#9635 = DIRECTION('',(0.,-0.173648177667,0.984807753012));
#9636 = PLANE('',#9637);
#9637 = AXIS2_PLACEMENT_3D('',#9638,#9639,#9640);
#9638 = CARTESIAN_POINT('',(-7.140000000001,-885.2528738519,
    359.79437974384));
#9639 = DIRECTION('',(1.,0.,0.));
#9640 = DIRECTION('',(0.,-0.173648177667,0.984807753012));
#9641 = ADVANCED_FACE('',(#9642,#9645),#9656,.T.);
#9642 = FACE_BOUND('',#9643,.T.);
#9643 = EDGE_LOOP('',(#9644));
#9644 = ORIENTED_EDGE('',*,*,#9545,.T.);
#9645 = FACE_BOUND('',#9646,.T.);
#9646 = EDGE_LOOP('',(#9647));
#9647 = ORIENTED_EDGE('',*,*,#9648,.F.);
#9648 = EDGE_CURVE('',#9649,#9649,#9651,.T.);
#9649 = VERTEX_POINT('',#9650);
#9650 = CARTESIAN_POINT('',(7.859999999998,-885.9474665626,
    363.73361075588));
#9651 = CIRCLE('',#9652,4.);
#9652 = AXIS2_PLACEMENT_3D('',#9653,#9654,#9655);
#9653 = CARTESIAN_POINT('',(7.859999999999,-885.2528738519,
    359.79437974384));
#9654 = DIRECTION('',(1.,0.,0.));
#9655 = DIRECTION('',(0.,-0.173648177667,0.984807753012));
#9656 = PLANE('',#9657);
#9657 = AXIS2_PLACEMENT_3D('',#9658,#9659,#9660);
#9658 = CARTESIAN_POINT('',(7.859999999999,-885.2528738519,
    359.79437974384));
#9659 = DIRECTION('',(1.,0.,0.));
#9660 = DIRECTION('',(0.,-0.173648177667,0.984807753012));
#9661 = ADVANCED_FACE('',(#9662),#9809,.F.);
#9662 = FACE_BOUND('',#9663,.F.);
#9663 = EDGE_LOOP('',(#9664,#9672,#9673,#9674));
#9664 = ORIENTED_EDGE('',*,*,#9665,.T.);
#9665 = EDGE_CURVE('',#9666,#9609,#9668,.T.);
#9666 = VERTEX_POINT('',#9667);
#9667 = CARTESIAN_POINT('',(-3.140000000002,-895.100951382,
    358.05789796717));
#9668 = LINE('',#9669,#9670);
#9669 = CARTESIAN_POINT('',(-3.140000000001,-894.116143629,
    358.23154614483));
#9670 = VECTOR('',#9671,1.);
#9671 = DIRECTION('',(-1.E-15,-0.984807753012,-0.173648177667));
#9672 = ORIENTED_EDGE('',*,*,#9608,.F.);
#9673 = ORIENTED_EDGE('',*,*,#9665,.F.);
#9674 = ORIENTED_EDGE('',*,*,#9675,.T.);
#9675 = EDGE_CURVE('',#9666,#9666,#9676,.T.);
#9676 = B_SPLINE_CURVE_WITH_KNOTS('',6,(#9677,#9678,#9679,#9680,#9681,
    #9682,#9683,#9684,#9685,#9686,#9687,#9688,#9689,#9690,#9691,#9692,
    #9693,#9694,#9695,#9696,#9697,#9698,#9699,#9700,#9701,#9702,#9703,
    #9704,#9705,#9706,#9707,#9708,#9709,#9710,#9711,#9712,#9713,#9714,
    #9715,#9716,#9717,#9718,#9719,#9720,#9721,#9722,#9723,#9724,#9725,
    #9726,#9727,#9728,#9729,#9730,#9731,#9732,#9733,#9734,#9735,#9736,
    #9737,#9738,#9739,#9740,#9741,#9742,#9743,#9744,#9745,#9746,#9747,
    #9748,#9749,#9750,#9751,#9752,#9753,#9754,#9755,#9756,#9757,#9758,
    #9759,#9760,#9761,#9762,#9763,#9764,#9765,#9766,#9767,#9768,#9769,
    #9770,#9771,#9772,#9773,#9774,#9775,#9776,#9777,#9778,#9779,#9780,
    #9781,#9782,#9783,#9784,#9785,#9786,#9787,#9788,#9789,#9790,#9791,
    #9792,#9793,#9794,#9795,#9796,#9797,#9798,#9799,#9800,#9801,#9802,
    #9803,#9804,#9805,#9806,#9807,#9808),.UNSPECIFIED.,.T.,.F.,(7,5,5,5,
    5,5,5,5,5,5,5,5,5,5,5,5,5,5,5,5,5,5,5,5,5,5,7),(0.,
    4.189936623363E-02,6.776443385695E-02,0.101382567774,0.129137813334,
    0.153083641105,0.173506673096,0.190452965582,0.249187386775,
    0.325728115164,0.369961394772,0.39840585919,0.432464508491,
    0.471645901775,0.527224944835,0.567717753025,0.601986301897,
    0.629116633326,0.672605275077,0.749971521159,0.826648444801,
    0.847280179852,0.870638730063,0.898411333693,0.932467587623,
    0.958694807973,1.),.UNSPECIFIED.);
#9677 = CARTESIAN_POINT('',(-3.140000000001,-895.100951382,
    358.05789796717));
#9678 = CARTESIAN_POINT('',(-3.140000000001,-895.0685862228,
    357.87434602812));
#9679 = CARTESIAN_POINT('',(-3.128089518694,-895.0321810733,
    357.69188844325));
#9680 = CARTESIAN_POINT('',(-3.104358897324,-894.9920581524,
    357.51217135014));
#9681 = CARTESIAN_POINT('',(-3.069307856407,-894.9487700181,
    357.33678092978));
#9682 = CARTESIAN_POINT('',(-3.023839466298,-894.9030799622,
    357.16718403757));
#9683 = CARTESIAN_POINT('',(-2.935596457345,-894.8267312137,
    356.90436807603));
#9684 = CARTESIAN_POINT('',(-2.898411064901,-894.7969780171,
    356.80664234109));
#9685 = CARTESIAN_POINT('',(-2.857947968336,-894.7667580027,
    356.71161341945));
#9686 = CARTESIAN_POINT('',(-2.814438340207,-894.7362182853,
    356.61937352858));
#9687 = CARTESIAN_POINT('',(-2.768119225071,-894.7055052524,
    356.5299996129));
#9688 = CARTESIAN_POINT('',(-2.655696265398,-894.6348022427,
    356.33119613822));
#9689 = CARTESIAN_POINT('',(-2.587812234258,-894.5947837313,
    356.22376455743));
#9690 = CARTESIAN_POINT('',(-2.516016102646,-894.5549576152,
    356.12122644934));
#9691 = CARTESIAN_POINT('',(-2.440704499938,-894.5155549901,
    356.02353105664));
#9692 = CARTESIAN_POINT('',(-2.362237732819,-894.4767839481,
    355.93061123186));
#9693 = CARTESIAN_POINT('',(-2.213821512076,-894.4074898871,
    355.76954522386));
#9694 = CARTESIAN_POINT('',(-2.144759595123,-894.3767014238,
    355.69989008376));
#9695 = CARTESIAN_POINT('',(-2.073920112428,-894.3465575183,
    355.63335892389));
#9696 = CARTESIAN_POINT('',(-2.001450953427,-894.3171447438,
    355.56989163122));
#9697 = CARTESIAN_POINT('',(-1.927482689079,-894.2885404876,
    355.50942869064));
#9698 = CARTESIAN_POINT('',(-1.787116835298,-894.2368910293,
    355.40228797823));
#9699 = CARTESIAN_POINT('',(-1.72107501505,-894.2136222974,
    355.35485822227));
#9700 = CARTESIAN_POINT('',(-1.654076682917,-894.1910510632,
    355.30958524465));
#9701 = CARTESIAN_POINT('',(-1.586189953351,-894.1692183001,
    355.26643519857));
#9702 = CARTESIAN_POINT('',(-1.517477483461,-894.148161648,
    355.22537706273));
#9703 = CARTESIAN_POINT('',(-1.388737176876,-894.1106477066,
    355.15312489297));
#9704 = CARTESIAN_POINT('',(-1.328919307733,-894.0939696375,
    355.12136844262));
#9705 = CARTESIAN_POINT('',(-1.268578680398,-894.0779026208,
    355.09109595233));
#9706 = CARTESIAN_POINT('',(-1.207749521832,-894.0624666247,
    355.0622916832));
#9707 = CARTESIAN_POINT('',(-1.14646447114,-894.0476801708,
    355.03494149545));
#9708 = CARTESIAN_POINT('',(-1.033549945894,-894.0218442039,
    354.98753479115));
#9709 = CARTESIAN_POINT('',(-0.98205293311,-894.0105870616,
    354.96702924455));
#9710 = CARTESIAN_POINT('',(-0.93028138143,-893.9997986854,
    354.94750905408));
#9711 = CARTESIAN_POINT('',(-0.878252717719,-893.9894881886,
    354.92896774189));
#9712 = CARTESIAN_POINT('',(-0.825983955491,-893.9796640192,
    354.91139950686));
#9713 = CARTESIAN_POINT('',(-0.591557944846,-893.9379967609,
    354.83726404542));
#9714 = CARTESIAN_POINT('',(-0.406905002843,-893.9115889166,
    354.7913453635));
#9715 = CARTESIAN_POINT('',(-0.220270901119,-893.891446672,
    354.75685162533));
#9716 = CARTESIAN_POINT('',(-3.232320085882E-02,-893.8777936942,
    354.73365114041));
#9717 = CARTESIAN_POINT('',(0.156308804861,-893.8707442367,
    354.72167723186));
#9718 = CARTESIAN_POINT('',(0.590900387597,-893.8697356046,
    354.71996403366));
#9719 = CARTESIAN_POINT('',(0.836765334354,-893.8803933427,
    354.7380665647));
#9720 = CARTESIAN_POINT('',(1.081251233278,-893.9022725568,354.775208659
    ));
#9721 = CARTESIAN_POINT('',(1.322998640486,-893.935072426,
    354.83157807787));
#9722 = CARTESIAN_POINT('',(1.560505078804,-893.9781804498,
    354.90755843849));
#9723 = CARTESIAN_POINT('',(1.92577571713,-894.0609797268,
    355.05926857088));
#9724 = CARTESIAN_POINT('',(2.057558348189,-894.094435378,
    355.12157173412));
#9725 = CARTESIAN_POINT('',(2.187065484811,-894.1308563313,
    355.19075309056));
#9726 = CARTESIAN_POINT('',(2.313956728931,-894.1700425265,
    355.26697709753));
#9727 = CARTESIAN_POINT('',(2.437828485571,-894.2117550563,
    355.35043503347));
#9728 = CARTESIAN_POINT('',(2.635626628556,-894.283978974,
    355.49980677858));
#9729 = CARTESIAN_POINT('',(2.711601348218,-894.3131751451,
    355.56135199621));
#9730 = CARTESIAN_POINT('',(2.786015903804,-894.3432275375,355.626044012
    ));
#9731 = CARTESIAN_POINT('',(2.858730865657,-894.3740536497,
    355.69394652366));
#9732 = CARTESIAN_POINT('',(2.92958833172,-894.4055611299,
    355.76512444647));
#9733 = CARTESIAN_POINT('',(3.080819260199,-894.4760664858,
    355.92887133991));
#9734 = CARTESIAN_POINT('',(3.16033081871,-894.5153247285,
    356.02291133808));
#9735 = CARTESIAN_POINT('',(3.236609440878,-894.5552326474,
    356.12184897302));
#9736 = CARTESIAN_POINT('',(3.30928086531,-894.5955740639,
    356.22575386391));
#9737 = CARTESIAN_POINT('',(3.377932684384,-894.6361086237,
    356.33467837366));
#9738 = CARTESIAN_POINT('',(3.515947498936,-894.7231266024,
    356.57977671715));
#9739 = CARTESIAN_POINT('',(3.583970719966,-894.7696551761,
    356.71777468398));
#9740 = CARTESIAN_POINT('',(3.645227396884,-894.8156119888,
    356.86231724601));
#9741 = CARTESIAN_POINT('',(3.698851174356,-894.8604391555,
    357.0129852953));
#9742 = CARTESIAN_POINT('',(3.744057002803,-894.9035989358,
    357.16926954162));
#9743 = CARTESIAN_POINT('',(3.831307348176,-895.0027690517,
    357.55936814971));
#9744 = CARTESIAN_POINT('',(3.864087164051,-895.0565701356,
    357.79814666944));
#9745 = CARTESIAN_POINT('',(3.875970787462,-895.1040472489,
    358.0428992322));
#9746 = CARTESIAN_POINT('',(3.866124260543,-895.1438849842,
    358.28917643507));
#9747 = CARTESIAN_POINT('',(3.835289455885,-895.1757451804,
    358.53234663131));
#9748 = CARTESIAN_POINT('',(3.749882618572,-895.2177698805,
    358.93961264748));
#9749 = CARTESIAN_POINT('',(3.704049773746,-895.2314639703,
    359.1071390531));
#9750 = CARTESIAN_POINT('',(3.649156204293,-895.2414068647,359.26970836)
  );
#9751 = CARTESIAN_POINT('',(3.58606439488,-895.2479599032,
    359.42657323551));
#9752 = CARTESIAN_POINT('',(3.515734565562,-895.2515434482,
    359.57707469924));
#9753 = CARTESIAN_POINT('',(3.374493234079,-895.25349793,359.84215718517
    ));
#9754 = CARTESIAN_POINT('',(3.305240883068,-895.2525866938,
    359.95887710721));
#9755 = CARTESIAN_POINT('',(3.231935919419,-895.25013047,360.07075310338
    ));
#9756 = CARTESIAN_POINT('',(3.15499667288,-895.2463770539,
    360.17775340381));
#9757 = CARTESIAN_POINT('',(3.074802165497,-895.2415568677,
    360.27987104098));
#9758 = CARTESIAN_POINT('',(2.925895794868,-895.2313854967,
    360.45411731617));
#9759 = CARTESIAN_POINT('',(2.858258374914,-895.2263532311,
    360.5280772909));
#9760 = CARTESIAN_POINT('',(2.788933644,-895.2208858406,360.59902603962)
  );
#9761 = CARTESIAN_POINT('',(2.718058744931,-895.2150780007,
    360.66698882726));
#9762 = CARTESIAN_POINT('',(2.645755132174,-895.2090163461,
    360.73199315951));
#9763 = CARTESIAN_POINT('',(2.45410866807,-895.1927820539,
    360.89357307956));
#9764 = CARTESIAN_POINT('',(2.332683769215,-895.1823340802,
    360.98555720858));
#9765 = CARTESIAN_POINT('',(2.20830272863,-895.1717611716,
    361.07012613647));
#9766 = CARTESIAN_POINT('',(2.081352998909,-895.1613421183,
    361.14737443326));
#9767 = CARTESIAN_POINT('',(1.95216168612,-895.1513127497,
    361.21738581818));
#9768 = CARTESIAN_POINT('',(1.587654066521,-895.1250708191,
    361.3920372487));
#9769 = CARTESIAN_POINT('',(1.348020880999,-895.1101248286,
    361.48118725368));
#9770 = CARTESIAN_POINT('',(1.103946094761,-895.0981655925,
    361.54789603149));
#9771 = CARTESIAN_POINT('',(0.856986201158,-895.089941683,
    361.59232620624));
#9772 = CARTESIAN_POINT('',(0.608542757006,-895.0858261433,
    361.61455809645));
#9773 = CARTESIAN_POINT('',(0.11367172422,-895.0858261433,
    361.61455809645));
#9774 = CARTESIAN_POINT('',(-0.132561418577,-895.0898686603,
    361.592720609));
#9775 = CARTESIAN_POINT('',(-0.377350203079,-895.0979469133,
    361.54907753237));
#9776 = CARTESIAN_POINT('',(-0.619328694438,-895.1097007997,
    361.48355188259));
#9777 = CARTESIAN_POINT('',(-0.856983092479,-895.1244078826,
    361.39598770564));
#9778 = CARTESIAN_POINT('',(-1.150821197592,-895.1454319852,
    361.25663363341));
#9779 = CARTESIAN_POINT('',(-1.212687193972,-895.1500247837,
    361.22547285293));
#9780 = CARTESIAN_POINT('',(-1.274086552332,-895.1547317727,
    361.19269149381));
#9781 = CARTESIAN_POINT('',(-1.334985592599,-895.1595299641,
    361.15828235259));
#9782 = CARTESIAN_POINT('',(-1.395348967336,-895.164394384,
    361.12223717679));
#9783 = CARTESIAN_POINT('',(-1.522832656739,-895.1748498614,
    361.04187474638));
#9784 = CARTESIAN_POINT('',(-1.589790998178,-895.1804518862,
    360.99709403848));
#9785 = CARTESIAN_POINT('',(-1.655961403947,-895.1860651168,
    360.95019077138));
#9786 = CARTESIAN_POINT('',(-1.721285644466,-895.1916468135,
    360.90114980895));
#9787 = CARTESIAN_POINT('',(-1.785700542698,-895.1971505263,
    360.84995464865));
#9788 = CARTESIAN_POINT('',(-1.924563144921,-895.2089174835,
    360.73313541656));
#9789 = CARTESIAN_POINT('',(-1.998604602692,-895.2151274359,
    360.66661445992));
#9790 = CARTESIAN_POINT('',(-2.071149236627,-895.221071791,
    360.59699252518));
#9791 = CARTESIAN_POINT('',(-2.142066651901,-895.2266575472,
    360.52424010485));
#9792 = CARTESIAN_POINT('',(-2.211209169695,-895.2317828628,
    360.44833021032));
#9793 = CARTESIAN_POINT('',(-2.360819324852,-895.2419216528,
    360.27225172394));
#9794 = CARTESIAN_POINT('',(-2.440330909873,-895.2466487607,
    360.1704558774));
#9795 = CARTESIAN_POINT('',(-2.516609547056,-895.2503112734,
    360.06383556868));
#9796 = CARTESIAN_POINT('',(-2.589280972972,-895.252682237,
    359.95239931277));
#9797 = CARTESIAN_POINT('',(-2.657932762868,-895.2535178834,
    359.8361801421));
#9798 = CARTESIAN_POINT('',(-2.771539845128,-895.2518234937,
    359.62209575444));
#9799 = CARTESIAN_POINT('',(-2.818321999938,-895.2500229124,
    359.52613886972));
#9800 = CARTESIAN_POINT('',(-2.862204434082,-895.2470414464,
    359.42747995312));
#9801 = CARTESIAN_POINT('',(-2.902939375707,-895.2427633382,
    359.32624927421));
#9802 = CARTESIAN_POINT('',(-2.940285802933,-895.2370779102,
    359.2225925623));
#9803 = CARTESIAN_POINT('',(-3.027118399151,-895.2185515688,
    358.94985396929));
#9804 = CARTESIAN_POINT('',(-3.071329199072,-895.2034571227,
    358.77713986727));
#9805 = CARTESIAN_POINT('',(-3.105386379106,-895.1842365562,
    358.59999823077));
#9806 = CARTESIAN_POINT('',(-3.128434235794,-895.1606902051,
    358.42000515945));
#9807 = CARTESIAN_POINT('',(-3.140000000001,-895.1328447441,
    358.23877421192));
#9808 = CARTESIAN_POINT('',(-3.140000000001,-895.100951382,
    358.05789796717));
#9809 = CYLINDRICAL_SURFACE('',#9810,3.5);
#9810 = AXIS2_PLACEMENT_3D('',#9811,#9812,#9813);
#9811 = CARTESIAN_POINT('',(0.359999999999,-894.116143629,
    358.23154614483));
#9812 = DIRECTION('',(-1.E-15,-0.984807753012,-0.173648177667));
#9813 = DIRECTION('',(-1.,9.848077530122E-16,1.736481776669E-16));
#9814 = ADVANCED_FACE('',(#9815),#9826,.F.);
#9815 = FACE_BOUND('',#9816,.F.);
#9816 = EDGE_LOOP('',(#9817,#9818,#9824,#9825));
#9817 = ORIENTED_EDGE('',*,*,#9648,.F.);
#9818 = ORIENTED_EDGE('',*,*,#9819,.F.);
#9819 = EDGE_CURVE('',#9629,#9649,#9820,.T.);
#9820 = LINE('',#9821,#9822);
#9821 = CARTESIAN_POINT('',(-7.140000000001,-885.9474665626,
    363.73361075589));
#9822 = VECTOR('',#9823,1.);
#9823 = DIRECTION('',(1.,0.,0.));
#9824 = ORIENTED_EDGE('',*,*,#9628,.T.);
#9825 = ORIENTED_EDGE('',*,*,#9819,.T.);
#9826 = CYLINDRICAL_SURFACE('',#9827,4.);
#9827 = AXIS2_PLACEMENT_3D('',#9828,#9829,#9830);
#9828 = CARTESIAN_POINT('',(-7.140000000001,-885.2528738519,
    359.79437974384));
#9829 = DIRECTION('',(1.,0.,0.));
#9830 = DIRECTION('',(0.,-0.173648177667,0.984807753012));
#9831 = ADVANCED_FACE('',(#9832),#9835,.T.);
#9832 = FACE_BOUND('',#9833,.T.);
#9833 = EDGE_LOOP('',(#9834));
#9834 = ORIENTED_EDGE('',*,*,#9675,.T.);
#9835 = CYLINDRICAL_SURFACE('',#9836,10.);
#9836 = AXIS2_PLACEMENT_3D('',#9837,#9838,#9839);
#9837 = CARTESIAN_POINT('',(-7.140000000001,-885.2528738519,
    359.79437974384));
#9838 = DIRECTION('',(1.,0.,0.));
#9839 = DIRECTION('',(0.,-0.173648177667,0.984807753012));
#9840 = ( GEOMETRIC_REPRESENTATION_CONTEXT(3) 
GLOBAL_UNCERTAINTY_ASSIGNED_CONTEXT((#9844)) 
GLOBAL_UNIT_ASSIGNED_CONTEXT((#9841,#9842,#9843)) REPRESENTATION_CONTEXT
('Context #1','3D Context with UNIT and UNCERTAINTY') );
#9841 = ( LENGTH_UNIT() NAMED_UNIT(*) SI_UNIT(.MILLI.,.METRE.) );
#9842 = ( NAMED_UNIT(*) PLANE_ANGLE_UNIT() SI_UNIT($,.RADIAN.) );
#9843 = ( NAMED_UNIT(*) SI_UNIT($,.STERADIAN.) SOLID_ANGLE_UNIT() );
#9844 = UNCERTAINTY_MEASURE_WITH_UNIT(LENGTH_MEASURE(1.E-07),#9841,
  'distance_accuracy_value','confusion accuracy');
#9845 = CONTEXT_DEPENDENT_SHAPE_REPRESENTATION(#9846,#9848);
#9846 = ( REPRESENTATION_RELATIONSHIP('','',#9415,#10) 
REPRESENTATION_RELATIONSHIP_WITH_TRANSFORMATION(#9847) 
SHAPE_REPRESENTATION_RELATIONSHIP() );
#9847 = ITEM_DEFINED_TRANSFORMATION('','',#11,#63);
#9848 = PRODUCT_DEFINITION_SHAPE('Placement','Placement of an item',
  #9849);
#9849 = NEXT_ASSEMBLY_USAGE_OCCURRENCE('13','BucketCylinderOuter001','',
  #5,#9410,$);
#9850 = PRODUCT_RELATED_PRODUCT_CATEGORY('part',$,(#9412));
#9851 = MECHANICAL_DESIGN_GEOMETRIC_PRESENTATION_REPRESENTATION('',(
    #9852),#3438);
#9852 = STYLED_ITEM('color',(#9853),#2642);
#9853 = PRESENTATION_STYLE_ASSIGNMENT((#9854,#9860));
#9854 = SURFACE_STYLE_USAGE(.BOTH.,#9855);
#9855 = SURFACE_SIDE_STYLE('',(#9856));
#9856 = SURFACE_STYLE_FILL_AREA(#9857);
#9857 = FILL_AREA_STYLE('',(#9858));
#9858 = FILL_AREA_STYLE_COLOUR('',#9859);
#9859 = COLOUR_RGB('',0.541176494856,0.890196087049,0.631372563332);
#9860 = CURVE_STYLE('',#9861,POSITIVE_LENGTH_MEASURE(0.1),#9862);
#9861 = DRAUGHTING_PRE_DEFINED_CURVE_FONT('continuous');
#9862 = COLOUR_RGB('',9.803921802644E-02,9.803921802644E-02,
  9.803921802644E-02);
#9863 = MECHANICAL_DESIGN_GEOMETRIC_PRESENTATION_REPRESENTATION('',(
    #9864),#9840);
#9864 = STYLED_ITEM('color',(#9865),#9416);
#9865 = PRESENTATION_STYLE_ASSIGNMENT((#9866,#9872));
#9866 = SURFACE_STYLE_USAGE(.BOTH.,#9867);
#9867 = SURFACE_SIDE_STYLE('',(#9868));
#9868 = SURFACE_STYLE_FILL_AREA(#9869);
#9869 = FILL_AREA_STYLE('',(#9870));
#9870 = FILL_AREA_STYLE_COLOUR('',#9871);
#9871 = COLOUR_RGB('',0.800000010877,0.800000010877,0.800000010877);
#9872 = CURVE_STYLE('',#9873,POSITIVE_LENGTH_MEASURE(0.1),#9862);
#9873 = DRAUGHTING_PRE_DEFINED_CURVE_FONT('continuous');
#9874 = MECHANICAL_DESIGN_GEOMETRIC_PRESENTATION_REPRESENTATION('',(
    #9875),#7733);
#9875 = STYLED_ITEM('color',(#9876),#7069);
#9876 = PRESENTATION_STYLE_ASSIGNMENT((#9877,#9882));
#9877 = SURFACE_STYLE_USAGE(.BOTH.,#9878);
#9878 = SURFACE_SIDE_STYLE('',(#9879));
#9879 = SURFACE_STYLE_FILL_AREA(#9880);
#9880 = FILL_AREA_STYLE('',(#9881));
#9881 = FILL_AREA_STYLE_COLOUR('',#9871);
#9882 = CURVE_STYLE('',#9883,POSITIVE_LENGTH_MEASURE(0.1),#9862);
#9883 = DRAUGHTING_PRE_DEFINED_CURVE_FONT('continuous');
#9884 = MECHANICAL_DESIGN_GEOMETRIC_PRESENTATION_REPRESENTATION('',(
    #9885),#6330);
#9885 = STYLED_ITEM('color',(#9886),#3457);
#9886 = PRESENTATION_STYLE_ASSIGNMENT((#9887,#9893));
#9887 = SURFACE_STYLE_USAGE(.BOTH.,#9888);
#9888 = SURFACE_SIDE_STYLE('',(#9889));
#9889 = SURFACE_STYLE_FILL_AREA(#9890);
#9890 = FILL_AREA_STYLE('',(#9891));
#9891 = FILL_AREA_STYLE_COLOUR('',#9892);
#9892 = COLOUR_RGB('',0.301960791261,0.301960791261,0.301960791261);
#9893 = CURVE_STYLE('',#9894,POSITIVE_LENGTH_MEASURE(0.1),#9862);
#9894 = DRAUGHTING_PRE_DEFINED_CURVE_FONT('continuous');
#9895 = MECHANICAL_DESIGN_GEOMETRIC_PRESENTATION_REPRESENTATION('',(
    #9896),#1573);
#9896 = STYLED_ITEM('color',(#9897),#153);
#9897 = PRESENTATION_STYLE_ASSIGNMENT((#9898,#9904));
#9898 = SURFACE_STYLE_USAGE(.BOTH.,#9899);
#9899 = SURFACE_SIDE_STYLE('',(#9900));
#9900 = SURFACE_STYLE_FILL_AREA(#9901);
#9901 = FILL_AREA_STYLE('',(#9902));
#9902 = FILL_AREA_STYLE_COLOUR('',#9903);
#9903 = COLOUR_RGB('',7.450980588415E-02,0.615686309239,
  7.450980588415E-02);
#9904 = CURVE_STYLE('',#9905,POSITIVE_LENGTH_MEASURE(0.1),#9862);
#9905 = DRAUGHTING_PRE_DEFINED_CURVE_FONT('continuous');
#9906 = MECHANICAL_DESIGN_GEOMETRIC_PRESENTATION_REPRESENTATION('',(
    #9907),#8157);
#9907 = STYLED_ITEM('color',(#9908),#7752);
#9908 = PRESENTATION_STYLE_ASSIGNMENT((#9909,#9914));
#9909 = SURFACE_STYLE_USAGE(.BOTH.,#9910);
#9910 = SURFACE_SIDE_STYLE('',(#9911));
#9911 = SURFACE_STYLE_FILL_AREA(#9912);
#9912 = FILL_AREA_STYLE('',(#9913));
#9913 = FILL_AREA_STYLE_COLOUR('',#9871);
#9914 = CURVE_STYLE('',#9915,POSITIVE_LENGTH_MEASURE(0.1),#9862);
#9915 = DRAUGHTING_PRE_DEFINED_CURVE_FONT('continuous');
#9916 = MECHANICAL_DESIGN_GEOMETRIC_PRESENTATION_REPRESENTATION('',(
    #9917),#8431);
#9917 = STYLED_ITEM('color',(#9918),#8176);
#9918 = PRESENTATION_STYLE_ASSIGNMENT((#9919,#9924));
#9919 = SURFACE_STYLE_USAGE(.BOTH.,#9920);
#9920 = SURFACE_SIDE_STYLE('',(#9921));
#9921 = SURFACE_STYLE_FILL_AREA(#9922);
#9922 = FILL_AREA_STYLE('',(#9923));
#9923 = FILL_AREA_STYLE_COLOUR('',#9871);
#9924 = CURVE_STYLE('',#9925,POSITIVE_LENGTH_MEASURE(0.1),#9862);
#9925 = DRAUGHTING_PRE_DEFINED_CURVE_FONT('continuous');
#9926 = MECHANICAL_DESIGN_GEOMETRIC_PRESENTATION_REPRESENTATION('',(
    #9927),#7050);
#9927 = STYLED_ITEM('color',(#9928),#6349);
#9928 = PRESENTATION_STYLE_ASSIGNMENT((#9929,#9934));
#9929 = SURFACE_STYLE_USAGE(.BOTH.,#9930);
#9930 = SURFACE_SIDE_STYLE('',(#9931));
#9931 = SURFACE_STYLE_FILL_AREA(#9932);
#9932 = FILL_AREA_STYLE('',(#9933));
#9933 = FILL_AREA_STYLE_COLOUR('',#9871);
#9934 = CURVE_STYLE('',#9935,POSITIVE_LENGTH_MEASURE(0.1),#9862);
#9935 = DRAUGHTING_PRE_DEFINED_CURVE_FONT('continuous');
#9936 = MECHANICAL_DESIGN_GEOMETRIC_PRESENTATION_REPRESENTATION('',(
    #9937),#134);
#9937 = STYLED_ITEM('color',(#9938),#81);
#9938 = PRESENTATION_STYLE_ASSIGNMENT((#9939,#9944));
#9939 = SURFACE_STYLE_USAGE(.BOTH.,#9940);
#9940 = SURFACE_SIDE_STYLE('',(#9941));
#9941 = SURFACE_STYLE_FILL_AREA(#9942);
#9942 = FILL_AREA_STYLE('',(#9943));
#9943 = FILL_AREA_STYLE_COLOUR('',#9871);
#9944 = CURVE_STYLE('',#9945,POSITIVE_LENGTH_MEASURE(0.1),#9862);
#9945 = DRAUGHTING_PRE_DEFINED_CURVE_FONT('continuous');
#9946 = MECHANICAL_DESIGN_GEOMETRIC_PRESENTATION_REPRESENTATION('',(
    #9947),#9129);
#9947 = STYLED_ITEM('color',(#9948),#8724);
#9948 = PRESENTATION_STYLE_ASSIGNMENT((#9949,#9954));
#9949 = SURFACE_STYLE_USAGE(.BOTH.,#9950);
#9950 = SURFACE_SIDE_STYLE('',(#9951));
#9951 = SURFACE_STYLE_FILL_AREA(#9952);
#9952 = FILL_AREA_STYLE('',(#9953));
#9953 = FILL_AREA_STYLE_COLOUR('',#9871);
#9954 = CURVE_STYLE('',#9955,POSITIVE_LENGTH_MEASURE(0.1),#9862);
#9955 = DRAUGHTING_PRE_DEFINED_CURVE_FONT('continuous');
#9956 = MECHANICAL_DESIGN_GEOMETRIC_PRESENTATION_REPRESENTATION('',(
    #9957),#8705);
#9957 = STYLED_ITEM('color',(#9958),#8450);
#9958 = PRESENTATION_STYLE_ASSIGNMENT((#9959,#9964));
#9959 = SURFACE_STYLE_USAGE(.BOTH.,#9960);
#9960 = SURFACE_SIDE_STYLE('',(#9961));
#9961 = SURFACE_STYLE_FILL_AREA(#9962);
#9962 = FILL_AREA_STYLE('',(#9963));
#9963 = FILL_AREA_STYLE_COLOUR('',#9871);
#9964 = CURVE_STYLE('',#9965,POSITIVE_LENGTH_MEASURE(0.1),#9862);
#9965 = DRAUGHTING_PRE_DEFINED_CURVE_FONT('continuous');
#9966 = MECHANICAL_DESIGN_GEOMETRIC_PRESENTATION_REPRESENTATION('',(
    #9967),#2623);
#9967 = STYLED_ITEM('color',(#9968),#1592);
#9968 = PRESENTATION_STYLE_ASSIGNMENT((#9969,#9974));
#9969 = SURFACE_STYLE_USAGE(.BOTH.,#9970);
#9970 = SURFACE_SIDE_STYLE('',(#9971));
#9971 = SURFACE_STYLE_FILL_AREA(#9972);
#9972 = FILL_AREA_STYLE('',(#9973));
#9973 = FILL_AREA_STYLE_COLOUR('',#9859);
#9974 = CURVE_STYLE('',#9975,POSITIVE_LENGTH_MEASURE(0.1),#9862);
#9975 = DRAUGHTING_PRE_DEFINED_CURVE_FONT('continuous');
#9976 = MECHANICAL_DESIGN_GEOMETRIC_PRESENTATION_REPRESENTATION('',(
    #9977),#9397);
#9977 = STYLED_ITEM('color',(#9978),#9148);
#9978 = PRESENTATION_STYLE_ASSIGNMENT((#9979,#9984));
#9979 = SURFACE_STYLE_USAGE(.BOTH.,#9980);
#9980 = SURFACE_SIDE_STYLE('',(#9981));
#9981 = SURFACE_STYLE_FILL_AREA(#9982);
#9982 = FILL_AREA_STYLE('',(#9983));
#9983 = FILL_AREA_STYLE_COLOUR('',#9871);
#9984 = CURVE_STYLE('',#9985,POSITIVE_LENGTH_MEASURE(0.1),#9862);
#9985 = DRAUGHTING_PRE_DEFINED_CURVE_FONT('continuous');
ENDSEC;
END-ISO-10303-21;
